n_neurons,sparsity,setting,start,origin,first_step_m,arrived,arrival_time_s,left_goal,hold_error_m,hold_observed_s,success,final_distance_m,training_path_distance_deg,offset_retained,taught_joint_error_deg,taught_tip_error_m,taught_path_distance_m,taught_path_rmse_m,onset_delay_s,taught_arrival_delay_s,jitter_deg,taught_jitter_deg,speed_peaks,taught_speed_peaks,tracking_error_deg,reference_path_rmse_m,peak_reference_speed_dps,peak_hand_speed_mps,settling_time_s,peak_torque_nm,effort_n2m2s,peak_external_force_n,reference_lead,detour_m,failed
200,0.02,computed_torque_w20_z0.1,0,demo_00_filtered,0.00011648570469302002,True,10.040000000000001,False,0.0020129115800711253,2.0,True,0.002366418346338777,0.17156709133380982,nan,3.6236144494201326,0.03591859550344389,0.005111781504160824,0.0019380258836935117,-0.030000000000000027,0.46000000000000085,0.001762790487314918,0.013436599490544855,6.0,189.0,0.08902590619553181,0.001940495180927934,26.936056022395125,0.21238147803903884,10.040000000000001,0.9640467294025628,0.01860965909877747,0.0,nan,0.005097063125154388,False
200,0.02,pd_w20_z0.1,0,demo_00_filtered,2.303709061458704e-05,True,10.040000000000001,False,0.0019862812002579217,2.0,True,0.0023664173628910328,0.17124607460695743,nan,3.771349482122704,0.03754158192112904,0.005016440554621928,0.0018716382378801803,-0.030000000000000027,0.46000000000000085,0.0022477682311307363,0.013436599490544855,6.0,189.0,0.09116655673673561,0.0018776895142192636,27.02884422320194,0.21430270119177025,10.040000000000001,0.15777816570449538,0.008342222456950115,0.0,nan,0.004981807568917277,False
200,0.05,computed_torque_w20_z0.1,0,demo_00_filtered,7.883853301485975e-05,True,10.03,False,0.0022748246010568787,2.0000000000000018,True,0.002539064625515207,0.12312160211924297,nan,3.4800752284481007,0.035349934105070105,0.003399175261268081,0.0012810494974416643,-0.020000000000000018,0.4499999999999993,0.0017810979560849089,0.013436599490544855,5.0,189.0,0.08929874688385868,0.0012831363676227728,26.897964687922673,0.21714493365060128,10.03,0.5531802346717887,0.010800144894285801,0.0,nan,0.003350558623978388,False
200,0.05,pd_w20_z0.1,0,demo_00_filtered,7.992197704761873e-06,True,10.040000000000001,False,0.002440375683343545,2.0,True,0.0025390770530294817,0.11979697769359657,nan,3.6309302400182393,0.03701339478069608,0.0032242491055574094,0.0012028575542396992,-0.010000000000000009,0.46000000000000085,0.0018838235750813321,0.013436599490544855,5.0,189.0,0.0911601216283301,0.0011944826695677562,26.994007447259616,0.2185014154959126,10.040000000000001,0.12355950328481399,0.007864704890049102,0.0,nan,0.003198569674612227,False
200,0.1,computed_torque_w20_z0.1,0,demo_00_filtered,0.00010973022772695608,True,9.98,False,0.0017041492183365009,2.0,True,0.0026856437629268486,0.10137900761628262,nan,3.0682638372289506,0.03135113671756663,0.0027220816780955228,0.0010293836597682084,-0.010000000000000009,0.40000000000000036,0.0017392584892109136,0.013436599490544855,5.0,189.0,0.08975269813119774,0.001028887385211178,26.322259658816257,0.2141646626838288,9.98,0.4538817815890252,0.009334926697491907,0.0,nan,0.0026866857372620473,False
200,0.1,pd_w20_z0.1,0,demo_00_filtered,1.1986256293696648e-06,True,9.98,False,0.0020437720831320244,2.0,True,0.0026857988809205857,0.09799226854509148,nan,3.1873263038982094,0.03263482525213138,0.0026087643438742914,0.0010122510821086873,-0.020000000000000018,0.40000000000000036,0.00178693932392605,0.013436599490544855,5.0,189.0,0.09151470671029117,0.0010295247546939154,26.60716192480572,0.2154474659698408,9.98,0.11264106028910605,0.007203777761942134,0.0,nan,0.0025685206726370107,False
200,0.2,computed_torque_w20_z0.1,0,demo_00_filtered,6.008800656279671e-05,True,9.89,False,0.0016386786379155825,2.0,True,0.0025425173574987726,0.12239638440039759,nan,2.535387494703623,0.025355293055065984,0.002899954714123095,0.0011097926641700164,-0.030000000000000027,0.3100000000000005,0.001722752561366865,0.013436599490544855,5.0,189.0,0.08994534580133334,0.001111589213006707,26.373381338567054,0.21807411556830983,9.89,0.45126746165034465,0.009094193272647455,0.0,nan,0.002860934844650382,False
200,0.2,pd_w20_z0.1,0,demo_00_filtered,1.2583527715470798e-05,True,9.89,False,0.0008703018865169283,2.0,True,0.0024689229132545277,0.13941520549793815,nan,2.6403169482906095,0.02674082287724953,0.002731088151189888,0.001334789245830895,-0.020000000000000018,0.3100000000000005,0.0019134953913696956,0.013436599490544855,5.0,189.0,0.09187258599242507,0.0013499861413361236,26.9381053791793,0.21919004931230238,9.89,0.11751137987155973,0.007491081600671185,0.0,nan,0.0027002875995052046,False
400,0.02,computed_torque_w20_z0.1,0,demo_00_filtered,3.6710254752779153e-05,True,9.97,False,0.0025160839169924435,2.0,True,0.002522579870618497,0.09275975252208318,nan,2.8691318833905886,0.028848475266453667,0.0019058698128867474,0.0008679876019221276,-0.010000000000000009,0.39000000000000057,0.0017228695857250188,0.013436599490544855,6.0,189.0,0.08952898760693419,0.0008675395188003057,25.80758284652817,0.21419593353035787,9.97,0.24769358618748707,0.007217116602422021,0.0,nan,0.0018629275170325276,False
400,0.02,pd_w20_z0.1,0,demo_00_filtered,3.3370470851328063e-06,True,9.97,False,0.0025646260977734937,2.0,True,0.002522577733569576,0.0969370430945884,nan,3.023027154110993,0.030461134412180898,0.0019424068845541418,0.0009306513011409036,-0.010000000000000009,0.39000000000000057,0.0017622802325781524,0.013436599490544855,6.0,189.0,0.09127781188229851,0.0009219305443191507,25.98700823557263,0.2151514684362483,9.97,0.11547437514526239,0.007139138268635794,0.0,nan,0.0019036569853452256,False
400,0.05,computed_torque_w20_z0.1,0,demo_00_filtered,2.2929470839773315e-05,True,9.870000000000001,False,0.002299691287903373,2.0,True,0.00247072378958556,0.08819877367470115,nan,2.3355153416520906,0.023567891985652442,0.0023351899555641717,0.0008165358952257247,-0.010000000000000009,0.2900000000000009,0.0017420681001573304,0.013436599490544855,5.0,189.0,0.08992280295954691,0.0008175190802556972,26.023041981031223,0.21706042205002385,9.870000000000001,0.19184234618521195,0.007075376041869837,0.0,nan,0.002253828628094322,False
400,0.05,pd_w20_z0.1,0,demo_00_filtered,4.29197187219283e-06,True,9.870000000000001,False,0.002239525252304685,2.0,True,0.0024707171292895317,0.0981543786633952,nan,2.4876542202800134,0.025188264203928258,0.002345420228938106,0.000920305018462258,-0.010000000000000009,0.2900000000000009,0.0017917647202909137,0.013436599490544855,5.0,189.0,0.09169746585059597,0.0008632016230349223,26.256887189500016,0.21792266347247594,9.870000000000001,0.11917306703357863,0.0074548866817446815,0.0,nan,0.0022629552182202254,False
400,0.1,computed_torque_w20_z0.1,0,demo_00_filtered,5.3044565222391734e-05,True,10.3,False,0.0066515301309220945,2.0,True,0.0025285360194201036,0.21168858679460184,nan,2.4693417896576633,0.02596422555672015,0.012017285486434968,0.0033137088937519247,-0.020000000000000018,0.7200000000000006,0.0017617128516571583,0.013436599490544855,6.0,189.0,0.08956089152976196,0.0033113581041807473,26.822712947549988,0.2110581554949574,10.3,0.43523733670337905,0.008976056046326368,0.0,nan,0.012016470792592094,False
400,0.1,pd_w20_z0.1,0,demo_00_filtered,8.577947553630204e-06,True,10.36,False,0.0065973397433827415,2.0,True,0.0025303701184021853,0.23209810033294395,nan,2.649974925943671,0.02789917933809636,0.012249563755227578,0.003663537640584426,-0.010000000000000009,0.7799999999999994,0.001875513050265687,0.013436599490544855,6.0,189.0,0.09144404560182082,0.0036987641758163157,27.307706544199764,0.2136073178975426,10.36,0.11289326096210783,0.0074139227159451095,0.0,nan,0.012248918970457712,False
400,0.2,computed_torque_w20_z0.1,0,demo_00_filtered,3.3629234878347037e-05,True,9.88,False,0.002479988055458012,2.0,True,0.002530595349732748,0.10264356001255757,nan,2.3361206806808994,0.023838804496679376,0.002290706448334409,0.0010343011690792205,-0.010000000000000009,0.3000000000000007,0.0017254234893634742,0.013436599490544855,5.0,189.0,0.08984504804660606,0.001031989801338593,26.246281938931006,0.2209441374840392,9.88,0.19836752092605608,0.007048779628348672,0.0,nan,0.002244297976632852,False
400,0.2,pd_w20_z0.1,0,demo_00_filtered,2.0453987881792e-06,True,9.88,False,0.0025357806212922226,2.0,True,0.002530623180148914,0.11722624228068647,nan,2.4505997257633454,0.025072005091922794,0.002685073242315259,0.0012021301306182816,-0.010000000000000009,0.3000000000000007,0.0018020119604307112,0.013436599490544855,5.0,189.0,0.09163010355483706,0.0011485740755844877,26.28829754019489,0.22265457050242526,9.88,0.11669967852013134,0.007621954484866905,0.0,nan,0.002648997333792279,False
800,0.02,computed_torque_w20_z0.1,0,demo_00_filtered,7.772905435331678e-05,True,9.86,False,0.0026916663356674054,2.0,True,0.002558732251722696,0.09121219497075236,nan,2.162358985433815,0.021894051859846053,0.0019191607690095406,0.0009278643650617955,0.0,0.27999999999999936,0.0019244687120304807,0.013436599490544855,7.0,189.0,0.09025413017905971,0.0009261339538877369,27.03337036172419,0.21934671240293702,9.86,0.10203900405350015,0.007625876290919599,0.0,nan,0.0018824128040962256,False
800,0.02,pd_w20_z0.1,0,demo_00_filtered,6.6171495832335275e-06,True,9.86,False,0.002422376844970846,2.0,True,0.0025591059878680537,0.0967996707222697,nan,2.3356008807841224,0.02368627708789436,0.002319295340425659,0.0010024543950307506,0.0,0.27999999999999936,0.002057816533197325,0.013436599490544855,7.0,189.0,0.09226862378809364,0.0009991714333036732,27.455888290604175,0.22130158756619409,9.86,0.11589948832075389,0.008587473272535924,0.0,nan,0.002231230731144285,False
800,0.05,computed_torque_w20_z0.1,0,demo_00_filtered,7.11698598984457e-05,True,9.84,False,0.002718774210529876,2.0,True,0.0026793813882486097,0.10390930901002043,nan,1.8316353797437883,0.01850751840502016,0.0028458863481249028,0.0011604159414572743,-0.010000000000000009,0.2599999999999998,0.0018205936360427516,0.013436599490544855,7.0,189.0,0.09015561628697445,0.00115779344931838,26.190164551217197,0.2149767545330979,9.84,0.18196144542085485,0.0073246680603747975,0.0,nan,0.002821220865432387,False
800,0.05,pd_w20_z0.1,0,demo_00_filtered,2.756260095198037e-06,True,9.84,False,0.0025480753027998923,2.0,True,0.002679306353328733,0.10724519980713652,nan,1.9708682165736515,0.0199491118394381,0.00380059112017538,0.0012308876056177675,0.0,0.2599999999999998,0.0018463174315734526,0.013436599490544855,7.0,189.0,0.09196648535906862,0.0011907520466300674,26.314251706284722,0.21670280296140143,9.84,0.10665505342788242,0.007267415725897603,0.0,nan,0.0037766493780493366,False
800,0.1,computed_torque_w20_z0.1,0,demo_00_filtered,5.4353655813662165e-05,True,9.85,False,0.0024867707427269287,2.0,True,0.0025592599446707743,0.08989904744439914,nan,2.112079626090741,0.021490354179249695,0.0020290066167265993,0.0008966118232735571,0.0,0.2699999999999996,0.0018833384945860948,0.013436599490544855,6.0,189.0,0.09017751160785283,0.0008928374987635294,26.71506612379614,0.22134049775532114,9.85,0.09882278416509845,0.00770208348981356,0.0,nan,0.0020268939648702515,False
800,0.1,pd_w20_z0.1,0,demo_00_filtered,3.8284420085189885e-06,True,9.85,False,0.0023076210214844064,2.0,True,0.0025592839807042503,0.09282792443150743,nan,2.2519941565646424,0.02295556228762121,0.002704616106247538,0.0009881468258784967,0.0,0.2699999999999996,0.001945669277809643,0.013436599490544855,6.0,189.0,0.0920705617401451,0.0009206192184510098,26.974367162959695,0.22522285777383433,9.85,0.11339775207491704,0.00868180022097803,0.0,nan,0.002677516296987248,False
800,0.2,computed_torque_w20_z0.1,0,demo_00_filtered,8.357915650639447e-05,True,9.84,False,0.0025739040530463266,2.0,True,0.0025616419537618884,0.12169522911263163,nan,1.859161665698153,0.01916320208931085,0.004291330435836449,0.0016980688835474282,0.0,0.2599999999999998,0.001841792721070161,0.013436599490544855,6.0,189.0,0.09014024265088127,0.0016950619122086629,26.154405945926104,0.21700299122286867,9.84,0.09871588239464671,0.007201860635977701,0.0,nan,0.004267819004285477,False
800,0.2,pd_w20_z0.1,0,demo_00_filtered,8.115819494871989e-06,True,9.84,False,0.0025515456555708954,2.0,True,0.0025616457101267217,0.13555987186947938,nan,1.9666510167654745,0.020329377882855236,0.00521667079346889,0.0019432827938343207,0.0,0.2599999999999998,0.0019596378515976697,0.013436599490544855,5.0,189.0,0.09193355900775507,0.0018952278501638518,26.702411333961805,0.2204195269444085,9.84,0.11133536188218124,0.008032872903520198,0.0,nan,0.005181323291241958,False
