ridge,warmup,setting,start,origin,first_step_m,arrived,arrival_time_s,left_goal,hold_error_m,hold_observed_s,success,final_distance_m,training_path_distance_deg,offset_retained,taught_joint_error_deg,taught_tip_error_m,taught_path_distance_m,taught_path_rmse_m,onset_delay_s,taught_arrival_delay_s,jitter_deg,taught_jitter_deg,speed_peaks,taught_speed_peaks,tracking_error_deg,reference_path_rmse_m,peak_reference_speed_dps,peak_hand_speed_mps,settling_time_s,peak_torque_nm,effort_n2m2s,peak_external_force_n,reference_lead,detour_m,failed
1e-06,0.25,computed_torque_w20_z0.1,0,demo_00_filtered,3.290041340511038e-05,False,nan,False,nan,0.0,False,0.6403124237432849,248.1492000259579,nan,195.71402665541203,0.6338496054087427,0.476982467275899,0.37069623801648804,0.050000000000000044,nan,1.016910023903726,0.013436599490544855,2.0,189.0,312.0084178342235,0.3594916032890346,8346.499449987634,35.58526340174651,nan,227.54294789898557,1067768.920815589,0.0,nan,0.47704958428600436,True
1e-06,0.25,pd_w20_z0.1,0,demo_00_filtered,5.048244264910444e-07,False,nan,False,nan,0.0,False,0.5290008741865658,229.7000516717485,nan,180.93925427346971,0.5266572203086144,0.476982467275899,0.34649440744405857,0.14,nan,0.6466149795050598,0.013436599490544855,3.0,189.0,303.13769703610234,0.33010019105702576,7749.817547255231,25.374517280507476,nan,348.0424454689627,2589429.0875060414,0.0,nan,0.47704958428600436,True
1e-06,0.5,computed_torque_w20_z0.1,0,demo_00_filtered,1.8650448506679373e-05,False,nan,False,nan,0.0,False,0.6403124237432849,247.97859163211157,nan,195.64686777076585,0.6333224297910994,0.476982467275899,0.3719746570421313,0.07000000000000006,nan,0.9665612672371999,0.013436599490544855,2.0,189.0,402.5920967864881,0.27500919214173675,8864.41900810576,31.821512322609774,nan,257.7857504367778,1611437.3231876292,0.0,nan,0.47704958428600436,True
1e-06,0.5,pd_w20_z0.1,0,demo_00_filtered,2.0978745120098134e-06,False,nan,False,nan,0.0,False,0.5658225729836358,234.67306006570095,nan,185.2192256493361,0.5562910300104952,0.476982467275899,0.3637141207756025,0.17000000000000004,nan,0.6389796464096607,0.013436599490544855,2.0,189.0,395.50458240776237,0.401487078043723,8313.113242111405,23.2848686093097,nan,413.8656884288266,3687209.6118921293,0.0,nan,0.47704958428600436,True
1e-06,1.0,computed_torque_w20_z0.1,0,demo_00_filtered,1.1775433812334796e-05,False,nan,False,nan,0.0,False,0.6825917805899913,167.8682616118089,nan,167.75907045558282,0.6031641561341285,0.6003737923170477,0.3346481169861745,-0.05999999999999994,nan,0.12330770821287197,0.013436599490544855,3.0,189.0,285.1660647787682,0.652207646580946,2182.712649924865,5.989164355728954,nan,68.39697654334137,141355.71781746807,0.0,nan,0.5945867413087254,True
1e-06,1.0,pd_w20_z0.1,0,demo_00_filtered,5.134436260010092e-07,False,nan,False,nan,0.0,False,0.7606910445484631,129.36239649599884,nan,139.76240115380898,0.6485800562832399,0.6002856576322434,0.32946886899834543,0.030000000000000027,nan,0.12550397514340103,0.013436599490544855,3.0,189.0,274.55483659849983,0.6699655187086597,1648.2178989748954,5.844569727128089,nan,66.35967273435945,130022.36935234288,0.0,nan,0.5990598283557573,True
1e-06,2.0,computed_torque_w20_z0.1,0,demo_00_filtered,4.105008640747999e-06,False,nan,False,nan,0.0,False,0.6403124237432849,250.46014434424603,nan,196.65402479505522,0.6411621176277036,0.476982467275899,0.36868977292620214,-0.13,nan,0.9908838153696127,0.013436599490544855,1.0,189.0,430.42169940834964,0.2887709018927747,8961.46639434189,32.11876557123336,nan,267.8512657059511,1839330.1258484242,0.0,nan,0.47704958428600436,True
1e-06,2.0,pd_w20_z0.1,0,demo_00_filtered,2.4598543517753885e-07,False,nan,False,nan,0.0,False,0.566591881162802,237.52549655819482,nan,186.44135910869346,0.5660261617116142,0.476982467275899,0.3619708443032573,-0.06999999999999995,nan,0.7171659791276715,0.013436599490544855,2.0,189.0,423.45978559483524,0.417918796851781,8605.827785789925,27.171279220498427,nan,439.8777177496127,4215526.352446587,0.0,nan,0.47704958428600436,True
0.0001,0.25,computed_torque_w20_z0.1,0,demo_00_filtered,0.00016063402781214036,True,10.81,False,0.0024743981659381058,2.0,True,0.00241219216383879,0.2854968087917823,nan,8.119885741879315,0.08230266778814421,0.009291379928659858,0.0032167971327426623,0.040000000000000036,1.2300000000000004,0.0023450693215188887,0.013436599490544855,10.0,189.0,0.0868684948711058,0.00321550632485193,27.218183829672853,0.23057897283638887,10.81,0.733874283921004,0.023018928060440622,0.0,nan,0.009282412115876463,False
0.0001,0.25,pd_w20_z0.1,0,demo_00_filtered,3.2786143270641126e-06,True,10.73,False,0.002352176930490618,2.0,True,0.002412192098602716,0.32628976946795496,nan,8.631748065849372,0.0876522709021451,0.007802180765335598,0.0034824573484517926,0.050000000000000044,1.1500000000000004,0.004704392490053542,0.013436599490544855,10.0,189.0,0.09667128024568744,0.0032736938067048846,32.3318073618502,0.27888893267107834,10.73,0.27803402417247797,0.042684659156913864,0.0,nan,0.007783296094370682,False
0.0001,0.5,computed_torque_w20_z0.1,0,demo_00_filtered,7.589148709910016e-05,True,10.82,False,0.0025054807078673724,2.0,True,0.0024119170614856217,0.28091947115296334,nan,8.137988653256352,0.08251571838683439,0.009370220784727566,0.0032062986175008007,0.030000000000000027,1.2400000000000002,0.00221535789395811,0.013436599490544855,10.0,189.0,0.08680147232623232,0.0032047312277386194,26.956712378232638,0.22832684325382635,10.82,0.4220759353288889,0.014085587578696768,0.0,nan,0.00934498505407238,False
0.0001,0.5,pd_w20_z0.1,0,demo_00_filtered,3.7813637224118493e-06,True,10.73,False,0.002370262783818932,2.0,True,0.0024119170112185933,0.31903388577107683,nan,8.710124185711011,0.08852771730748665,0.007357266645408412,0.0034040698312889778,0.050000000000000044,1.1500000000000004,0.004475770049456574,0.013436599490544855,10.0,189.0,0.0958819711903741,0.003211339933479472,31.967266034921096,0.2730816917044243,10.73,0.26097161922410606,0.038704775416625974,0.0,nan,0.007336022977047676,False
0.0001,1.0,computed_torque_w20_z0.1,0,demo_00_filtered,6.0447172250833225e-05,True,10.64,False,0.002571071810550302,2.0,True,0.0024011845968703325,0.2717727541050491,nan,6.702258318616619,0.0670066557196355,0.008894185165881823,0.003045647523046949,-0.13999999999999996,1.0600000000000005,0.002219693202539864,0.013436599490544855,9.0,189.0,0.0868114251987227,0.0030441373753882653,26.94937312882444,0.2279556546505757,10.64,0.18713169491112375,0.012011330017303999,0.0,nan,0.008846077569211578,False
0.0001,1.0,pd_w20_z0.1,0,demo_00_filtered,1.525185384384882e-06,True,10.56,False,0.0023883322607421075,2.0,True,0.002401184555501795,0.32383507112118465,nan,7.466369707912998,0.07505458896628629,0.00789943662432187,0.0034470906503349394,-0.10999999999999999,0.9800000000000004,0.005142436257574002,0.013436599490544855,10.0,189.0,0.098102220586155,0.003260620020387367,34.7151103799577,0.27759538546180224,10.56,0.279459306432075,0.049036373845161706,0.0,nan,0.007718697099383888,False
0.0001,2.0,computed_torque_w20_z0.1,0,demo_00_filtered,3.0867933379962277e-05,True,10.620000000000001,False,0.0025708304049945853,2.0,True,0.0024085325520917917,0.2628599728929877,nan,6.628845783311944,0.06621405353039764,0.00863517595069702,0.002949578419997449,-0.14999999999999997,1.040000000000001,0.0021450331933488484,0.013436599490544855,10.0,189.0,0.08677775230656894,0.0029481636824912243,26.87790747663028,0.22741126707414713,10.620000000000001,0.14527236460297127,0.010506680521261445,0.0,nan,0.00859765402044366,False
0.0001,2.0,pd_w20_z0.1,0,demo_00_filtered,3.775096836531458e-06,True,10.540000000000001,False,0.002343991124604772,2.0,True,0.0024085323902493924,0.31647089576302523,nan,7.3607051590756125,0.07390425250662656,0.007398336073022318,0.0033393210678636506,-0.12,0.9600000000000009,0.00482003770240707,0.013436599490544855,10.0,189.0,0.09676070368284442,0.0031691218170592536,33.62798499689588,0.27170526150316393,10.540000000000001,0.26091589381399694,0.04242363155550426,0.0,nan,0.007363115487621032,False
0.001,0.25,computed_torque_w20_z0.1,0,demo_00_filtered,0.00039723156156352615,True,11.91,False,0.001416368889020599,2.0,True,0.002449349997454972,0.22786061103715835,nan,12.278009338778327,0.12519788541541454,0.007755319852813455,0.003094241893242936,0.020000000000000018,2.33,0.0012754111172416118,0.013436599490544855,6.0,189.0,0.08139059947807017,0.0030943071028278844,22.514042711118222,0.1697344651306941,11.91,1.441363367769062,0.04268168624391078,0.0,nan,0.007716219745162972,False
0.001,0.25,pd_w20_z0.1,0,demo_00_filtered,5.154378603191464e-06,True,11.94,False,0.0018097796328942065,2.0,True,0.0024513481513182213,0.2508900528113957,nan,12.779722810365193,0.13066179164406905,0.008783553331588433,0.0034090686946373285,0.020000000000000018,2.3599999999999994,0.0012988455345185872,0.013436599490544855,7.0,189.0,0.08249823622697397,0.0033882995174855162,22.562897422216054,0.16589740419584564,11.94,0.0870108504764564,0.003934338103157116,0.0,nan,0.00877264970508241,False
0.001,0.5,computed_torque_w20_z0.1,0,demo_00_filtered,0.0001489671042818214,True,11.98,False,0.0013749232274880765,2.0,True,0.002445296594808892,0.24105876977249646,nan,12.405102978507863,0.12642293159042994,0.008812908684665771,0.003444555161398926,-0.030000000000000027,2.4000000000000004,0.0012237806068284994,0.013436599490544855,6.0,189.0,0.08096187102660382,0.0034405750442886695,22.35787978994642,0.16700994656595874,11.98,0.438028783349992,0.00643522868966478,0.0,nan,0.008783004861541108,False
0.001,0.5,pd_w20_z0.1,0,demo_00_filtered,4.337595727693245e-06,True,12.02,False,0.0016446371466540203,2.0,True,0.002447836242704293,0.2618425228342862,nan,12.960176410311316,0.13248750295535638,0.009873837644748472,0.0037475527212807217,-0.010000000000000009,2.4399999999999995,0.001216195278106652,0.013436599490544855,5.0,189.0,0.0819270510077707,0.003730306918881018,22.328403292891622,0.1628976249930548,12.02,0.07064832950506217,0.0034083715625198366,0.0,nan,0.009864004452813675,False
0.001,1.0,computed_torque_w20_z0.1,0,demo_00_filtered,7.776678649076871e-05,True,11.790000000000001,False,0.0012242149107649146,2.0,True,0.002438921084756034,0.21121198917506415,nan,11.738565062038205,0.11890726172675134,0.00673814958721009,0.002738947632391344,-0.16999999999999998,2.210000000000001,0.0012418709379312947,0.013436599490544855,6.0,189.0,0.08137561517798712,0.0027386359063234344,22.123802930742247,0.17223461937090098,11.790000000000001,0.07724846779081496,0.0037602978450109502,0.0,nan,0.006705873603167254,False
0.001,1.0,pd_w20_z0.1,0,demo_00_filtered,7.1440415583071705e-06,True,11.84,False,0.001932396487077228,2.0,True,0.0024419168168362034,0.2297401433118823,nan,12.373794042959029,0.12584234020433638,0.007745015672832226,0.003016559621710635,-0.13999999999999996,2.26,0.0012283391248870896,0.013436599490544855,5.0,189.0,0.08232560623020804,0.00300081577743152,22.0388901370076,0.16809659510718528,11.84,0.07465212761119354,0.003578380514824058,0.0,nan,0.007752214846245908,False
0.001,2.0,computed_torque_w20_z0.1,0,demo_00_filtered,5.531382039221818e-05,True,11.76,False,0.0012035316785468661,2.0,True,0.0024397842041756356,0.20293869030801037,nan,11.735882456686891,0.11894105605558992,0.005988486429766779,0.0025283478224212615,-0.15999999999999998,2.1799999999999997,0.0012517405944430288,0.013436599490544855,6.0,189.0,0.081588778698504,0.002528132328514207,22.081674220853014,0.1738398837013534,11.76,0.0782103718773712,0.0037863946233499296,0.0,nan,0.005962506546314294,False
0.001,2.0,pd_w20_z0.1,0,demo_00_filtered,6.34218962679963e-06,True,11.81,False,0.0019879663745516756,2.0,True,0.0024433609312865504,0.2202290492879513,nan,12.36978633093738,0.1258484384981175,0.007027164146339619,0.0027932331302643193,-0.13,2.2300000000000004,0.0012381669367999097,0.013436599490544855,5.0,189.0,0.082543961023595,0.002779012084069002,21.995838967809853,0.1697817809866442,11.81,0.07578205682177395,0.0036370589308405148,0.0,nan,0.007043606656123053,False
0.01,0.25,computed_torque_w20_z0.1,0,demo_00_filtered,0.0007838053264465544,True,12.65,False,0.0028206065058768034,2.0,True,0.002372170745287359,0.16388889872302276,nan,17.169194121551595,0.1835683966287523,0.0035957087485173097,0.0016235917843570816,-0.030000000000000027,3.0700000000000003,0.0010595462932019017,0.013436599490544855,7.0,189.0,0.07882456257048268,0.0016249950544760868,21.041275931169622,0.17540571612121322,12.65,3.1042712682832674,0.15996161543873122,0.0,nan,0.0035673449794703304,False
0.01,0.25,pd_w20_z0.1,0,demo_00_filtered,7.429335918436991e-06,True,12.67,False,0.002740277670589935,2.0,True,0.0023721582337073066,0.1601720324698572,nan,17.67155077627569,0.18949298467424341,0.003409356350355501,0.0015451055574588362,-0.04999999999999993,3.09,0.0010876166889852038,0.013436599490544855,7.0,189.0,0.08024260300503028,0.0015520671873457718,20.892817238996823,0.17506430643254067,12.67,0.218571208539852,0.004378518763264661,0.0,nan,0.003406204977005567,False
0.01,0.5,computed_torque_w20_z0.1,0,demo_00_filtered,0.00016329081956869,True,12.85,False,0.0028177828528464822,2.0,True,0.00237227242427171,0.14550192409054868,nan,18.63514347882292,0.20166869333040163,0.0032793177555655697,0.0014602555527031581,-0.08999999999999997,3.2699999999999996,0.0009735954975296219,0.013436599490544855,5.0,189.0,0.07814711676768256,0.0014611316092391264,21.085090572897812,0.17589110355030263,12.85,0.324402091437222,0.004118587051765877,0.0,nan,0.0032533516213256097,False
0.01,0.5,pd_w20_z0.1,0,demo_00_filtered,8.637785841711433e-06,True,12.89,False,0.0027496640262336973,2.0,True,0.0023722558860027575,0.14297776429513245,nan,19.212847081426464,0.20857946629188745,0.00321265235834117,0.0013717784947067401,-0.07999999999999996,3.3100000000000005,0.0009853932292573108,0.013436599490544855,5.0,189.0,0.07898210333742751,0.0013746169620167785,20.9446448181399,0.17560045537230695,12.89,0.055911647772898976,0.002721111783229404,0.0,nan,0.0031912008615185682,False
0.01,1.0,computed_torque_w20_z0.1,0,demo_00_filtered,8.401466075252527e-05,True,12.88,False,0.0028092856980846664,2.0,True,0.002369232550642132,0.16388544961876259,nan,18.82587392979026,0.20339807766416543,0.003413621030662598,0.0016747136917378276,-0.19999999999999996,3.3000000000000007,0.0009190107485726288,0.013436599490544855,5.0,189.0,0.07762138595757592,0.0016758724005566637,20.837141447611767,0.1736980933278247,12.88,0.083766359620186,0.0027107932968352894,0.0,nan,0.0033627867746334602,False
0.01,1.0,pd_w20_z0.1,0,demo_00_filtered,1.0104675157530695e-05,True,12.94,False,0.002755366312631672,2.0,True,0.0023692176961617965,0.1627031241574626,nan,19.467516705482954,0.21108130603797845,0.0031310769111346803,0.0015867259083642096,-0.18,3.3599999999999994,0.0009314856756297031,0.013436599490544855,5.0,189.0,0.0784450870939797,0.0015922452252551244,20.683153918969087,0.17326138362688978,12.94,0.05652008953733423,0.0027038974144965107,0.0,nan,0.0031033602734048316,False
0.01,2.0,computed_torque_w20_z0.1,0,demo_00_filtered,8.633245923973897e-05,True,12.870000000000001,False,0.002806506427634819,2.0,True,0.0023685592962605813,0.16668912812059056,nan,18.780560386146792,0.20278914743737955,0.003506276033551998,0.001710361187913553,-0.19999999999999996,3.290000000000001,0.0009204932274388673,0.013436599490544855,5.0,189.0,0.077648966873375,0.0017115573057183589,20.82806831346291,0.17360805658630446,12.870000000000001,0.05531162195890419,0.002679211295689528,0.0,nan,0.003498164003730061,False
0.01,2.0,pd_w20_z0.1,0,demo_00_filtered,9.652141409862086e-06,True,12.92,False,0.002761591710381192,2.0,True,0.002368544795739405,0.16546348527157237,nan,19.42046359563623,0.21044484202151606,0.0032265044122628786,0.0016205880853803248,-0.18,3.34,0.0009282866911973871,0.013436599490544855,5.0,189.0,0.07847726062495668,0.0016269652706481026,20.67359085808657,0.17316433490509914,12.92,0.05670660081039808,0.002705236116402713,0.0,nan,0.0031656952524727004,False
0.1,0.25,computed_torque_w20_z0.1,0,demo_00_filtered,0.0017168870201241112,True,11.49,False,0.002997189833881701,2.0,True,0.0024295689736615563,0.2314736939379327,nan,11.368354994188048,0.11830931295258725,0.005650841833434286,0.0027735707569442286,-0.07999999999999996,1.9100000000000001,0.001213599641185266,0.013436599490544855,8.0,189.0,0.08246328210108174,0.0027827979307561506,46.81596428919288,0.18675735731853865,11.49,7.399896526367276,0.8143291795853761,0.0,nan,0.005637405093344269,False
0.1,0.25,pd_w20_z0.1,0,demo_00_filtered,2.4265793393455798e-05,True,11.51,False,0.0029605681491093228,2.0,True,0.0024295677205521306,0.21797912781276055,nan,11.772209666375687,0.12301114761162553,0.005203325094115085,0.0025367136755699462,-0.07999999999999996,1.9299999999999997,0.002117465924136426,0.013436599490544855,8.0,189.0,0.08686430653221758,0.0025293227414611283,46.81596428919288,0.18775264593455288,11.51,0.588510070015748,0.014622332810822309,0.0,nan,0.005160519629367389,False
0.1,0.5,computed_torque_w20_z0.1,0,demo_00_filtered,0.00011105794407605166,True,11.49,False,0.0030657953617698433,2.0,True,0.002440114649610197,0.25478368746084323,nan,11.513637670759438,0.12064084262043498,0.0058756472226622,0.0028858176055723372,-0.18,1.9100000000000001,0.0009930168230152536,0.013436599490544855,4.0,189.0,0.08169494248343719,0.0028872361695963813,22.588180704597438,0.1893772820976875,11.49,0.604611184466036,0.007234970093657639,0.0,nan,0.005842017974954295,False
0.1,0.5,pd_w20_z0.1,0,demo_00_filtered,5.119106986380918e-06,True,11.52,False,0.003020197293200035,2.0,True,0.002440112703044098,0.23835338033382897,nan,11.966834774224269,0.12597118298068938,0.005961734461556902,0.002661977559488724,-0.15999999999999998,1.9399999999999995,0.0010404089795188877,0.013436599490544855,4.0,189.0,0.08277541008974262,0.002641749419396764,22.619915878732737,0.19053605172873322,11.52,0.0619624662425383,0.0025209797373975528,0.0,nan,0.00592591302895228,False
0.1,1.0,computed_torque_w20_z0.1,0,demo_00_filtered,0.00014750613472557013,True,11.4,False,0.0030874541296663895,2.0,True,0.0024241825679549725,0.27542021405375705,nan,10.769645025246328,0.11154657903838106,0.007128794101613195,0.0034604665481844554,-0.25999999999999995,1.8200000000000003,0.0009668563586419394,0.013436599490544855,5.0,189.0,0.08172501612881726,0.0034623759161802933,22.414447398419217,0.18757590266689267,11.4,0.09962857247424979,0.002379511640355377,0.0,nan,0.007116109704188344,False
0.1,1.0,pd_w20_z0.1,0,demo_00_filtered,1.5577679532328556e-05,True,11.43,False,0.0030357775164277963,2.0,True,0.0024241804362172847,0.2570440904242088,nan,11.225971689503384,0.11688353449068592,0.006541278799955658,0.0031761514127947687,-0.25,1.8499999999999996,0.001061227551453246,0.013436599490544855,5.0,189.0,0.08287588513446456,0.0031665801902549346,22.43927016974815,0.18864411600976813,11.43,0.06400561560486295,0.0024682531376453883,0.0,nan,0.00648374643516882,False
0.1,2.0,computed_torque_w20_z0.1,0,demo_00_filtered,0.00014891422163685033,True,11.4,False,0.0030854899034346342,2.0,True,0.0024233202303192676,0.2760842192321953,nan,10.757701698967406,0.11139255617631896,0.007181523737056993,0.003477883218728145,-0.25999999999999995,1.8200000000000003,0.0009671709500949455,0.013436599490544855,5.0,189.0,0.08172938081873472,0.003479802793865314,22.40893662354332,0.18752282588615585,11.4,0.10158962276085576,0.0023777611059734786,0.0,nan,0.007169930311339057,False
0.1,2.0,pd_w20_z0.1,0,demo_00_filtered,1.5541320344173276e-05,True,11.43,False,0.0030340119064574344,2.0,True,0.0024233180916629197,0.25770373027342075,nan,11.21336262984485,0.11672093761209465,0.006544035239338971,0.0031927444291810626,-0.25,1.8499999999999996,0.0010605019607733688,0.013436599490544855,5.0,189.0,0.08288195726244824,0.003183437089092804,22.434036620631225,0.18858902727080973,11.43,0.06328692857256951,0.002466816273173517,0.0,nan,0.006489255951411949,False
1.0,0.25,computed_torque_w20_z0.1,0,demo_00_filtered,0.003624739434473396,True,10.620000000000001,False,0.0023586030140226263,2.0,True,0.0022956519561261064,0.19343405553237517,nan,6.910244625114963,0.07085813574472823,0.007827995205084294,0.001927971699094562,-0.59,1.040000000000001,0.001507885377298908,0.013436599490544855,10.0,189.0,0.08715836735545907,0.0020440727994623636,95.86219120594797,0.4033469060527131,10.620000000000001,15.422723374364649,3.2457248855647274,0.0,nan,0.007829862146912569,False
1.0,0.25,pd_w20_z0.1,0,demo_00_filtered,4.714938536464229e-05,True,10.65,False,0.002372419348049527,2.0,True,0.0022956519560962695,0.20153750164555007,nan,7.273177045619432,0.0748721310522725,0.00666901387892172,0.0019500507064151788,-0.52,1.0700000000000003,0.004536076242102075,0.013436599490544855,6.0,189.0,0.10132640629044912,0.0020269344377373166,95.86219120594797,0.19249587320157435,10.65,1.206459451656661,0.05038828854225666,0.0,nan,0.00667173427149426,False
1.0,0.5,computed_torque_w20_z0.1,0,demo_00_filtered,0.0008175085518265849,True,10.47,False,0.002359214431920716,2.0,True,0.002286042387658687,0.2081737059487618,nan,5.786020426043718,0.05846099261726046,0.004152114525464731,0.002087198026509733,-0.33999999999999997,0.8900000000000006,0.001062804809790164,0.013436599490544855,5.0,189.0,0.08560243138137293,0.002088045734489197,38.400266485457806,0.1935287356584214,10.47,2.6322961274804024,0.0946584724558754,0.0,nan,0.004094443574549264,False
1.0,0.5,pd_w20_z0.1,0,demo_00_filtered,1.809884915011058e-05,True,10.5,False,0.002370263207238019,2.0,True,0.002286042387628185,0.2037136783133194,nan,6.145653818683188,0.062452150068685625,0.00418301387332643,0.002046567237011331,-0.45999999999999996,0.9199999999999999,0.0010825442626654685,0.013436599490544855,5.0,189.0,0.08751946348232723,0.0020112785682324737,38.400266485457806,0.193796695374304,10.5,0.12002266980391678,0.0043734762862062656,0.0,nan,0.004171981717043108,False
1.0,1.0,computed_torque_w20_z0.1,0,demo_00_filtered,0.00036346624824951286,True,10.44,False,0.0023581081885999788,2.0,True,0.0022814473753383756,0.21044751234461007,nan,5.527335299649621,0.05556645826733986,0.004157637699027707,0.00212950563138318,-0.39,0.8599999999999994,0.0010563073105150677,0.013436599490544855,3.0,189.0,0.08566599437148822,0.002131286726405935,42.247784518327585,0.19349182903310336,10.44,0.28974594785200025,0.004470221539047482,0.0,nan,0.0041002516369096674,False
1.0,1.0,pd_w20_z0.1,0,demo_00_filtered,2.9632770106788103e-05,True,10.47,False,0.0023687688570224927,2.0,True,0.002281447375301485,0.20512659729092217,nan,5.880702823911811,0.05949315591902296,0.004210942978556873,0.0020774739560127345,-0.4,0.8900000000000006,0.0014598074093565025,0.013436599490544855,4.0,189.0,0.08700878266943952,0.0020447026414877325,42.247784518327585,0.1937640409806475,10.47,0.09568766310674612,0.0031366060741252677,0.0,nan,0.0041318456981211385,False
1.0,2.0,computed_torque_w20_z0.1,0,demo_00_filtered,0.0003612913148979235,True,10.44,False,0.002358080758547719,2.0,True,0.0022813207204326197,0.21048386148891207,nan,5.525236931125527,0.055542864222047364,0.004158235645075935,0.0021300265520516996,-0.39,0.8599999999999994,0.0010564574339221812,0.013436599490544855,3.0,189.0,0.08566698435106185,0.0021318089503679183,42.25379207035894,0.19349024394600137,10.44,0.2869387781902453,0.004374110370584236,0.0,nan,0.0041003004469066465,False
1.0,2.0,pd_w20_z0.1,0,demo_00_filtered,2.9685653442698996e-05,True,10.47,False,0.002368743101542432,2.0,True,0.0022813207203972157,0.20515979713855695,nan,5.878500252730443,0.059468407516430864,0.0042115706115023795,0.002077828637246797,-0.4,0.8900000000000006,0.0014629658653560137,0.013436599490544855,4.0,189.0,0.08700912687579664,0.0020450993005597,42.25379207035894,0.19376266557497437,10.47,0.09672613559161866,0.00313765164199301,0.0,nan,0.004131612727302627,False
10.0,0.25,computed_torque_w20_z0.1,0,demo_00_filtered,0.008608004986454332,True,10.38,False,0.001978568509361838,2.0,True,0.0018601572661134547,0.24147377414348112,nan,5.363434960589055,0.054119816592333475,0.021232562342792156,0.00295163539926466,-0.6,0.8000000000000007,0.002855314829365072,0.013436599490544855,12.0,189.0,0.09729147760203602,0.0034994982136186507,211.260790387679,0.9868991897661163,10.38,33.68986678456579,14.862584037434166,0.0,nan,0.02058313263805477,False
10.0,0.25,pd_w20_z0.1,0,demo_00_filtered,8.171520205199022e-05,True,10.41,False,0.001970544462185867,2.0,True,0.0018601572661121604,0.2679291725363222,nan,5.681138879362735,0.05759315657785218,0.022246538898129067,0.003272588235779424,-0.5599999999999999,0.8300000000000001,0.007764417396858007,0.013436599490544855,7.0,189.0,0.16384336901790642,0.0035862196489279945,211.260790387679,0.38095268650971437,10.41,2.3409715892176344,0.26658948241631,0.0,nan,0.02171307081320325,False
10.0,0.5,computed_torque_w20_z0.1,0,demo_00_filtered,0.0016112620005028716,True,10.33,False,0.0019872162360288718,2.0,True,0.0018788886085475103,0.20903294255586063,nan,4.955203436204559,0.04951619455146034,0.0051798702542253895,0.0021673756460361604,-0.58,0.75,0.0012457284329084866,0.013436599490544855,6.0,189.0,0.0867985715324471,0.0021650130417733256,94.52189826778738,0.1961335473464944,10.33,4.5690707741899015,0.2789873915034029,0.0,nan,0.005146703010591883,False
10.0,0.5,pd_w20_z0.1,0,demo_00_filtered,5.0946427213563174e-05,True,10.35,False,0.001984145318474096,2.0,True,0.0018788886085458552,0.2162828548306323,nan,5.261557048577937,0.0528528684705511,0.006005985376014617,0.0022631343587845927,-0.53,0.7699999999999996,0.0016889977139535597,0.013436599490544855,6.0,189.0,0.09134245935817745,0.002196730715829467,94.52189826778738,0.19638895816687138,10.35,0.17355093441575895,0.009814260744169715,0.0,nan,0.006002747094261897,False
10.0,1.0,computed_torque_w20_z0.1,0,demo_00_filtered,0.0009202343149428001,True,10.32,False,0.001989547423936737,2.0,True,0.0018800010084708998,0.20563775606546042,nan,4.919645248726044,0.04911210749515707,0.005140757085725602,0.0021517026122692255,-0.55,0.7400000000000002,0.0011802755407928586,0.013436599490544855,5.0,189.0,0.08651480071834468,0.0021537655418738732,83.63349800868049,0.19604242619141163,10.32,1.5852127068550772,0.03889990204815497,0.0,nan,0.005112539063378877,False
10.0,1.0,pd_w20_z0.1,0,demo_00_filtered,5.447258214068407e-05,True,10.35,False,0.001983767895998331,2.0,True,0.0018800010084688535,0.2126028883248317,nan,5.2246465019557755,0.052433833364956835,0.005961844042683372,0.0022451387105799072,-0.51,0.7699999999999996,0.0022239554938369532,0.013436599490544855,5.0,189.0,0.0890157260620653,0.0021822732930675028,83.63349800868049,0.19629839322070095,10.35,0.15189693171685745,0.005627740878876697,0.0,nan,0.00596006708570976,False
10.0,2.0,computed_torque_w20_z0.1,0,demo_00_filtered,0.0009167815090140383,True,10.32,False,0.0019895455884588894,2.0,True,0.0018799934039843182,0.20561903640602347,nan,4.919267112648575,0.04910780940150718,0.0051403437840118575,0.002151629405125904,-0.55,0.7400000000000002,0.0011801193035519567,0.013436599490544855,5.0,189.0,0.08651414560834296,0.0021536781260026853,83.59245443542493,0.19604171140578516,10.32,1.5694291324445702,0.038244420046596964,0.0,nan,0.0051121098949159435,False
10.0,2.0,pd_w20_z0.1,0,demo_00_filtered,5.450617601445326e-05,True,10.35,False,0.001983768009135557,2.0,True,0.001879993403982841,0.2125840627314892,nan,5.224252043570986,0.05242935584956055,0.005961409900154135,0.002245038001573667,-0.51,0.7699999999999996,0.0022279163676982012,0.013436599490544855,5.0,189.0,0.08900882941553319,0.0021821656075557017,83.59245443542493,0.19629763170142606,10.35,0.15193120966658502,0.005618914887059784,0.0,nan,0.005959645386655129,False
