law,omega,esn,start,offset_q1_deg,offset_q2_deg,from_this_start_deg,from_replayed_deg
computed_torque,10.0,tuned,0,0.0,0.0,1.4236918835493486,1.4235438065781827
computed_torque,10.0,tuned,1,-15.0,-15.0,23.155261930889644,16.271073013472083
computed_torque,10.0,tuned,2,-15.0,-12.5,22.53177556747527,15.583052670763355
computed_torque,10.0,tuned,3,-15.0,-10.0,21.577709361318117,14.488396421800132
computed_torque,10.0,tuned,4,-15.0,-7.5,20.019624811638675,12.730558750616122
computed_torque,10.0,tuned,5,-15.0,-5.0,17.437740788883943,9.89136992968106
computed_torque,10.0,tuned,6,-15.0,-2.5,13.34870345645477,5.327904710927783
computed_torque,10.0,tuned,7,-15.0,0.0,9.31663193380391,1.6677101788441853
computed_torque,10.0,tuned,8,-15.0,2.5,8.740965040625396,5.461042158575808
computed_torque,10.0,tuned,9,-15.0,5.0,9.400732277143451,7.295513382573435
computed_torque,10.0,tuned,10,-15.0,7.5,9.910833886792469,7.62373217712786
computed_torque,10.0,tuned,11,-15.0,10.0,10.310012833604505,6.723101002852562
computed_torque,10.0,tuned,12,-15.0,12.5,11.1368342790985,4.153816986633147
computed_torque,10.0,tuned,13,-15.0,15.0,14.240702166886951,1.8456747910187394
computed_torque,10.0,tuned,14,-12.5,-15.0,21.35251195210154,15.997660948385588
computed_torque,10.0,tuned,15,-12.5,-12.5,20.648999347654865,15.208948343199516
computed_torque,10.0,tuned,16,-12.5,-10.0,19.517710845347953,13.905453147933098
computed_torque,10.0,tuned,17,-12.5,-7.5,17.537012615813158,11.677997629346475
computed_torque,10.0,tuned,18,-12.5,-5.0,14.06022281834722,7.844544327267392
computed_torque,10.0,tuned,19,-12.5,-2.5,9.18431228384839,2.1307455273353493
computed_torque,10.0,tuned,20,-12.5,0.0,7.251945147043248,4.217110969681329
computed_torque,10.0,tuned,21,-12.5,2.5,7.992820344410372,6.891387001511602
computed_torque,10.0,tuned,22,-12.5,5.0,8.559215443532528,7.680522147367105
computed_torque,10.0,tuned,23,-12.5,7.5,8.799820844329906,7.182311603350799
computed_torque,10.0,tuned,24,-12.5,10.0,9.10265253475572,5.165706543870512
computed_torque,10.0,tuned,25,-12.5,12.5,11.152724477395887,1.3992420816132638
computed_torque,10.0,tuned,26,-12.5,15.0,16.74000127228838,6.010403648261582
computed_torque,10.0,tuned,27,-10.0,-15.0,19.56381186883632,15.714840805248905
computed_torque,10.0,tuned,28,-10.0,-12.5,18.77029165096494,14.811557760731118
computed_torque,10.0,tuned,29,-10.0,-10.0,17.42434095346,13.252509921063067
computed_torque,10.0,tuned,30,-10.0,-7.5,14.88466043034533,10.394824289449145
computed_torque,10.0,tuned,31,-10.0,-5.0,10.33428424162618,5.2814352891193
computed_torque,10.0,tuned,32,-10.0,-2.5,6.174222955115463,2.0831042926146077
computed_torque,10.0,tuned,33,-10.0,0.0,6.624286846601062,5.944059837159831
computed_torque,10.0,tuned,34,-10.0,2.5,7.407081588494021,7.39334669690689
computed_torque,10.0,tuned,35,-10.0,5.0,7.5825649020316765,7.317655972948207
computed_torque,10.0,tuned,36,-10.0,7.5,7.466100548499985,5.766733951915229
computed_torque,10.0,tuned,37,-10.0,10.0,8.513726674848241,2.0690403294541113
computed_torque,10.0,tuned,38,-10.0,12.5,13.810104126865145,5.070375594755996
computed_torque,10.0,tuned,39,-10.0,15.0,19.90738171262947,10.335239231083241
computed_torque,10.0,tuned,40,-7.5,-15.0,17.803644749178897,15.436595329161223
computed_torque,10.0,tuned,41,-7.5,-12.5,16.915428857070758,14.408704043259535
computed_torque,10.0,tuned,42,-7.5,-10.0,15.321825665464651,12.547594131423883
computed_torque,10.0,tuned,43,-7.5,-7.5,12.089234519940696,8.885507051574569
computed_torque,10.0,tuned,44,-7.5,-5.0,6.747135883701821,2.6010441908462036
computed_torque,10.0,tuned,45,-7.5,-2.5,5.160851805094964,4.067843949238987
computed_torque,10.0,tuned,46,-7.5,0.0,6.3557226987082975,6.6252235585700205
computed_torque,10.0,tuned,47,-7.5,2.5,6.645089434569343,7.097491059176942
computed_torque,10.0,tuned,48,-7.5,5.0,6.2071666470874804,5.9723261270718275
computed_torque,10.0,tuned,49,-7.5,7.5,6.281485642448272,2.60919767523484
computed_torque,10.0,tuned,50,-7.5,10.0,11.230479585953626,4.50456006091683
computed_torque,10.0,tuned,51,-7.5,12.5,17.80480778043312,10.285602492572536
computed_torque,10.0,tuned,52,-7.5,15.0,21.89612196964805,13.214444821840823
computed_torque,10.0,tuned,53,-5.0,-15.0,16.093254052045676,15.185760040951386
computed_torque,10.0,tuned,54,-5.0,-12.5,15.121465318057279,14.038688200877269
computed_torque,10.0,tuned,55,-5.0,-10.0,13.27644969671325,11.854687826572121
computed_torque,10.0,tuned,56,-5.0,-7.5,9.325409558136315,7.3070713680554675
computed_torque,10.0,tuned,57,-5.0,-5.0,4.304837130426679,1.26810600408427
computed_torque,10.0,tuned,58,-5.0,-2.5,5.08690138646682,4.972277403278288
computed_torque,10.0,tuned,59,-5.0,0.0,5.843072919690277,6.36063055361969
computed_torque,10.0,tuned,60,-5.0,2.5,5.27465614698561,5.7150742740502265
computed_torque,10.0,tuned,61,-5.0,5.0,4.381517782121735,2.64529922604334
computed_torque,10.0,tuned,62,-5.0,7.5,9.1909992832508,4.525789274973766
computed_torque,10.0,tuned,63,-5.0,10.0,16.081308338613248,10.58220751962349
computed_torque,10.0,tuned,64,-5.0,12.5,20.192169218218265,13.555924056037906
computed_torque,10.0,tuned,65,-5.0,15.0,22.824077044362667,15.031305615238637
computed_torque,10.0,tuned,66,-2.5,-15.0,14.460223393332486,14.995190910646611
computed_torque,10.0,tuned,67,-2.5,-12.5,13.450075950251716,13.77245074963872
computed_torque,10.0,tuned,68,-2.5,-10.0,11.434511232547436,11.333724172156286
computed_torque,10.0,tuned,69,-2.5,-7.5,7.035006411798107,6.134578298658864
computed_torque,10.0,tuned,70,-2.5,-5.0,3.354034383625367,1.6125474490317453
computed_torque,10.0,tuned,71,-2.5,-2.5,4.669297004020183,4.588703887363785
computed_torque,10.0,tuned,72,-2.5,0.0,4.364585167022422,4.704931910668852
computed_torque,10.0,tuned,73,-2.5,2.5,2.6563061054725736,1.9181719968856006
computed_torque,10.0,tuned,74,-2.5,5.0,8.038992908422259,5.434458509550157
computed_torque,10.0,tuned,75,-2.5,7.5,14.85952823668287,11.336555203624165
computed_torque,10.0,tuned,76,-2.5,10.0,18.74794240160712,14.133147316951403
computed_torque,10.0,tuned,77,-2.5,12.5,21.277189909024607,15.537944128057196
computed_torque,10.0,tuned,78,-2.5,15.0,23.30817143531811,16.410613071731014
computed_torque,10.0,tuned,79,0.0,-15.0,12.936457110908975,14.908365325438238
computed_torque,10.0,tuned,80,0.0,-12.5,11.987050488297063,13.720604498587452
computed_torque,10.0,tuned,81,0.0,-10.0,10.050368939955055,11.293369736146483
computed_torque,10.0,tuned,82,0.0,-7.5,5.888998492004874,6.232629458053665
computed_torque,10.0,tuned,83,0.0,-5.0,2.5773038998498907,1.256814557663044
computed_torque,10.0,tuned,84,0.0,-2.5,2.5493822088401528,2.065342353737349
computed_torque,10.0,tuned,85,0.0,2.5,8.288706922280502,7.597766161309094
computed_torque,10.0,tuned,86,0.0,5.0,14.179753983651064,12.590899042815876
computed_torque,10.0,tuned,87,0.0,7.5,17.565464513596865,14.956291891191222
computed_torque,10.0,tuned,88,0.0,10.0,19.896378491677428,16.202534340478813
computed_torque,10.0,tuned,89,0.0,12.5,21.82957057602901,16.999061909792385
computed_torque,10.0,tuned,90,0.0,15.0,23.600275022295556,17.58780766938414
computed_torque,10.0,tuned,91,2.5,-15.0,11.555666938038424,14.982239953865621
computed_torque,10.0,tuned,92,2.5,-12.5,10.816373199456676,14.012604177813985
computed_torque,10.0,tuned,93,2.5,-10.0,9.402485176480885,12.12003260310763
computed_torque,10.0,tuned,94,2.5,-7.5,6.622118337488988,8.620108982521176
computed_torque,10.0,tuned,95,2.5,-5.0,3.954269898907232,5.457159137133015
computed_torque,10.0,tuned,96,2.5,-2.5,5.023514475055475,6.544900958357148
computed_torque,10.0,tuned,97,2.5,0.0,9.84478633594249,10.946352547168173
computed_torque,10.0,tuned,98,2.5,2.5,13.886020732931188,14.227927001990258
computed_torque,10.0,tuned,99,2.5,5.0,16.576633173035,15.97587953400067
computed_torque,10.0,tuned,100,2.5,7.5,18.633752046110516,16.988198286104865
computed_torque,10.0,tuned,101,2.5,10.0,20.423533019547293,17.662517351907187
computed_torque,10.0,tuned,102,2.5,12.5,22.091487669109945,18.159787328705978
computed_torque,10.0,tuned,103,2.5,15.0,23.689655549308846,18.542003584643318
computed_torque,10.0,tuned,104,5.0,-15.0,10.34218448722345,15.281048980282447
computed_torque,10.0,tuned,105,5.0,-12.5,9.950963796908283,14.710724212376844
computed_torque,10.0,tuned,106,5.0,-10.0,9.4421694186791,13.829485192079089
computed_torque,10.0,tuned,107,5.0,-7.5,8.875306050769229,12.788831157700441
computed_torque,10.0,tuned,108,5.0,-5.0,9.293772865776077,12.797984274544772
computed_torque,10.0,tuned,109,5.0,-2.5,11.301797343573423,14.335118218636987
computed_torque,10.0,tuned,110,5.0,0.0,13.627418043378134,15.95514259974628
computed_torque,10.0,tuned,111,5.0,2.5,15.642546950578073,17.07597254505938
computed_torque,10.0,tuned,112,5.0,5.0,17.4036231080245,17.82151514262166
computed_torque,10.0,tuned,113,5.0,7.5,19.026742127555853,18.34499656087116
computed_torque,10.0,tuned,114,5.0,10.0,20.576868118400455,18.731702368829254
computed_torque,10.0,tuned,115,5.0,12.5,22.082962371957954,19.023312821964506
computed_torque,10.0,tuned,116,5.0,15.0,23.5601714087027,19.243788354938715
computed_torque,10.0,tuned,117,7.5,-15.0,9.27687134189672,15.822999133256666
computed_torque,10.0,tuned,118,7.5,-12.5,9.269624401242542,15.69346183891337
computed_torque,10.0,tuned,119,7.5,-10.0,9.57784602093631,15.705066490248408
computed_torque,10.0,tuned,120,7.5,-7.5,10.316421736588854,16.007744808985365
computed_torque,10.0,tuned,121,7.5,-5.0,11.549271462436746,16.670744232087245
computed_torque,10.0,tuned,122,7.5,-2.5,13.065737212128267,17.45617091286992
computed_torque,10.0,tuned,123,7.5,0.0,14.616338123796861,18.123188081153646
computed_torque,10.0,tuned,124,7.5,2.5,16.121895422680353,18.626061270254265
computed_torque,10.0,tuned,125,7.5,5.0,17.584923859634095,18.996369030138908
computed_torque,10.0,tuned,126,7.5,7.5,19.02152823540795,19.270582879341305
computed_torque,10.0,tuned,127,7.5,10.0,20.443095106209462,19.47413096951936
computed_torque,10.0,tuned,128,7.5,12.5,21.85705312109461,19.624520653261225
computed_torque,10.0,tuned,129,7.5,15.0,23.268270274823312,19.734137391357198
computed_torque,10.0,tuned,130,10.0,-15.0,8.324283298343701,16.57579388232939
computed_torque,10.0,tuned,131,10.0,-12.5,8.66409959195361,16.790856397984243
computed_torque,10.0,tuned,132,10.0,-10.0,9.488111346214552,17.270446178725315
computed_torque,10.0,tuned,133,10.0,-7.5,10.711494822237933,17.94628793330492
computed_torque,10.0,tuned,134,10.0,-5.0,12.069881431721981,18.57128415327244
computed_torque,10.0,tuned,135,10.0,-2.5,13.413933497679496,19.030196922504462
computed_torque,10.0,tuned,136,10.0,0.0,14.743946993468473,19.357600879334917
computed_torque,10.0,tuned,137,10.0,2.5,16.074997704011135,19.593572384193912
computed_torque,10.0,tuned,138,10.0,5.0,17.414714374846692,19.764869812078746
computed_torque,10.0,tuned,139,10.0,7.5,18.76594079435395,19.888839604538322
computed_torque,10.0,tuned,140,10.0,10.0,20.129389387061565,19.977127183233762
computed_torque,10.0,tuned,141,10.0,12.5,21.5048716570519,20.03787129674056
computed_torque,10.0,tuned,142,10.0,15.0,22.89146622272317,20.076599913609883
computed_torque,10.0,tuned,143,12.5,-15.0,7.57683251134125,17.625915091244888
computed_torque,10.0,tuned,144,12.5,-12.5,8.256563616476841,18.071743788689883
computed_torque,10.0,tuned,145,12.5,-10.0,9.369670586060282,18.69110939998409
computed_torque,10.0,tuned,146,12.5,-7.5,10.700338570399392,19.31952338265884
computed_torque,10.0,tuned,147,12.5,-5.0,12.00544967614076,19.7504109582019
computed_torque,10.0,tuned,148,12.5,-2.5,13.251561094219673,19.991610078770766
computed_torque,10.0,tuned,149,12.5,0.0,14.493950383706574,20.130283246978205
computed_torque,10.0,tuned,150,12.5,2.5,15.76211348850328,20.21758055918174
computed_torque,10.0,tuned,151,12.5,5.0,17.061577003502112,20.27483894357436
computed_torque,10.0,tuned,152,12.5,7.5,18.38931786806324,20.31092292319862
computed_torque,10.0,tuned,153,12.5,10.0,19.74078898144053,20.3303479396908
computed_torque,10.0,tuned,154,12.5,12.5,21.111586678995486,20.335692149753573
computed_torque,10.0,tuned,155,12.5,15.0,22.49768586596281,20.32840406119027
computed_torque,10.0,tuned,156,15.0,-15.0,7.178201764149404,19.072710637748617
computed_torque,10.0,tuned,157,15.0,-12.5,8.039960660624919,19.46619634680218
computed_torque,10.0,tuned,158,15.0,-10.0,9.169052975841845,19.904877842389297
computed_torque,10.0,tuned,159,15.0,-7.5,10.400516289820922,20.273794640997505
computed_torque,10.0,tuned,160,15.0,-5.0,11.61962087196002,20.489279646408406
computed_torque,10.0,tuned,161,15.0,-2.5,12.827646284624649,20.58388827775248
computed_torque,10.0,tuned,162,15.0,0.0,14.060676234771627,20.619683376325384
computed_torque,10.0,tuned,163,15.0,2.5,15.333331453507775,20.630510057348967
computed_torque,10.0,tuned,164,15.0,5.0,16.643740434474648,20.628332810415493
computed_torque,10.0,tuned,165,15.0,7.5,17.98509221720838,20.61643069029042
computed_torque,10.0,tuned,166,15.0,10.0,19.350531713887175,20.595483851229208
computed_torque,10.0,tuned,167,15.0,12.5,20.734323689536684,20.565535727712273
computed_torque,10.0,tuned,168,15.0,15.0,22.131874549695517,20.526551114011646
computed_torque,10.0,eight,0,0.0,0.0,0.08728484129200584,0.08710919670193726
computed_torque,10.0,eight,1,-15.0,-15.0,15.89801457925431,6.2978114796729265
computed_torque,10.0,eight,2,-15.0,-12.5,14.425243990576304,5.571650484566293
computed_torque,10.0,eight,3,-15.0,-10.0,13.097103871348175,4.872168017387868
computed_torque,10.0,eight,4,-15.0,-7.5,11.962156708009996,4.213324878326329
computed_torque,10.0,eight,5,-15.0,-5.0,11.079642675243615,3.617375835507383
computed_torque,10.0,eight,6,-15.0,-2.5,10.512422624221788,3.119681620072265
computed_torque,10.0,eight,7,-15.0,0.0,10.311158836488957,2.7717380914398735
computed_torque,10.0,eight,8,-15.0,2.5,10.494922033474433,2.630671853535575
computed_torque,10.0,eight,9,-15.0,5.0,11.04213522132323,2.7251475050570515
computed_torque,10.0,eight,10,-15.0,7.5,11.900160451643252,3.029334214597475
computed_torque,10.0,eight,11,-15.0,10.0,13.004887971004697,3.484904493462855
computed_torque,10.0,eight,12,-15.0,12.5,14.296448010085964,4.0372293250469244
computed_torque,10.0,eight,13,-15.0,15.0,15.726068560539243,4.6484289544709245
computed_torque,10.0,eight,14,-12.5,-15.0,14.794918316745687,5.993373086387168
computed_torque,10.0,eight,15,-12.5,-12.5,13.208253019419697,5.247833075003729
computed_torque,10.0,eight,16,-12.5,-10.0,11.752382612134918,4.524515617126528
computed_torque,10.0,eight,17,-12.5,-7.5,10.482185485846479,3.836603502015735
computed_torque,10.0,eight,18,-12.5,-5.0,9.472198837638272,3.2067957977137236
computed_torque,10.0,eight,19,-12.5,-2.5,8.811140144018545,2.6752328702638746
computed_torque,10.0,eight,20,-12.5,0.0,8.578098039206754,2.3082641522100786
computed_torque,10.0,eight,21,-12.5,2.5,8.804577749169464,2.1865648721371196
computed_torque,10.0,eight,22,-12.5,5.0,9.45469966737336,2.3442320940488086
computed_torque,10.0,eight,23,-12.5,7.5,10.44656579097177,2.728899711213988
computed_torque,10.0,eight,24,-12.5,10.0,11.690340144363635,3.2569571349692974
computed_torque,10.0,eight,25,-12.5,12.5,13.111355804883937,3.8661794788972124
computed_torque,10.0,eight,26,-12.5,15.0,14.655010038004939,4.52021437697027
computed_torque,10.0,eight,27,-10.0,-15.0,13.834865553491541,5.70694318811619
computed_torque,10.0,eight,28,-10.0,-12.5,12.130614972253074,4.94324297689205
computed_torque,10.0,eight,29,-10.0,-10.0,10.534680870687332,4.1966585614094685
computed_torque,10.0,eight,30,-10.0,-7.5,9.104362542456963,3.47873963980949
computed_torque,10.0,eight,31,-10.0,-5.0,7.92910798409943,2.811171131000631
computed_torque,10.0,eight,32,-10.0,-2.5,7.134406235407898,2.237806423460077
computed_torque,10.0,eight,33,-10.0,0.0,6.851310952338896,1.845160673887392
computed_torque,10.0,eight,34,-10.0,2.5,7.137609289456393,1.7539417244707411
computed_torque,10.0,eight,35,-10.0,5.0,7.928214440727037,2.0004424958538443
computed_torque,10.0,eight,36,-10.0,7.5,9.088757167899484,2.4811554976113275
computed_torque,10.0,eight,37,-10.0,10.0,10.493539043761572,3.08402342766924
computed_torque,10.0,eight,38,-10.0,12.5,12.053886317094586,3.7464486751271857
computed_torque,10.0,eight,39,-10.0,15.0,13.713322654748199,4.438085767131494
computed_torque,10.0,eight,40,-7.5,-15.0,13.046293580612453,5.441482549439592
computed_torque,10.0,eight,41,-7.5,-12.5,11.228966980971443,4.661761744621904
computed_torque,10.0,eight,42,-7.5,-10.0,9.488979806279275,3.8937040795071454
computed_torque,10.0,eight,43,-7.5,-7.5,7.877788454902041,3.146266527844097
computed_torque,10.0,eight,44,-7.5,-5.0,6.490989947366309,2.437866790586415
computed_torque,10.0,eight,45,-7.5,-2.5,5.498605355772309,1.8125330526077028
computed_torque,10.0,eight,46,-7.5,0.0,5.130894912118754,1.3827795888512757
computed_torque,10.0,eight,47,-7.5,2.5,5.509721942065771,1.343850111911148
computed_torque,10.0,eight,48,-7.5,5.0,6.501266246208991,1.7161196371764749
computed_torque,10.0,eight,49,-7.5,7.5,7.872932604244095,2.3030505137865416
computed_torque,10.0,eight,50,-7.5,10.0,9.456525546592504,2.975599675069275
computed_torque,10.0,eight,51,-7.5,12.5,11.158166787498743,3.682943344764991
computed_torque,10.0,eight,52,-7.5,15.0,12.927506012346058,4.404528926596131
computed_torque,10.0,eight,53,-5.0,-15.0,12.45843738857365,5.200266209827232
computed_torque,10.0,eight,54,-5.0,-12.5,10.54471916075261,4.407862548751782
computed_torque,10.0,eight,55,-5.0,-10.0,8.673232436658452,3.6219230572477144
computed_torque,10.0,eight,56,-5.0,-7.5,6.878413260871708,2.8480652951011844
computed_torque,10.0,eight,57,-5.0,-5.0,5.238154409426624,2.098732999276922
computed_torque,10.0,eight,58,-5.0,-2.5,3.946284553486364,1.4102250685717603
computed_torque,10.0,eight,59,-5.0,0.0,3.417010645680192,0.921745707455268
computed_torque,10.0,eight,60,-5.0,2.5,3.9615249902420415,0.984315786451196
computed_torque,10.0,eight,61,-5.0,5.0,5.249987958627797,1.5244945431464088
computed_torque,10.0,eight,62,-5.0,7.5,6.870791818010666,2.2111626017695722
computed_torque,10.0,eight,63,-5.0,10.0,8.633995564442696,2.938578580722688
computed_torque,10.0,eight,64,-5.0,12.5,10.463428974059946,3.67835910946184
computed_torque,10.0,eight,65,-5.0,15.0,12.32549740928714,4.420461522082443
computed_torque,10.0,eight,66,-2.5,-15.0,12.097091785490704,4.986817619026873
computed_torque,10.0,eight,67,-2.5,-12.5,10.118045224441214,4.186535302657863
computed_torque,10.0,eight,68,-2.5,-10.0,8.151949489201924,3.3887411260277913
computed_torque,10.0,eight,69,-2.5,-7.5,6.210783682700187,2.5958088980303025
computed_torque,10.0,eight,70,-2.5,-5.0,4.326113284951785,1.8127345356213302
computed_torque,10.0,eight,71,-2.5,-2.5,2.6166747210882213,1.05676735549662
computed_torque,10.0,eight,72,-2.5,0.0,1.7102482688166842,0.46431364432900807
computed_torque,10.0,eight,73,-2.5,2.5,2.6255142072098656,0.750526260515484
computed_torque,10.0,eight,74,-2.5,5.0,4.322646722547832,1.461771535765348
computed_torque,10.0,eight,75,-2.5,7.5,6.182523108534386,2.215744138752918
computed_torque,10.0,eight,76,-2.5,10.0,8.088341402656186,2.9752339625202957
computed_torque,10.0,eight,77,-2.5,12.5,10.009093149352191,3.732587090366577
computed_torque,10.0,eight,78,-2.5,15.0,11.933158818384364,4.485077496109858
computed_torque,10.0,eight,79,0.0,-15.0,11.97921561177044,4.80477965941255
computed_torque,10.0,eight,80,0.0,-12.5,9.977938122233981,4.003073027351559
computed_torque,10.0,eight,81,0.0,-10.0,7.978119419568843,3.202407500863355
computed_torque,10.0,eight,82,0.0,-7.5,5.98066363804392,2.403680341741314
computed_torque,10.0,eight,83,0.0,-5.0,3.9864985630294245,1.607890186289897
computed_torque,10.0,eight,84,0.0,-2.5,1.996888913118832,0.8168209144644272
computed_torque,10.0,eight,85,0.0,2.5,1.9732308266993512,0.7658522410061066
computed_torque,10.0,eight,86,0.0,5.0,3.946629774951158,1.5428228767877596
computed_torque,10.0,eight,87,0.0,7.5,5.913901274762009,2.315572823204766
computed_torque,10.0,eight,88,0.0,10.0,7.873926672327302,3.0824288310397794
computed_torque,10.0,eight,89,0.0,12.5,9.825990085222664,3.842716260285537
computed_torque,10.0,eight,90,0.0,15.0,11.769454019120225,4.595963875275485
computed_torque,10.0,eight,91,2.5,-15.0,12.108395649581013,4.657710726180389
computed_torque,10.0,eight,92,2.5,-12.5,10.13224833282629,3.86267509117429
computed_torque,10.0,eight,93,2.5,-10.0,8.169138060201727,3.071150877767763
computed_torque,10.0,eight,94,2.5,-7.5,6.230645887251639,2.286393315454207
computed_torque,10.0,eight,95,2.5,-5.0,4.347085407069296,1.5165810050680744
computed_torque,10.0,eight,96,2.5,-2.5,2.631779417528019,0.7982309417621118
computed_torque,10.0,eight,97,2.5,0.0,1.6907095368842293,0.4716581821492857
computed_torque,10.0,eight,98,2.5,2.5,2.5753184487023653,1.0174456684512336
computed_torque,10.0,eight,99,2.5,5.0,4.2632042468689715,1.746725291262846
computed_torque,10.0,eight,100,2.5,7.5,6.115832221343807,2.498502895712157
computed_torque,10.0,eight,101,2.5,10.0,8.01404542466669,3.252593814347383
computed_torque,10.0,eight,102,2.5,12.5,9.926598203914448,4.003633449758574
computed_torque,10.0,eight,103,2.5,15.0,11.841860541026655,4.7494500468872625
computed_torque,10.0,eight,104,5.0,-15.0,12.473540424286274,4.548809451523571
computed_torque,10.0,eight,105,5.0,-12.5,10.56421568369085,3.7698685231320197
computed_torque,10.0,eight,106,5.0,-10.0,8.696505238689642,3.001779011313843
computed_torque,10.0,eight,107,5.0,-7.5,6.903381886141403,2.255005315592274
computed_torque,10.0,eight,108,5.0,-5.0,5.2591366230063,1.5578380884649172
computed_torque,10.0,eight,109,5.0,-2.5,3.949004579439909,1.0114822619075527
computed_torque,10.0,eight,110,5.0,0.0,3.3782131705347163,0.9253794738729821
computed_torque,10.0,eight,111,5.0,2.5,3.879053378782471,1.3802719936534318
computed_torque,10.0,eight,112,5.0,5.0,5.14035671726421,2.035843649563262
computed_torque,10.0,eight,113,5.0,7.5,6.742036401789035,2.7471623415099833
computed_torque,10.0,eight,114,5.0,10.0,8.48803736578517,3.475821196221446
computed_torque,10.0,eight,115,5.0,12.5,10.300173781619726,4.208949969939625
computed_torque,10.0,eight,116,5.0,15.0,12.14420897041692,4.941077535379908
computed_torque,10.0,eight,117,7.5,-15.0,13.051608927826702,4.480597151971287
computed_torque,10.0,eight,118,7.5,-12.5,11.238256372712224,3.7278370154932072
computed_torque,10.0,eight,119,7.5,-10.0,9.500294846054608,2.9980592148975553
computed_torque,10.0,eight,120,7.5,-7.5,7.886760528916044,2.3122435239085566
computed_torque,10.0,eight,121,7.5,-5.0,6.488840245200264,1.7210165238875021
computed_torque,10.0,eight,122,7.5,-2.5,5.470348818270331,1.3493310848254592
computed_torque,10.0,eight,123,7.5,0.0,5.060069825182031,1.3800759948831978
computed_torque,10.0,eight,124,7.5,2.5,5.3922484172648195,1.786492042028965
computed_torque,10.0,eight,125,7.5,5.0,6.345262337406293,2.378248317587874
computed_torque,10.0,eight,126,7.5,7.5,7.685934539668402,3.04463074524547
computed_torque,10.0,eight,127,7.5,10.0,9.241842491651624,3.7419070631737212
computed_torque,10.0,eight,128,7.5,12.5,10.916457572077773,4.451910102282507
computed_torque,10.0,eight,129,7.5,15.0,12.658184886439042,5.166065568634788
computed_torque,10.0,eight,130,10.0,-15.0,13.81284743469454,4.454615368307416
computed_torque,10.0,eight,131,10.0,-12.5,12.11069707265457,3.737843320467253
computed_torque,10.0,eight,132,10.0,-10.0,10.51364800109463,3.05961078256977
computed_torque,10.0,eight,133,10.0,-7.5,9.07634732879716,2.451052134675353
computed_torque,10.0,eight,134,10.0,-5.0,7.884559434996215,1.9749817643961265
computed_torque,10.0,eight,135,10.0,-2.5,7.060403113510634,1.739264122501167
computed_torque,10.0,eight,136,10.0,0.0,6.73575687787872,1.8335951186735826
computed_torque,10.0,eight,137,10.0,2.5,6.975616072185671,2.2110844320421545
computed_torque,10.0,eight,138,10.0,5.0,7.722325901163014,2.7530936460627546
computed_torque,10.0,eight,139,10.0,7.5,8.843311237498558,3.3771604216447306
computed_torque,10.0,eight,140,10.0,10.0,10.211152694327826,4.041645275291766
computed_torque,10.0,eight,141,10.0,12.5,11.735192395930243,4.726058848717165
computed_torque,10.0,eight,142,10.0,15.0,13.357657092469042,5.419685705041769
computed_torque,10.0,eight,143,12.5,-15.0,14.726053665723967,4.471211747867843
computed_torque,10.0,eight,144,12.5,-12.5,13.139052331482281,3.7989579700359766
computed_torque,10.0,eight,145,12.5,-10.0,11.67889649844742,3.181960299310249
computed_torque,10.0,eight,146,12.5,-7.5,10.398135585986534,2.6577820938323966
computed_torque,10.0,eight,147,12.5,-5.0,9.368714925557585,2.2885874506828503
computed_torque,10.0,eight,148,12.5,-2.5,8.677685686516643,2.1518793445600783
computed_torque,10.0,eight,149,12.5,0.0,8.405218869890318,2.2853546992084492
computed_torque,10.0,eight,150,12.5,2.5,8.58695672074727,2.644055739794635
computed_torque,10.0,eight,151,12.5,5.0,9.191427329819563,3.147802791448731
computed_torque,10.0,eight,152,12.5,7.5,10.138683664130852,3.734520525112847
computed_torque,10.0,eight,153,12.5,10.0,11.338598912129012,4.367345341765146
computed_torque,10.0,eight,154,12.5,12.5,12.715448423644244,5.02561753495428
computed_torque,10.0,eight,155,12.5,15.0,14.21367946429331,5.6975127795974565
computed_torque,10.0,eight,156,15.0,-15.0,15.762241487906872,4.52947584839149
computed_torque,10.0,eight,157,15.0,-12.5,14.286961066500101,3.9082103232184933
computed_torque,10.0,eight,158,15.0,-10.0,12.95223309926566,3.3577334490071404
computed_torque,10.0,eight,159,15.0,-7.5,11.8047915644794,2.917112131534772
computed_torque,10.0,eight,160,15.0,-5.0,10.902141438778031,2.6395767036842916
computed_torque,10.0,eight,161,15.0,-2.5,10.306249590639409,2.575111133076348
computed_torque,10.0,eight,162,15.0,0.0,10.068493842981109,2.735046938439231
computed_torque,10.0,eight,163,15.0,2.5,10.210174072300628,3.0807841724313945
computed_torque,10.0,eight,164,15.0,5.0,10.712185551000228,3.554787163142244
computed_torque,10.0,eight,165,15.0,7.5,11.523337645588999,4.1093689123290815
computed_torque,10.0,eight,166,15.0,10.0,12.579768386273763,4.7128540300836255
computed_torque,10.0,eight,167,15.0,12.5,13.821212792323086,5.3456242737465045
computed_torque,10.0,eight,168,15.0,15.0,15.198378436800697,5.995560739302716
pd,20.0,tuned,0,0.0,0.0,1.9659399411781988,1.9655101210719328
pd,20.0,tuned,1,-15.0,-15.0,21.630799479355176,14.79222786444316
pd,20.0,tuned,2,-15.0,-12.5,21.10742505602561,14.216646618017485
pd,20.0,tuned,3,-15.0,-10.0,20.432901242982656,13.404836225607582
pd,20.0,tuned,4,-15.0,-7.5,19.20788463288171,11.959423214816779
pd,20.0,tuned,5,-15.0,-5.0,16.17167412120952,8.567873743282544
pd,20.0,tuned,6,-15.0,-2.5,10.695305873210389,2.136154909635237
pd,20.0,tuned,7,-15.0,0.0,8.453679518623938,4.55746113973644
pd,20.0,tuned,8,-15.0,2.5,9.02094864530021,7.381052639226069
pd,20.0,tuned,9,-15.0,5.0,9.721323152187068,8.60903322296102
pd,20.0,tuned,10,-15.0,7.5,10.320440763500073,8.985962397703293
pd,20.0,tuned,11,-15.0,10.0,10.82712167401546,8.552364949131379
pd,20.0,tuned,12,-15.0,12.5,11.277704706945862,6.686479496802466
pd,20.0,tuned,13,-15.0,15.0,13.03255361906892,2.1234220757220683
pd,20.0,tuned,14,-12.5,-15.0,19.870754903592292,14.511001183966902
pd,20.0,tuned,15,-12.5,-12.5,19.316981144557676,13.896193382878657
pd,20.0,tuned,16,-12.5,-10.0,18.471493465979016,12.88715536874273
pd,20.0,tuned,17,-12.5,-7.5,16.54761809276408,10.677162319270277
pd,20.0,tuned,18,-12.5,-5.0,11.999748610339381,5.537850569140771
pd,20.0,tuned,19,-12.5,-2.5,7.522066721695436,2.1133535527203953
pd,20.0,tuned,20,-12.5,0.0,7.515117115997928,6.0861650425847005
pd,20.0,tuned,21,-12.5,2.5,8.3522493653899,7.951660110806982
pd,20.0,tuned,22,-12.5,5.0,8.981160248853925,8.68439352929935
pd,20.0,tuned,23,-12.5,7.5,9.40020117520844,8.547495315975983
pd,20.0,tuned,24,-12.5,10.0,9.597766799084527,7.113606568987474
pd,20.0,tuned,25,-12.5,12.5,10.510316366901733,3.077708830413065
pd,20.0,tuned,26,-12.5,15.0,15.799234034540634,4.7741418359269066
pd,20.0,tuned,27,-10.0,-15.0,18.161585256910794,14.259772948413662
pd,20.0,tuned,28,-10.0,-12.5,17.533588241726427,13.55497587634607
pd,20.0,tuned,29,-10.0,-10.0,16.383474371075117,12.196678597694914
pd,20.0,tuned,30,-10.0,-7.5,13.501195597890954,8.914125282651526
pd,20.0,tuned,31,-10.0,-5.0,8.16844926602149,2.6096228303215177
pd,20.0,tuned,32,-10.0,-2.5,6.086690657393106,4.027155448166932
pd,20.0,tuned,33,-10.0,0.0,7.086751636667145,6.9651251123598
pd,20.0,tuned,34,-10.0,2.5,7.89519259539183,8.235871318518532
pd,20.0,tuned,35,-10.0,5.0,8.29226757545207,8.453652775565079
pd,20.0,tuned,36,-10.0,7.5,8.24311163569623,7.391562943150698
pd,20.0,tuned,37,-10.0,10.0,8.337916710806743,3.8572461040232127
pd,20.0,tuned,38,-10.0,12.5,12.925456244510958,3.8889157733256594
pd,20.0,tuned,39,-10.0,15.0,19.493285158974174,9.841249043610869
pd,20.0,tuned,40,-7.5,-15.0,16.49166366309271,14.023146930236496
pd,20.0,tuned,41,-7.5,-12.5,15.740270481272772,13.168924536517519
pd,20.0,tuned,42,-7.5,-10.0,14.180772277000129,11.333909680524966
pd,20.0,tuned,43,-7.5,-7.5,10.351821413356323,6.930097378911072
pd,20.0,tuned,44,-7.5,-5.0,5.500360405517374,1.332288789391008
pd,20.0,tuned,45,-7.5,-2.5,5.748357173400661,5.307226573679727
pd,20.0,tuned,46,-7.5,0.0,6.997154437346583,7.49218975763499
pd,20.0,tuned,47,-7.5,2.5,7.537635035470586,8.204660840181901
pd,20.0,tuned,48,-7.5,5.0,7.306012148556957,7.519541140903138
pd,20.0,tuned,49,-7.5,7.5,6.543419791140826,4.385894012340455
pd,20.0,tuned,50,-7.5,10.0,10.318778046249696,3.3007219553910505
pd,20.0,tuned,51,-7.5,12.5,17.2813009205281,9.697784198390304
pd,20.0,tuned,52,-7.5,15.0,21.68035254764186,12.977313808352012
pd,20.0,tuned,53,-5.0,-15.0,14.861420068652274,13.799852523019275
pd,20.0,tuned,54,-5.0,-12.5,13.963645076378734,12.763176250731174
pd,20.0,tuned,55,-5.0,-10.0,11.991092016295896,10.426397366277742
pd,20.0,tuned,56,-5.0,-7.5,7.531554766103368,5.154713247279985
pd,20.0,tuned,57,-5.0,-5.0,4.302166835635164,2.333144665837384
pd,20.0,tuned,58,-5.0,-2.5,5.9711942303998935,6.070680416137443
pd,20.0,tuned,59,-5.0,0.0,6.98606556551869,7.599492505417185
pd,20.0,tuned,60,-5.0,2.5,6.755334985176538,7.373684264414531
pd,20.0,tuned,61,-5.0,5.0,5.154425272572583,4.535949240307977
pd,20.0,tuned,62,-5.0,7.5,8.123855172655402,3.189260721259126
pd,20.0,tuned,63,-5.0,10.0,15.395331032094402,9.850773232076277
pd,20.0,tuned,64,-5.0,12.5,19.857806384322952,13.212518705516265
pd,20.0,tuned,65,-5.0,15.0,22.745596442606598,14.957657954063224
pd,20.0,tuned,66,-2.5,-15.0,13.293845446313194,13.617806619188917
pd,20.0,tuned,67,-2.5,-12.5,12.285395873722479,12.431379896994772
pd,20.0,tuned,68,-2.5,-10.0,10.043487913251,9.727671730445467
pd,20.0,tuned,69,-2.5,-7.5,5.436647138542254,4.035566571185247
pd,20.0,tuned,70,-2.5,-5.0,4.157604260663502,3.0369872108182867
pd,20.0,tuned,71,-2.5,-2.5,6.085223380655153,6.106000019424938
pd,20.0,tuned,72,-2.5,0.0,6.20834073645273,6.59503831393238
pd,20.0,tuned,73,-2.5,2.5,3.940336812565408,3.9664561586523495
pd,20.0,tuned,74,-2.5,5.0,6.675753461140081,3.893210573451935
pd,20.0,tuned,75,-2.5,7.5,14.006200515919597,10.460909588466059
pd,20.0,tuned,76,-2.5,10.0,18.29493862520552,13.680526902232089
pd,20.0,tuned,77,-2.5,12.5,21.082154928492898,15.352720323006883
pd,20.0,tuned,78,-2.5,15.0,23.272353460063687,16.39349458552714
pd,20.0,tuned,79,0.0,-15.0,11.83051366613339,13.535015716168516
pd,20.0,tuned,80,0.0,-12.5,10.824175469918933,12.32696949936337
pd,20.0,tuned,81,0.0,-10.0,8.631690629479566,9.607140541395147
pd,20.0,tuned,82,0.0,-7.5,4.377196375395794,4.15673183507737
pd,20.0,tuned,83,0.0,-5.0,3.6092846388006943,2.3624586263086975
pd,20.0,tuned,84,0.0,-2.5,4.5379818407295005,4.1549644973019255
pd,20.0,tuned,85,0.0,2.5,6.678372783891293,5.952768349285573
pd,20.0,tuned,86,0.0,5.0,13.239900698289187,11.647162663239284
pd,20.0,tuned,87,0.0,7.5,17.032289782824375,14.427850962348773
pd,20.0,tuned,88,0.0,10.0,19.601346816381586,15.9184520986588
pd,20.0,tuned,89,0.0,12.5,21.66777509353799,16.85592274253185
pd,20.0,tuned,90,0.0,15.0,23.495813445737493,17.511727494205854
pd,20.0,tuned,91,2.5,-15.0,10.517315838699055,13.631714342864981
pd,20.0,tuned,92,2.5,-12.5,9.689624710738828,12.623069600401996
pd,20.0,tuned,93,2.5,-10.0,8.04614831179419,10.497945189743389
pd,20.0,tuned,94,2.5,-7.5,4.937623518825547,6.592689757164029
pd,20.0,tuned,95,2.5,-5.0,2.2835982522745017,3.359410123176992
pd,20.0,tuned,96,2.5,-2.5,2.9591075125233135,4.515977910369747
pd,20.0,tuned,97,2.5,0.0,8.391942622583606,9.49305156595533
pd,20.0,tuned,98,2.5,2.5,12.999984604847436,13.340161165165403
pd,20.0,tuned,99,2.5,5.0,16.025256534979636,15.427286323934654
pd,20.0,tuned,100,2.5,7.5,18.273121419880788,16.6360300971516
pd,20.0,tuned,101,2.5,10.0,20.161654377638428,17.41650250069831
pd,20.0,tuned,102,2.5,12.5,21.86629547261874,17.959505063630573
pd,20.0,tuned,103,2.5,15.0,23.462460342747402,18.349900541317233
pd,20.0,tuned,104,5.0,-15.0,9.381966295458366,13.99172649795878
pd,20.0,tuned,105,5.0,-12.5,8.90192069234684,13.408220500930396
pd,20.0,tuned,106,5.0,-10.0,8.26356801754065,12.45018999694708
pd,20.0,tuned,107,5.0,-7.5,7.5319558095825485,11.301730013422642
pd,20.0,tuned,108,5.0,-5.0,7.960197879736825,11.39876445484408
pd,20.0,tuned,109,5.0,-2.5,10.252102432423433,13.260202303324524
pd,20.0,tuned,110,5.0,0.0,12.890467603506455,15.20708665791257
pd,20.0,tuned,111,5.0,2.5,15.126201428535548,16.55638349573117
pd,20.0,tuned,112,5.0,5.0,17.016428358683825,17.43800724572116
pd,20.0,tuned,113,5.0,7.5,18.70101529564709,18.03046551837465
pd,20.0,tuned,114,5.0,10.0,20.268237141594316,18.44256685031316
pd,20.0,tuned,115,5.0,12.5,21.766390283561943,18.735124740894605
pd,20.0,tuned,116,5.0,15.0,23.224979756435186,18.946257426583855
pd,20.0,tuned,117,7.5,-15.0,8.39998084155255,14.640750627316123
pd,20.0,tuned,118,7.5,-12.5,8.324377695205627,14.543262893385236
pd,20.0,tuned,119,7.5,-10.0,8.616002697539868,14.6158820850991
pd,20.0,tuned,120,7.5,-7.5,9.415555590125399,15.034640826065635
pd,20.0,tuned,121,7.5,-5.0,10.79268414899047,15.875734661873725
pd,20.0,tuned,122,7.5,-2.5,12.478696987970768,16.84877287567023
pd,20.0,tuned,123,7.5,0.0,14.159852691892938,17.656929759076135
pd,20.0,tuned,124,7.5,2.5,15.73950453211777,18.241926608044192
pd,20.0,tuned,125,7.5,5.0,17.231065580517296,18.64814512412229
pd,20.0,tuned,126,7.5,7.5,18.667738124011738,18.929704383718367
pd,20.0,tuned,127,7.5,10.0,20.075224785322632,19.12646820938785
pd,20.0,tuned,128,7.5,12.5,21.470865760841143,19.26592796303314
pd,20.0,tuned,129,7.5,15.0,22.865709427619077,19.36676975472937
pd,20.0,tuned,130,10.0,-15.0,7.54497646378725,15.55431917716555
pd,20.0,tuned,131,10.0,-12.5,7.855797198854174,15.841543582801991
pd,20.0,tuned,132,10.0,-10.0,8.741670214646641,16.44485306551422
pd,20.0,tuned,133,10.0,-7.5,10.09761218409823,17.2862853448409
pd,20.0,tuned,134,10.0,-5.0,11.58987882893843,18.06390250287561
pd,20.0,tuned,135,10.0,-2.5,13.019591629958176,18.620335830132504
pd,20.0,tuned,136,10.0,0.0,14.386076602032405,18.99273095440088
pd,20.0,tuned,137,10.0,2.5,15.720827705899431,19.239276421606718
pd,20.0,tuned,138,10.0,5.0,17.047141281831642,19.40311882622074
pd,20.0,tuned,139,10.0,7.5,18.378703474787137,19.51281358641194
pd,20.0,tuned,140,10.0,10.0,19.722918721952368,19.587002288050915
pd,20.0,tuned,141,10.0,12.5,21.08346222462161,19.637998779843834
pd,20.0,tuned,142,10.0,15.0,22.461523892621035,19.67373522098313
pd,20.0,tuned,143,12.5,-15.0,6.953361402593593,16.847559955657886
pd,20.0,tuned,144,12.5,-12.5,7.664269754165292,17.39469010514569
pd,20.0,tuned,145,12.5,-10.0,8.871984961193585,18.141883274218557
pd,20.0,tuned,146,12.5,-7.5,10.306237400226856,18.89221036489462
pd,20.0,tuned,147,12.5,-5.0,11.672369533927807,19.3965987162855
pd,20.0,tuned,148,12.5,-2.5,12.931214264645186,19.659281715281914
pd,20.0,tuned,149,12.5,0.0,14.159233733207923,19.789769806553597
pd,20.0,tuned,150,12.5,2.5,15.403435814131788,19.85750648070881
pd,20.0,tuned,151,12.5,5.0,16.678503093731546,19.893572634715163
pd,20.0,tuned,152,12.5,7.5,17.985813108748765,19.911759144623808
pd,20.0,tuned,153,12.5,10.0,19.322921648710025,19.91917678691039
pd,20.0,tuned,154,12.5,12.5,20.686386291820607,19.91979526673177
pd,20.0,tuned,155,12.5,15.0,22.072560960422223,19.915776012443942
pd,20.0,tuned,156,15.0,-15.0,6.786908977744128,18.603500152195696
pd,20.0,tuned,157,15.0,-12.5,7.693517671682355,19.07040562655622
pd,20.0,tuned,158,15.0,-10.0,8.876261777075028,19.577140155381183
pd,20.0,tuned,159,15.0,-7.5,10.13716692523996,19.98616216201149
pd,20.0,tuned,160,15.0,-5.0,11.34941915896029,20.202794181728937
pd,20.0,tuned,161,15.0,-2.5,12.52834809010714,20.2733669814361
pd,20.0,tuned,162,15.0,0.0,13.728062147400726,20.278369800196
pd,20.0,tuned,163,15.0,2.5,14.971885631053254,20.26107212520676
pd,20.0,tuned,164,15.0,5.0,16.260529681993365,20.236741695047815
pd,20.0,tuned,165,15.0,7.5,17.587672288389495,20.209785359960073
pd,20.0,tuned,166,15.0,10.0,18.946363270824676,20.181320599369897
pd,20.0,tuned,167,15.0,12.5,20.330590179198587,20.15152177743822
pd,20.0,tuned,168,15.0,15.0,21.73540221318869,20.12027530242754
pd,20.0,eight,0,0.0,0.0,0.09742613807336031,0.097819295557653
pd,20.0,eight,1,-15.0,-15.0,16.244107555950478,6.818045666004189
pd,20.0,eight,2,-15.0,-12.5,14.713292934959485,6.035431410526065
pd,20.0,eight,3,-15.0,-10.0,13.313605197270729,5.2671843974208095
pd,20.0,eight,4,-15.0,-7.5,12.094077328039727,4.525448819123039
pd,20.0,eight,5,-15.0,-5.0,11.11690918284932,3.830343847353771
pd,20.0,eight,6,-15.0,-2.5,10.452198255698907,3.216598196112101
pd,20.0,eight,7,-15.0,0.0,10.162365897446357,2.743040302797248
pd,20.0,eight,8,-15.0,2.5,10.279100959951222,2.493298578252557
pd,20.0,eight,9,-15.0,5.0,10.788262334905674,2.5352088861027626
pd,20.0,eight,10,-15.0,7.5,11.636808042962791,2.8553718530628776
pd,20.0,eight,11,-15.0,10.0,12.755041856204835,3.3740146386984597
pd,20.0,eight,12,-15.0,12.5,14.07636966615515,4.012917002949451
pd,20.0,eight,13,-15.0,15.0,15.546434498343334,4.721249956984194
pd,20.0,eight,14,-12.5,-15.0,15.128189530897558,6.474487175777825
pd,20.0,eight,15,-12.5,-12.5,13.497916755042558,5.680920547082496
pd,20.0,eight,16,-12.5,-10.0,11.985191159144533,4.8985538019354555
pd,20.0,eight,17,-12.5,-7.5,10.644290554588006,4.139046113149153
pd,20.0,eight,18,-12.5,-5.0,9.551210453960492,3.422936447881175
pd,20.0,eight,19,-12.5,-2.5,8.801161705307981,2.7889422002630404
pd,20.0,eight,20,-12.5,0.0,8.486775721682037,2.3101301036176096
pd,20.0,eight,21,-12.5,2.5,8.65559881367881,2.0985293015021886
pd,20.0,eight,22,-12.5,5.0,9.280166612121553,2.2323820473841525
pd,20.0,eight,23,-12.5,7.5,10.275779381038177,2.659370025988184
pd,20.0,eight,24,-12.5,10.0,11.544353793614096,3.264870735904483
pd,20.0,eight,25,-12.5,12.5,13.003417690524177,3.96584365429292
pd,20.0,eight,26,-12.5,15.0,14.592916835248905,4.717542011366979
pd,20.0,eight,27,-10.0,-15.0,14.139467748908558,6.143058452066108
pd,20.0,eight,28,-10.0,-12.5,12.405376419202103,5.338632510907306
pd,20.0,eight,29,-10.0,-10.0,10.76740535035503,4.541454123126617
pd,20.0,eight,30,-10.0,-7.5,9.281420704759972,3.7620133934643425
pd,20.0,eight,31,-10.0,-5.0,8.036370535413992,3.020136688901295
pd,20.0,eight,32,-10.0,-2.5,7.162158940098918,2.3576795378567272
pd,20.0,eight,33,-10.0,0.0,6.804878839889377,1.866894989614496
pd,20.0,eight,34,-10.0,2.5,7.043642418928099,1.7068408082056599
pd,20.0,eight,35,-10.0,5.0,7.822737214464084,1.9613401526554357
pd,20.0,eight,36,-10.0,7.5,9.00069316370831,2.5064804044398734
pd,20.0,eight,37,-10.0,10.0,10.440545214720732,3.195203420756348
pd,20.0,eight,38,-10.0,12.5,12.045559564486558,3.9509588207856536
pd,20.0,eight,39,-10.0,15.0,13.754660434358646,4.739335394224712
pd,20.0,eight,40,-7.5,-15.0,13.308531377166952,5.82853472795438
pd,20.0,eight,41,-7.5,-12.5,11.473403791278038,5.014151484835522
pd,20.0,eight,42,-7.5,-10.0,9.70505272900196,4.202400275053679
pd,20.0,eight,43,-7.5,-7.5,8.053409683158186,3.4017310409725217
pd,20.0,eight,44,-7.5,-5.0,6.611900431849248,2.629347749103946
pd,20.0,eight,45,-7.5,-2.5,5.55108580138586,1.927233622947455
pd,20.0,eight,46,-7.5,0.0,5.116008685104076,1.4124100118456078
pd,20.0,eight,47,-7.5,2.5,5.458564627115226,1.329729673509682
pd,20.0,eight,48,-7.5,5.0,6.4545848880207775,1.7431906438200158
pd,20.0,eight,49,-7.5,7.5,7.856832929508787,2.409013469249586
pd,20.0,eight,50,-7.5,10.0,9.48364903820918,3.1704104861411104
pd,20.0,eight,51,-7.5,12.5,11.234389360217612,3.9706044378264127
pd,20.0,eight,52,-7.5,15.0,13.055598698915285,4.787711537300308
pd,20.0,eight,53,-5.0,-15.0,12.669204458385211,5.5371055025642395
pd,20.0,eight,54,-5.0,-12.5,10.747106033393694,4.714966292112506
pd,20.0,eight,55,-5.0,-10.0,8.858191855595646,3.8906148914281133
pd,20.0,eight,56,-5.0,-7.5,7.036204448561931,3.069629763982495
pd,20.0,eight,57,-5.0,-5.0,5.356886707304672,2.264010463442325
pd,20.0,eight,58,-5.0,-2.5,4.010270106971198,1.5086272469440605
pd,20.0,eight,59,-5.0,0.0,3.419550404210887,0.9459914583234773
pd,20.0,eight,60,-5.0,2.5,3.941241362236784,0.9980245087602367
pd,20.0,eight,61,-5.0,5.0,5.2520386656258875,1.6077322971939263
pd,20.0,eight,62,-5.0,7.5,6.914089913354054,2.37879063651532
pd,20.0,eight,63,-5.0,10.0,8.72550895854028,3.194918937076358
pd,20.0,eight,64,-5.0,12.5,10.606258704738776,4.026686931975507
pd,20.0,eight,65,-5.0,15.0,12.521180709672405,4.8636438022815
pd,20.0,eight,66,-2.5,-15.0,12.254813193274996,5.276604823862797
pd,20.0,eight,67,-2.5,-12.5,10.274152557766442,4.450847081854289
pd,20.0,eight,68,-2.5,-10.0,8.297976091005152,3.618759809170506
pd,20.0,eight,69,-2.5,-7.5,6.3385664714477254,2.782904168956295
pd,20.0,eight,70,-2.5,-5.0,4.42716598793072,1.9483022558482979
pd,20.0,eight,71,-2.5,-2.5,2.6791826514857546,1.131399561747509
pd,20.0,eight,72,-2.5,0.0,1.715400990289506,0.46877627743858624
pd,20.0,eight,73,-2.5,2.5,2.626855772334326,0.7933847334125971
pd,20.0,eight,74,-2.5,5.0,4.362909809395689,1.586065398078112
pd,20.0,eight,75,-2.5,7.5,6.269576584334225,2.424178772991055
pd,20.0,eight,76,-2.5,10.0,8.225430694048434,3.2715985704672037
pd,20.0,eight,77,-2.5,12.5,10.19824470037528,4.120588057236703
pd,20.0,eight,78,-2.5,15.0,12.175645382110295,4.968001891579807
pd,20.0,eight,79,0.0,-15.0,12.092359704943677,5.056610782050535
pd,20.0,eight,80,0.0,-12.5,10.094846505872676,4.233996136174126
pd,20.0,eight,81,0.0,-10.0,8.089960434452406,3.403281260413797
pd,20.0,eight,82,0.0,-7.5,6.079257769984132,2.565696618500524
pd,20.0,eight,83,0.0,-5.0,4.064369897558196,1.7226744656643416
pd,20.0,eight,84,0.0,-2.5,2.047346956438128,0.8766780740765683
pd,20.0,eight,85,0.0,2.5,1.9957455735585934,0.840506195667286
pd,20.0,eight,86,0.0,5.0,4.012315093388569,1.6932077583920444
pd,20.0,eight,87,0.0,7.5,6.026594802309221,2.5477106795172824
pd,20.0,eight,88,0.0,10.0,8.036631560292346,3.401481330254934
pd,20.0,eight,89,0.0,12.5,10.040961532564658,4.253147212790293
pd,20.0,eight,90,0.0,15.0,12.038238649117629,5.1015677972751226
pd,20.0,eight,91,2.5,-15.0,12.19627555657602,4.888253607395323
pd,20.0,eight,92,2.5,-12.5,10.229840024066537,4.07863924670691
pd,20.0,eight,93,2.5,-10.0,8.267190938124068,3.2635538357942155
pd,20.0,eight,94,2.5,-7.5,6.320829862477299,2.447277787390354
pd,20.0,eight,95,2.5,-5.0,4.422418636504438,1.6404631963957328
pd,20.0,eight,96,2.5,-2.5,2.687965237044854,0.8887249380596396
pd,20.0,eight,97,2.5,0.0,1.7303597531830934,0.5574165183184797
pd,20.0,eight,98,2.5,2.5,2.622818272343077,1.1274715021432196
pd,20.0,eight,99,2.5,5.0,4.343998815727064,1.9185030883895475
pd,20.0,eight,100,2.5,7.5,6.239701116386356,2.7459965258681716
pd,20.0,eight,101,2.5,10.0,8.186146188554703,3.58389475619255
pd,20.0,eight,102,2.5,12.5,10.150301292846594,4.424716762522364
pd,20.0,eight,103,2.5,15.0,12.11942267754111,5.265060410104906
pd,20.0,eight,104,5.0,-15.0,12.564735757245307,4.783543553660191
pd,20.0,eight,105,5.0,-12.5,10.672828943176269,3.999676637242913
pd,20.0,eight,106,5.0,-10.0,8.813209528221307,3.2188871809164974
pd,20.0,eight,107,5.0,-7.5,7.020128802158684,2.454104045289559
pd,20.0,eight,108,5.0,-5.0,5.369605192696198,1.7388726723146237
pd,20.0,eight,109,5.0,-2.5,4.048904626024396,1.1828801618165152
pd,20.0,eight,110,5.0,0.0,3.4654668437672416,1.0846175251098207
pd,20.0,eight,111,5.0,2.5,3.9622390792465043,1.5409652283595132
pd,20.0,eight,112,5.0,5.0,5.239999518002556,2.2372078986956128
pd,20.0,eight,113,5.0,7.5,6.874169267703166,3.0118711844537405
pd,20.0,eight,114,5.0,10.0,8.662299318350088,3.816927652480816
pd,20.0,eight,115,5.0,12.5,10.52257705530681,4.635272383250202
pd,20.0,eight,116,5.0,15.0,12.418662082191544,5.459164350219998
pd,20.0,eight,117,7.5,-15.0,13.180678889663698,4.754116930685336
pd,20.0,eight,118,7.5,-12.5,11.393822648629946,4.010307404119395
pd,20.0,eight,119,7.5,-10.0,9.672618351791192,3.2835773367613115
pd,20.0,eight,120,7.5,-7.5,8.06706314540774,2.5980434664941168
pd,20.0,eight,121,7.5,-5.0,6.668903843861763,2.007524342084349
pd,20.0,eight,122,7.5,-2.5,5.6414207049724014,1.6308110222315173
pd,20.0,eight,123,7.5,0.0,5.2136079000881494,1.6331718032971394
pd,20.0,eight,124,7.5,2.5,5.528752626289182,2.018614548506967
pd,20.0,eight,125,7.5,5.0,6.479283042434398,2.6260000282496163
pd,20.0,eight,126,7.5,7.5,7.835696985920236,3.337098670577474
pd,20.0,eight,127,7.5,10.0,9.421698500469445,4.0980222569318006
pd,20.0,eight,128,7.5,12.5,11.136362150653703,4.88454890840845
pd,20.0,eight,129,7.5,15.0,12.924887498656311,5.684557909459568
pd,20.0,eight,130,10.0,-15.0,14.016846877690426,4.809567867407763
pd,20.0,eight,131,10.0,-12.5,12.350238228542265,4.119290797876023
pd,20.0,eight,132,10.0,-10.0,10.777523286018491,3.4625355426108593
pd,20.0,eight,133,10.0,-7.5,9.353354893883237,2.8715136339243807
pd,20.0,eight,134,10.0,-5.0,8.162555119777062,2.404891383186631
pd,20.0,eight,135,10.0,-2.5,7.325550179555068,2.1544656856327307
pd,20.0,eight,136,10.0,0.0,6.975023350167668,2.202691853711819
pd,20.0,eight,137,10.0,2.5,7.18468790008907,2.537311196998765
pd,20.0,eight,138,10.0,5.0,7.910435447271724,3.068604664327495
pd,20.0,eight,139,10.0,7.5,9.027532170521079,3.714231058127729
pd,20.0,eight,140,10.0,10.0,10.408587915377293,4.424497908987584
pd,20.0,eight,141,10.0,12.5,11.959640753220645,5.1721716902937676
pd,20.0,eight,142,10.0,15.0,13.619363430254392,5.941935232598984
pd,20.0,eight,143,12.5,-15.0,15.042019533387599,4.955890487386402
pd,20.0,eight,144,12.5,-12.5,13.498167921817645,4.3291814475707735
pd,20.0,eight,145,12.5,-10.0,12.067370595813816,3.7507374534402373
pd,20.0,eight,146,12.5,-7.5,10.801212387196557,3.2547204136502237
pd,20.0,eight,147,12.5,-5.0,9.76988076268428,2.8922498593760895
pd,20.0,eight,148,12.5,-2.5,9.058939521854466,2.7248841792024256
pd,20.0,eight,149,12.5,0.0,8.75049783650468,2.7941203304534605
pd,20.0,eight,150,12.5,2.5,8.888665621961533,3.088422792543207
pd,20.0,eight,151,12.5,5.0,9.454477459362922,3.555004326504971
pd,20.0,eight,152,12.5,7.5,10.377528792127402,4.137369004622197
pd,20.0,eight,153,12.5,10.0,11.570942795784811,4.79390551002785
pd,20.0,eight,154,12.5,12.5,12.957778684799797,5.49776146259408
pd,20.0,eight,155,12.5,15.0,14.479556138786396,6.232018793215789
pd,20.0,eight,156,15.0,-15.0,16.225920734790613,5.194689544361799
pd,20.0,eight,157,15.0,-12.5,14.799106687959139,4.6365386584584884
pd,20.0,eight,158,15.0,-10.0,13.495748460416436,4.136684331442013
pd,20.0,eight,159,15.0,-7.5,12.361026728232329,3.726201616603508
pd,20.0,eight,160,15.0,-5.0,11.450620287462092,3.44455186446802
pd,20.0,eight,161,15.0,-2.5,10.825805943248731,3.3312424308845077
pd,20.0,eight,162,15.0,0.0,10.540885370556225,3.4085901963866876
pd,20.0,eight,163,15.0,2.5,10.625342496828361,3.668641698979761
pd,20.0,eight,164,15.0,5.0,11.071551315039367,4.079359051155665
pd,20.0,eight,165,15.0,7.5,11.838351008951392,4.602205152922088
pd,20.0,eight,166,15.0,10.0,12.867268970801762,5.204204444785013
pd,20.0,eight,167,15.0,12.5,14.098987535425543,5.861001624021885
pd,20.0,eight,168,15.0,15.0,15.482546280629348,6.555559514480475
