example,law,omega,damping,esn,joint,arm_std_deg,lag_s,amplitude_ratio
nominal,computed_torque,10.0,0.1,tuned,1,0.507434969547021,0.027999999999996923,0.4772147505626512
nominal,computed_torque,10.0,0.1,tuned,2,0.44255732520040786,0.029999999999996703,0.4705601179934639
nominal,computed_torque,10.0,0.1,eight,1,0.2035513660546785,0.00199999999999978,0.3882352069006009
offset ahead,computed_torque,10.0,0.1,tuned,1,0.6928041339081755,0.02199999999999758,0.4963000770383812
offset ahead,computed_torque,10.0,0.1,tuned,2,0.6302607696530688,0.0199999999999978,0.4745276815436357
offset ahead,computed_torque,10.0,0.1,eight,1,1.022756487661709,0.0,0.38405487101179897
offset ahead,computed_torque,10.0,0.1,eight,2,0.9774701187596335,0.00199999999999978,0.3914515116188598
offset across,computed_torque,10.0,0.1,tuned,1,1.627855625309692,0.0199999999999978,0.5230704224238768
offset across,computed_torque,10.0,0.1,tuned,2,1.5013207237820836,0.01599999999999824,0.4747853054826296
offset across,computed_torque,10.0,0.1,eight,1,1.205788643103593,0.00399999999999956,0.4058774023909162
offset across,computed_torque,10.0,0.1,eight,2,1.182164895583624,0.0,0.372287198144183
push across,computed_torque,10.0,0.1,tuned,1,2.2264777790170776,0.005999999999999341,0.6933036125492097
push across,computed_torque,10.0,0.1,tuned,2,4.105258223733128,0.029999999999996703,0.5344574175716733
push across,computed_torque,10.0,0.1,eight,1,3.213353183590439,0.0,0.4165061293757307
push across,computed_torque,10.0,0.1,eight,2,3.4175980728263395,0.0,0.3659009105430593
push forward,computed_torque,10.0,0.1,tuned,1,0.919091580383723,0.025999999999997143,0.5111572448692513
push forward,computed_torque,10.0,0.1,tuned,2,0.7455850875865814,0.023999999999997364,0.5191790387216578
push forward,computed_torque,10.0,0.1,eight,1,0.6026776671607258,0.0,0.3674493420721698
push forward,computed_torque,10.0,0.1,eight,2,0.5446266652428124,0.0099999999999989,0.39482093566398474
push backward,computed_torque,10.0,0.1,tuned,1,0.8472199462528622,0.025999999999997143,0.5120166854783906
push backward,computed_torque,10.0,0.1,tuned,2,0.6503391095019665,0.025999999999997143,0.5099039193880859
push backward,computed_torque,10.0,0.1,eight,1,0.7968217517987377,0.0,0.3756972007955773
push backward,computed_torque,10.0,0.1,eight,2,0.7628769340999916,0.005999999999999341,0.38916371043156234
block,computed_torque,10.0,0.1,tuned,1,0.6067835476401087,0.0199999999999978,0.5038461824626205
block,computed_torque,10.0,0.1,tuned,2,0.5378725897516746,0.0199999999999978,0.48396970383656257
block,computed_torque,10.0,0.1,eight,1,6.104256460287271,0.00199999999999978,0.35697311301769435
block,computed_torque,10.0,0.1,eight,2,5.218662025340002,0.00399999999999956,0.41994477251626683
