start,origin,join_time_s,target_distance_at_join_m,taught_distance_at_join_m,largest_taught_distance_m
0,"demo_00 -15,-15 deg",0.9,0.3848901093275441,0.014039702464229748,0.3720962667372529
1,"demo_00 -15,-12.5 deg",1.2,0.4752624807834348,0.012141826157848914,0.33999767274126996
2,"demo_00 -15,-10 deg",1.8,0.5556771460677993,0.029306686199301574,0.30923078571714807
3,"demo_00 -15,-7.5 deg",1.8,0.55491180272533,0.028454256821829896,0.2803024061034371
4,"demo_00 -15,-5 deg",1.7,0.5562423942862275,0.02976694425521223,0.25390581182980465
5,"demo_00 -15,-2.5 deg",1.6,0.5575590044361096,0.031077965292562102,0.2309690209948578
6,"demo_00 -15,+0 deg",1.5,0.5582063182677399,0.031724397223264415,0.21266450422608676
7,"demo_00 -15,+2.5 deg",1.4000000000000001,0.5561390642104843,0.029664587464812067,0.20030508531816468
8,"demo_00 -15,+5 deg",1.2,0.554621749042357,0.028147025207523612,0.1950492555107683
9,"demo_00 -15,+7.5 deg",0.7000000000000001,0.564416358241103,0.03835179345598488,0.19746717535840178
10,"demo_00 -15,+10 deg",0.5,0.5447088827029686,0.022088579395386037,0.2064470296201555
11,"demo_00 -15,+12.5 deg",1.1,0.5412040377000986,0.0197025251500412,0.2219717034376806
12,"demo_00 -15,+15 deg",1.8,0.5487325858264819,0.026157392147129324,0.24276286358367036
13,"demo_00 -12.5,-15 deg",0.7000000000000001,0.3076149580242425,0.010589203195929724,0.3356215935405569
14,"demo_00 -12.5,-12.5 deg",0.7000000000000001,0.35537270191594006,0.01764916135945973,0.30297080863872006
15,"demo_00 -12.5,-10 deg",0.9,0.3642959931000378,0.011320019403597895,0.27148084410034806
16,"demo_00 -12.5,-7.5 deg",1.1,0.45316269974057394,0.012665139959867908,0.24174355944885542
17,"demo_00 -12.5,-5 deg",1.6,0.5496471962874492,0.02385003336115885,0.21456032007806816
18,"demo_00 -12.5,-2.5 deg",1.6,0.5578060079050765,0.031361291597500715,0.19108638710331036
19,"demo_00 -12.5,+0 deg",1.5,0.5566153063156439,0.030165234737545028,0.17289217330777673
20,"demo_00 -12.5,+2.5 deg",1.3,0.5569675986169124,0.03050940114705714,0.16180799006303542
21,"demo_00 -12.5,+5 deg",1.0,0.5568448235078445,0.030364015543185196,0.15934690292307313
22,"demo_00 -12.5,+7.5 deg",0.5,0.56314593829214,0.03889264211040471,0.1654308761943808
23,"demo_00 -12.5,+10 deg",0.8,0.5350423195960435,0.014011907774434864,0.17906640822999648
24,"demo_00 -12.5,+12.5 deg",1.6,0.5497029755387853,0.027573011671833583,0.19918190854928874
25,"demo_00 -12.5,+15 deg",2.1,0.5485699547309373,0.02620200870333224,0.22400636978371752
26,"demo_00 -10,-15 deg",0.6,0.27900138022404497,0.013581647297856613,0.3004808259872032
27,"demo_00 -10,-12.5 deg",0.6,0.30859856465553265,0.0126229860641146,0.2672373607282366
28,"demo_00 -10,-10 deg",0.7000000000000001,0.3150095083193164,0.008688004224166258,0.23507266432805285
29,"demo_00 -10,-7.5 deg",0.7000000000000001,0.3728692592476386,0.016155484069489395,0.20434277555371183
30,"demo_00 -10,-5 deg",0.9,0.41051151583324985,0.012997921815508994,0.17593038777828454
31,"demo_00 -10,-2.5 deg",1.0,0.5244016188700653,0.016768970989446255,0.151418530188668
32,"demo_00 -10,+0 deg",1.2,0.5522360995305844,0.026462222755734743,0.13303929400725847
33,"demo_00 -10,+2.5 deg",1.1,0.5531422742329777,0.02680724728030372,0.12360056941232514
34,"demo_00 -10,+5 deg",0.7000000000000001,0.5613856924167303,0.03530129823919974,0.1251603906928864
35,"demo_00 -10,+7.5 deg",0.6,0.5435780763586441,0.021246292230032993,0.13616942954168235
36,"demo_00 -10,+10 deg",1.4000000000000001,0.5492499780689999,0.027206371366990105,0.15555420389228825
37,"demo_00 -10,+12.5 deg",2.0,0.5484148581441984,0.02594135827570815,0.1806898300611667
38,"demo_00 -10,+15 deg",2.4,0.5488724355574457,0.0266243149913004,0.20947825247276505
39,"demo_00 -7.5,-15 deg",0.5,0.274270556669548,0.01656984165928976,0.26779255366340626
40,"demo_00 -7.5,-12.5 deg",0.5,0.29865314229677997,0.014626970343957497,0.23376359107393288
41,"demo_00 -7.5,-10 deg",0.6,0.29542592892080355,0.008271311693068861,0.20049713615976816
42,"demo_00 -7.5,-7.5 deg",0.6,0.3371008248470483,0.01186045533864897,0.16852716833948475
43,"demo_00 -7.5,-5 deg",0.7000000000000001,0.3685391522178804,0.011755936243472083,0.1387110089288843
44,"demo_00 -7.5,-2.5 deg",0.8,0.4355932976237404,0.011226050896593622,0.11230869537774442
45,"demo_00 -7.5,+0 deg",0.8,0.5267825664146207,0.013151587404592976,0.09312706628500865
46,"demo_00 -7.5,+2.5 deg",0.7000000000000001,0.5580519740129735,0.031571436836725905,0.0861899663555027
47,"demo_00 -7.5,+5 deg",0.4,0.5649863300643482,0.042161539737227846,0.09343009817187051
48,"demo_00 -7.5,+7.5 deg",1.2,0.5471282911570142,0.024753449935132003,0.11195669234227537
49,"demo_00 -7.5,+10 deg",1.8,0.5489964901777351,0.026911323398397767,0.13795777603710319
50,"demo_00 -7.5,+12.5 deg",2.3000000000000003,0.5489003262969239,0.02668231930997502,0.16796117071883332
51,"demo_00 -7.5,+15 deg",2.7,0.5486422061945281,0.026237895734063706,0.20013158086799554
52,"demo_00 -5,-15 deg",0.5,0.24681809571480548,0.012191801238540322,0.2386411308206876
53,"demo_00 -5,-12.5 deg",0.5,0.2683931850066898,0.013586001509048045,0.2039423658408937
54,"demo_00 -5,-10 deg",0.5,0.2957345417374981,0.010811571257608676,0.16958214096258542
55,"demo_00 -5,-7.5 deg",0.5,0.3331301646626723,0.012842517317211777,0.13590755000625884
56,"demo_00 -5,-5 deg",0.5,0.38626358192722426,0.015656481289342012,0.10368389352879506
57,"demo_00 -5,-2.5 deg",0.6,0.4321494882825524,0.012352413889922432,0.07475861608373909
58,"demo_00 -5,+0 deg",0.4,0.5359624960577735,0.016876485106849356,0.053183425979137076
59,"demo_00 -5,+2.5 deg",0.2,0.5671297424304206,0.0426481867099253,0.05142632725596606
60,"demo_00 -5,+5 deg",0.9,0.5474548571752786,0.025295811510306826,0.06860907628628012
61,"demo_00 -5,+7.5 deg",1.7,0.5485537304995445,0.02595206193484264,0.0967231785390574
62,"demo_00 -5,+10 deg",2.2,0.5486511434565845,0.026250356262175752,0.12876460242142176
63,"demo_00 -5,+12.5 deg",2.6,0.548802491389144,0.026531812614303117,0.16238319173133697
64,"demo_00 -5,+15 deg",2.9,0.5488671047879943,0.02664752684921279,0.19658510189643652
65,"demo_00 -2.5,-15 deg",0.4,0.2588912694643879,0.019027767387084234,0.21365568895552817
66,"demo_00 -2.5,-12.5 deg",0.4,0.28002731153518734,0.019481039653983557,0.17875353110194295
67,"demo_00 -2.5,-10 deg",0.4,0.30663665090831027,0.015887488850215025,0.1439136041630369
68,"demo_00 -2.5,-7.5 deg",0.4,0.3426536890417035,0.017444810155683603,0.10929343247508683
69,"demo_00 -2.5,-5 deg",0.4,0.39221547810330576,0.01696375473004831,0.07520220098562598
70,"demo_00 -2.5,-2.5 deg",0.4,0.45512740155135234,0.011407864771075079,0.04130210392087671
71,"demo_00 -2.5,+0 deg",0.0,0.5381681263937295,0.013343816499823654,0.013343816499823654
72,"demo_00 -2.5,+2.5 deg",0.6,0.5471457549749676,0.025095153293508216,0.027031885539560537
73,"demo_00 -2.5,+5 deg",1.5,0.5484757990968939,0.0259211961220427,0.05979870506757273
74,"demo_00 -2.5,+7.5 deg",2.0,0.5490367501050065,0.027002873338017916,0.09384960350248912
75,"demo_00 -2.5,+10 deg",2.5,0.5487349510601891,0.02639751336437975,0.1285304575985092
76,"demo_00 -2.5,+12.5 deg",2.9,0.5482806125778553,0.025591484280464188,0.16339582499906352
77,"demo_00 -2.5,+15 deg",3.1,0.5486066090664451,0.026164178057556584,0.1982995833155524
78,"demo_00 +0,-15 deg",0.4,0.2389154809116457,0.014505426181064684,0.18844257990692398
79,"demo_00 +0,-12.5 deg",0.4,0.260001563240441,0.015118271127776634,0.15365121678907825
80,"demo_00 +0,-10 deg",0.4,0.28660836157615155,0.013011270548669312,0.11914304276776726
81,"demo_00 +0,-7.5 deg",0.4,0.3231525325130826,0.011077251197395799,0.0851657390379268
82,"demo_00 +0,-5 deg",0.3,0.4037338398501627,0.015535759714878241,0.05177574101230625
83,"demo_00 +0,-2.5 deg",0.1,0.48854078286962094,0.013083718150194408,0.018840617245048052
84,demo_00,0.0,0.5005769725627656,0.0,0.005222356304575369
85,"demo_00 +0,+2.5 deg",1.3,0.5490075683280007,0.026491815635295977,0.038349739869918575
86,"demo_00 +0,+5 deg",1.9000000000000001,0.5485350480305908,0.026030475092429277,0.06979101978453763
87,"demo_00 +0,+7.5 deg",2.4,0.5484369963031992,0.025863704336811136,0.10384753664276115
88,"demo_00 +0,+10 deg",2.8000000000000003,0.548325668518803,0.025669132022983165,0.13787229828113745
89,"demo_00 +0,+12.5 deg",3.0,0.5489538004145201,0.026816826375038055,0.17198715963102415
90,"demo_00 +0,+15 deg",3.2,0.5487644944661602,0.026455579703640836,0.20609858334871872
91,"demo_00 +2.5,-15 deg",0.4,0.2211204573670401,0.015317862290059289,0.16671922980980355
92,"demo_00 +2.5,-12.5 deg",0.4,0.24281357011288712,0.01134289032828884,0.13200371923441936
93,"demo_00 +2.5,-10 deg",0.3,0.3041271083474687,0.016992722527024145,0.09710256476199383
94,"demo_00 +2.5,-7.5 deg",0.3,0.338938648745294,0.013130919440496889,0.062222027649275674
95,"demo_00 +2.5,-5 deg",0.2,0.4119159230206599,0.013333843179619222,0.027632924284163977
96,"demo_00 +2.5,-2.5 deg",0.0,0.4616299522032888,0.005138264399028121,0.005138264399028121
97,"demo_00 +2.5,+0 deg",0.9,0.5397476805972905,0.01846590993960666,0.037326215473269066
98,"demo_00 +2.5,+2.5 deg",1.7,0.5484317251380604,0.02601769532561528,0.06020083781240649
99,"demo_00 +2.5,+5 deg",2.2,0.5488243309009397,0.026561646132169554,0.08922641072168001
100,"demo_00 +2.5,+7.5 deg",2.6,0.548993207306814,0.026892616858183446,0.12085930655967728
101,"demo_00 +2.5,+10 deg",2.9,0.5491000794106198,0.027109279286839694,0.1534547144733868
102,"demo_00 +2.5,+12.5 deg",3.2,0.5483537490888526,0.02571723344709246,0.1864630370508947
103,"demo_00 +2.5,+15 deg",3.3000000000000003,0.5486172814617172,0.02618399952649319,0.2193203196306808
104,"demo_00 +5,-15 deg",0.4,0.2043852408903052,0.012310661967342403,0.14477487542419568
105,"demo_00 +5,-12.5 deg",0.3,0.2593512313349346,0.018367146525848265,0.11016667177745242
106,"demo_00 +5,-10 deg",0.3,0.2857214289306786,0.013531843678795272,0.07620598488983654
107,"demo_00 +5,-7.5 deg",0.2,0.3529697096244483,0.015106924873829716,0.04227064841812219
108,"demo_00 +5,-5 deg",0.0,0.42266252387610853,0.007783831879955547,0.007783831879955547
109,"demo_00 +5,-2.5 deg",0.1,0.4296830746831048,0.02045549693184204,0.024477506752462894
110,"demo_00 +5,+0 deg",1.5,0.5490004384202583,0.02636354697609159,0.05923358315390428
111,"demo_00 +5,+2.5 deg",2.0,0.549014434206687,0.0268671318252738,0.09293732017957512
112,"demo_00 +5,+5 deg",2.5,0.5486080611997514,0.02617516393744295,0.11840443716586918
113,"demo_00 +5,+7.5 deg",2.8000000000000003,0.549062348826595,0.027031798297902927,0.14529662439833216
114,"demo_00 +5,+10 deg",3.1,0.5486351508876556,0.026216640885165603,0.17429161346317143
115,"demo_00 +5,+12.5 deg",3.2,0.5490921608616851,0.02709272866434236,0.2044537695868019
116,"demo_00 +5,+15 deg",3.3000000000000003,0.5490738090406492,0.027055725252155247,0.23528853643134554
117,"demo_00 +7.5,-15 deg",0.3,0.2190127603402123,0.01980561691121193,0.1199839651100773
118,"demo_00 +7.5,-12.5 deg",0.3,0.24116983102035972,0.012964755596242055,0.08510621268916044
119,"demo_00 +7.5,-10 deg",0.2,0.3013747626805891,0.014752667796814885,0.05020254760433478
120,"demo_00 +7.5,-7.5 deg",0.0,0.3837539424228051,0.015389184215540858,0.015389184215540858
121,"demo_00 +7.5,-5 deg",0.0,0.3832470616372083,0.014151508427294625,0.014151508427294625
122,"demo_00 +7.5,-2.5 deg",0.4,0.44267794454260434,0.018555736088518224,0.04844207958889112
123,"demo_00 +7.5,+0 deg",1.8,0.5481299079058058,0.025511250273295327,0.07999982004599673
124,"demo_00 +7.5,+2.5 deg",2.3000000000000003,0.5487344080148345,0.02640380088461962,0.11257013672815284
125,"demo_00 +7.5,+5 deg",2.7,0.5488074657956608,0.026530275885740882,0.14584193345672294
126,"demo_00 +7.5,+7.5 deg",3.0,0.5487209019936518,0.026375414976743897,0.17450102488327288
127,"demo_00 +7.5,+10 deg",3.2,0.5486429047683707,0.026230301014626405,0.1998017210383359
128,"demo_00 +7.5,+12.5 deg",3.3000000000000003,0.5488034123232304,0.026528298179355873,0.22677381360346685
129,"demo_00 +7.5,+15 deg",3.4,0.5485953526912198,0.02614417718545046,0.2548442867216327
130,"demo_00 +10,-15 deg",0.3,0.2001175152805731,0.015883936108305883,0.09499767659709164
131,"demo_00 +10,-12.5 deg",0.2,0.2565568615757031,0.019564453675903648,0.06025914668954708
132,"demo_00 +10,-10 deg",0.1,0.31266529151274136,0.013973970680926632,0.026470472397243185
133,"demo_00 +10,-7.5 deg",0.0,0.3427578982393811,0.0048562706903821605,0.005430302717485119
134,"demo_00 +10,-5 deg",0.2,0.3550406645619167,0.0166389003804854,0.03836250192602888
135,"demo_00 +10,-2.5 deg",0.6,0.46854953166489355,0.01993144876395768,0.07240450861469995
136,"demo_00 +10,+0 deg",2.0,0.54891486932842,0.026737283161149886,0.1058543260919547
137,"demo_00 +10,+2.5 deg",2.5,0.5489429978293076,0.0268109276185412,0.13870252535074024
138,"demo_00 +10,+5 deg",2.9,0.5485728854036996,0.02610347474682303,0.16915632331885433
139,"demo_00 +10,+7.5 deg",3.1,0.5488441321367525,0.026606081235381367,0.1998996243484283
140,"demo_00 +10,+10 deg",3.3000000000000003,0.5483992052970663,0.025795815488138443,0.22838490988506888
141,"demo_00 +10,+12.5 deg",3.4,0.5483322856303616,0.02568011098990189,0.25224035825029306
142,"demo_00 +10,+15 deg",3.4,0.5488365363540364,0.026591236857290288,0.2774571283956704
143,"demo_00 +12.5,-15 deg",0.3,0.181312036966959,0.010357674968671564,0.06979513934927224
144,"demo_00 +12.5,-12.5 deg",0.2,0.23365017128181514,0.01193447349424884,0.03511043564960371
145,"demo_00 +12.5,-10 deg",0.0,0.3023361230863956,0.0013934908709943693,0.0028827307253604913
146,"demo_00 +12.5,-7.5 deg",0.1,0.29919004168513413,0.02096949584872394,0.03162118032285779
147,"demo_00 +12.5,-5 deg",0.3,0.3419484235743943,0.016923514951855664,0.06517990314131415
148,"demo_00 +12.5,-2.5 deg",1.3,0.5368948398493179,0.01581321672540115,0.09815520019078573
149,"demo_00 +12.5,+0 deg",2.2,0.5491362970797508,0.027113169676455027,0.13036033312299372
150,"demo_00 +12.5,+2.5 deg",2.7,0.5488416927573471,0.02659467953290478,0.1629235498800576
151,"demo_00 +12.5,+5 deg",3.0,0.5488246434460792,0.026570718693560327,0.1948522095664307
152,"demo_00 +12.5,+7.5 deg",3.2,0.5487103436661439,0.026354061106274695,0.2252961431955169
153,"demo_00 +12.5,+10 deg",3.3000000000000003,0.5488362901710515,0.02659043241880794,0.25385915395449044
154,"demo_00 +12.5,+12.5 deg",3.4,0.5486175191369178,0.026184352384185188,0.2799546929467543
155,"demo_00 +12.5,+15 deg",3.4,0.5490059717335928,0.026920171722457364,0.30240424173805164
156,"demo_00 +15,-15 deg",0.2,0.19032947881354992,0.013631062448744303,0.04794521873159675
157,"demo_00 +15,-12.5 deg",0.0,0.26210763182285807,0.013446520144044445,0.013446520144044445
158,"demo_00 +15,-10 deg",0.1,0.25060394314033496,0.013290038441683225,0.019182665093992766
159,"demo_00 +15,-7.5 deg",0.3,0.2672132102716952,0.009920149545248119,0.05338138732815144
160,"demo_00 +15,-5 deg",0.4,0.3326169851818384,0.014623404038790087,0.08739712396499735
161,"demo_00 +15,-2.5 deg",1.7,0.5491415317041577,0.02653836323413147,0.12167360500653591
162,"demo_00 +15,+0 deg",2.4,0.548942506099247,0.02680796801728295,0.15601286161541092
163,"demo_00 +15,+2.5 deg",2.9,0.5483745774275891,0.02575075929090368,0.18913882826863296
164,"demo_00 +15,+5 deg",3.1,0.5488033145741277,0.02652925215182971,0.2195866169314041
165,"demo_00 +15,+7.5 deg",3.3000000000000003,0.5483727947910099,0.025749747631042777,0.2502196693626224
166,"demo_00 +15,+10 deg",3.4,0.548305361632316,0.025633763541526675,0.27980116496889296
167,"demo_00 +15,+12.5 deg",3.4,0.5488178835538619,0.026555859698616353,0.3064304698409309
168,"demo_00 +15,+15 deg",3.5,0.5483055414252629,0.025634235899778167,0.32911346955845616
