law,omega,arm,start,origin,replayed,first_step_m,reach_path_distance_m,reach_joint_error_deg,arrival_delay_s,arrived,arrival_time_s,left_goal,hold_error_m,hold_observed_s,success,tracking_error_deg,peak_reference_speed_dps,peak_hand_speed_mps,peak_torque_nm,effort_n2m2s,peak_external_force_n
,,demonstrator,0,demo_00,,9.176897588927222e-09,0.013077241641780668,4.783349905882208,0.1499999999999999,True,1.28,False,1.92155199040264e-11,2.0,True,nan,nan,1.760667563084975,73.36271648870714,1360.0619686139275,60.91574304895506
,,demonstrator,1,demo_01,,9.734072963702719e-09,0.009323497539389656,9.653776104761453,0.15999999999999992,True,1.31,False,2.3514489601330018e-11,2.0,True,nan,nan,1.8702024853678656,51.68712040874715,860.7250204924248,60.898956787995054
,,demonstrator,2,demo_02,,4.9124732909935424e-09,0.017507256645709356,15.172191050732128,0.15999999999999992,True,1.3,False,2.2627086480907856e-11,2.0,True,nan,nan,1.7953976976598576,29.011362006001473,110.90999219610191,61.696499207969744
,,demonstrator,3,demo_03,,2.1900463395710052e-09,0.002456359933516814,12.096330332633237,0.1499999999999999,True,1.26,False,8.210581482328488e-12,2.0,True,nan,nan,1.7998262994489,52.5759467956773,581.5688079804962,61.665999948544375
,,demonstrator,4,demo_04,,3.918380655919685e-09,0.008879310243039666,6.530175840937713,0.1499999999999999,True,1.27,False,2.061870181688744e-11,2.0,True,nan,nan,1.7773903051072144,74.02537045584536,1121.355635506533,61.46692431761577
,,demonstrator,5,demo_05,,7.558377858616283e-09,0.015762144144476374,5.932419879412241,0.15999999999999992,True,1.31,False,2.3515131044519698e-11,2.0,True,nan,nan,1.7684203767647717,52.46631143665705,746.4478606223944,61.095184594602614
,,demonstrator,6,demo_06,,1.0448265308051575e-08,0.010630417437601585,8.570546769135918,0.15999999999999992,True,1.3,False,2.143349956332861e-11,2.0,True,nan,nan,1.8624604520760062,48.259632322332,437.1586307772761,60.789722061734665
,,demonstrator,7,demo_07,,2.248695229651626e-09,0.0011889370237261017,8.589992179340635,0.1399999999999999,True,1.25,False,7.697276955424235e-12,2.0,True,nan,nan,1.7791164619290234,52.57778977640986,573.572351170738,61.64997580943085
computed_torque,5.0,esn,0,demo_00,,0.00011611478242224996,0.06225095964820664,6.132796282526225,0.24,True,1.37,True,0.0034224633719859257,2.0,False,1.7606656473146003,37.436531018313794,1.2745139739419118,9.823509622063932,33.88211775860566,23.483261171570504
computed_torque,5.0,replay,0,demo_00,demo_00,2.326385802191513e-09,0.03854545440240751,6.055608223054379,0.6599999999999999,True,1.79,False,3.3313407291955257e-06,2.0,True,3.0899522941951645,32.88627384074034,0.9660536814778949,13.94838331265852,68.82048814972312,25.569759941038207
computed_torque,5.0,esn,1,demo_01,,0.00012042853290422682,0.04278124416867158,12.864557623493086,0.22999999999999998,True,1.3800000000000001,True,0.0013167553618305514,1.9999999999999998,False,3.6923728636672113,64.12879332662216,1.2332521885413246,2.6872690889333275,3.262050719196222,24.048891849836313
computed_torque,5.0,replay,1,demo_01,demo_01,2.467632351965978e-09,0.04599894537213104,12.887441477397592,0.6599999999999999,True,1.81,False,3.3450656029891425e-06,2.0,True,6.543584167715784,70.86607225795211,0.9264966025677123,4.305951831025198,6.757198202826141,26.1073213752011
computed_torque,5.0,esn,2,demo_02,,3.057590460176471e-05,0.023159300453725874,19.295132570301284,0.21999999999999997,True,1.36,True,0.001321706279649251,1.9999999999999998,False,5.948125823344522,99.06311668937528,1.324364433817123,5.413050375336612,13.441828642742372,25.38614903357273
computed_torque,5.0,replay,2,demo_02,demo_02,1.24533451072676e-09,0.009612264370662297,19.624812475877153,0.74,True,1.8800000000000001,False,3.1105431151254828e-06,1.9999999999999998,True,9.968302118680166,101.39577953371072,0.8063725378056936,10.05896930265677,42.238490651109466,27.32356926739904
computed_torque,5.0,esn,3,demo_03,,4.268608827451779e-05,0.007494787612335072,15.066648568289088,0.24,True,1.35,True,0.0025680877410679524,2.0,False,4.701110989624831,73.29001671024382,1.3001364918561213,10.153568524537413,38.71476670714191,26.155763664363267
computed_torque,5.0,replay,3,demo_03,demo_03,5.551869144020334e-10,0.03653232527235314,15.260002415727882,0.72,True,1.83,False,3.2484632594203013e-06,2.0,True,7.780432039207928,72.00049360960442,0.9118014854246056,17.70218468511967,116.06089513923767,28.60691005741
computed_torque,5.0,esn,4,demo_04,,8.794254398325466e-05,0.011154779608026638,8.048368321685109,0.19999999999999996,True,1.32,True,0.0030697261322382833,2.0,False,2.5905155926142265,47.98439837286871,1.278328683984873,10.84684399749796,42.557670180707305,23.533682661641926
computed_torque,5.0,replay,4,demo_04,demo_04,9.933275203965477e-10,0.024000543858229046,8.220692847190119,0.6799999999999999,True,1.8,False,3.240270361927253e-06,2.0,True,4.19886258250025,44.74302463168224,0.9719972675693899,16.932487401471995,106.81905039870848,25.956383416370226
computed_torque,5.0,esn,5,demo_05,,5.351316123415028e-05,0.017684830772614193,7.9334359326970745,0.20999999999999996,True,1.36,True,0.0029072099223282017,1.9999999999999998,False,2.0313437325840074,40.69531711937568,1.2409866404523089,6.568524284034615,17.250813238336953,21.937736579766863
computed_torque,5.0,replay,5,demo_05,demo_05,1.916083761179449e-09,0.03874769391572864,7.73411539374144,0.6799999999999999,True,1.83,False,3.2389429871898864e-06,2.0,True,3.94607653669281,35.192492846887504,0.8935481276822947,8.533395900212348,30.568642841493222,24.00333614496399
computed_torque,5.0,esn,6,demo_06,,0.00011329659700509662,0.016194396471059434,11.263716159800245,0.25,True,1.3900000000000001,True,0.0008147986437472639,2.0,False,3.0218583956496885,64.2483493769984,1.2190748245405085,3.2049961410532166,5.034680304723121,24.472407071996855
computed_torque,5.0,replay,6,demo_06,demo_06,2.6486834663407386e-09,0.028040808356944558,11.077685483786825,0.6299999999999999,True,1.77,False,3.3806117398699907e-06,2.0,True,5.663344827289844,61.47224529048025,0.9874082119534862,6.198811113848228,16.467208430972082,26.478197509159298
computed_torque,5.0,esn,7,demo_07,,4.040700031526451e-05,0.04778290543661124,10.32947692919797,0.20999999999999996,True,1.32,True,0.0036052361544599855,2.0,False,3.3313904743480394,54.83480662457394,1.357902534792377,11.15821680627073,45.73677183905163,26.15767534396365
computed_torque,5.0,replay,7,demo_07,demo_07,5.700546078827546e-10,0.03635210733886688,10.54197225161267,0.71,True,1.82,False,3.2087269656424742e-06,2.0,True,5.411084656539463,52.13113668892076,0.9453024036279039,15.34287592474599,90.09002611142738,28.404957471862872
computed_torque,10.0,esn,0,demo_00,,0.0001395660762158642,0.060273038982469336,5.220138861160219,0.3899999999999999,True,1.52,True,0.0007633419099549197,2.0,False,1.3289491419876258,49.02157539955006,1.8385118935904778,28.186263750189156,184.53540002622816,25.42985343130594
computed_torque,10.0,replay,0,demo_00,demo_00,2.7962445759866057e-09,0.03218820192044752,4.969496948759126,0.17999999999999994,True,1.31,False,1.3689716458424645e-09,2.0,True,2.3809212628297223,32.88627384074034,1.7548672979574051,43.11170504664282,451.4751243383075,36.25123630160988
computed_torque,10.0,esn,1,demo_01,,0.00014475117944643222,0.03490017262877933,10.990428015375118,-0.010000000000000009,True,1.1400000000000001,True,0.0009149492662895276,2.0,False,2.8572622749573986,90.36909962431741,1.8067092281405386,6.902818921501188,15.613667759517073,26.05934446532711
computed_torque,10.0,replay,1,demo_01,demo_01,2.9660184088442345e-09,0.034829955695050305,10.670209496662302,0.17999999999999994,True,1.33,False,1.6663162610753066e-09,2.0,True,5.150709052707569,70.86607225795211,1.6846535460764114,10.633745575942585,36.15259223886956,27.134524705380944
computed_torque,10.0,esn,2,demo_02,,3.6751850833306954e-05,0.028266795733525113,16.47771110208838,-0.010000000000000009,True,1.1300000000000001,True,0.000907136921899944,1.9999999999999998,False,4.546890558104856,135.57609983006122,2.0379073435264474,16.798389190628264,83.43108840721041,28.88765208097346
computed_torque,10.0,replay,2,demo_02,demo_02,1.4968539443329586e-09,0.004805590350143447,16.17765812530248,0.20999999999999996,True,1.35,False,1.3210019105412794e-09,2.0,True,7.779046061035192,101.39577953371072,1.5408077049426507,32.152213714143286,306.8108557885264,48.47058642651529
computed_torque,10.0,esn,3,demo_03,,5.130743937034633e-05,0.05803677830923179,12.882132224300129,0.6699999999999999,True,1.78,False,0.0004402841356969031,2.0,True,3.559004770954169,98.67551865614419,1.8981709493124654,29.900875036291033,220.01214145770015,32.76345141549756
computed_torque,10.0,replay,3,demo_03,demo_03,6.673176047346167e-10,0.029155045075356403,12.620944649197156,0.20999999999999996,True,1.32,False,9.273019424762329e-10,2.0,True,6.000570166216499,72.00049360960442,1.6832863924571366,55.948487064265045,783.5902781023688,56.899680968096824
computed_torque,10.0,esn,4,demo_04,,0.0001057044881327413,0.059126508268586814,6.868052793776651,0.6099999999999999,True,1.73,False,0.00032164205049817576,2.0,True,1.9427867395045242,64.31970832753697,1.79653738450482,31.728892546327586,240.75418741500982,29.88360600565
computed_torque,10.0,replay,4,demo_04,demo_04,1.1939493837230784e-09,0.017178816952584584,6.735717301092533,0.18999999999999995,True,1.31,False,1.2547482539987945e-09,2.0,True,3.2151282075157313,44.74302463168224,1.773055595684743,53.46116852676251,728.5517895394773,48.586278478762345
computed_torque,10.0,esn,5,demo_05,,6.432122338549484e-05,0.0827943618331477,6.782565294206609,0.3899999999999999,True,1.54,True,0.000449485609846815,2.0,False,1.55084761949074,53.75221961679599,1.7668019439611116,19.683759696648163,103.11235296587166,23.895254376679393
computed_torque,10.0,replay,5,demo_05,demo_05,2.3030732734797858e-09,0.027364761421913606,6.297005934488296,0.17999999999999994,True,1.33,False,1.660252461366874e-09,2.0,True,3.040462789712454,35.192492846887504,1.6564458688660297,26.07761338221986,229.1413060229589,28.010951033111915
computed_torque,10.0,esn,6,demo_06,,0.00013617880490686993,0.03950453838544022,9.482096769452678,0.2899999999999998,True,1.43,True,0.0003183180248414503,2.0,False,2.284204128964965,87.24979646831801,1.7398288346124888,9.048835684575709,27.341490924432474,26.54643516046459
computed_torque,10.0,replay,6,demo_06,demo_06,3.1836360753755565e-09,0.02458090425749963,8.98426948843711,0.16999999999999993,True,1.31,False,1.6481236135503783e-09,2.0,True,4.321680726086419,61.47224529048025,1.7743711569224323,18.27313624333206,102.10208907910804,31.00961618364224
computed_torque,10.0,esn,7,demo_07,,4.856802694620994e-05,0.035959995953360115,8.709824670909976,0.010000000000000009,True,1.12,True,0.0014962054879976805,2.0,False,2.4629169811613068,74.0706643017698,1.9831394464999765,32.643878066440344,259.4172729654973,39.35571450454933
computed_torque,10.0,replay,7,demo_07,demo_07,6.85188059910264e-10,0.028277102130335928,8.58337617894593,0.19999999999999996,True,1.31,False,8.985899834101949e-10,2.0,True,4.082959027339437,52.13113668892076,1.7336044807575781,48.68995915650267,619.322066879914,58.42085056506645
computed_torque,20.0,esn,0,demo_00,,0.00018336171033861374,0.04608633765911055,4.566119224060886,-0.06000000000000005,True,1.07,True,0.0007124905946424694,2.0,False,1.1104568586992782,59.34754186587888,2.4293087579541983,90.38641588771489,1402.3125826245591,76.74596674651477
computed_torque,20.0,replay,0,demo_00,demo_00,3.6737185176550625e-09,0.027044125557113333,4.225982676336316,0.020000000000000018,True,1.1500000000000001,False,3.992580479640081e-11,1.9999999999999998,True,2.017410492215246,32.88627384074034,3.040813223176662,143.6521459832639,3877.279389329476,119.93462725745754
computed_torque,20.0,esn,1,demo_01,,0.00019017418532831288,0.029149417982501747,9.705229607981407,-0.10000000000000009,True,1.05,True,0.0005126948104851861,2.0,False,2.426958073994458,114.8851248747495,2.388685161753199,20.47182013923308,111.45829142331883,27.174404833953023
computed_torque,20.0,replay,1,demo_01,demo_01,3.896768021755808e-09,0.025341058635764486,9.16171854747151,0.019999999999999796,True,1.17,False,5.4403225086324544e-11,2.0,True,4.411791545272668,70.86607225795211,2.939911732485038,31.035456154760066,283.39868138410776,45.79481964654342
computed_torque,20.0,esn,2,demo_02,,4.828609523441999e-05,0.02947952313573142,14.48020704591362,-0.10000000000000009,True,1.04,True,0.0007968866000654064,2.0,False,3.799780990648758,170.1038290267827,2.606214185046604,56.31967875383521,673.1446293794025,95.3908141171722
computed_torque,20.0,replay,2,demo_02,demo_02,1.9665732688570635e-09,0.005876017174226915,13.621068737972172,0.029999999999999805,True,1.17,False,4.576006387574043e-11,2.0,True,6.530861617675424,101.39577953371072,2.6988958555787317,111.83260180173865,2748.0426294117833,167.66745511339738
computed_torque,20.0,esn,3,demo_03,,6.74081115225104e-05,0.067028949553465,11.246296055143633,0.5899999999999999,True,1.7,False,0.0003575115044402265,2.0,True,2.9571132911522118,123.39955144589217,2.4255802487376346,97.50792154661443,1730.394726606446,106.69860186120385
computed_torque,20.0,replay,3,demo_03,demo_03,8.767247250682478e-10,0.02212913930275362,10.575326322740347,0.030000000000000027,True,1.1400000000000001,False,1.4105794116528709e-11,2.0,True,5.004045016027361,72.00049360960442,2.883919863244793,187.94379008749638,6774.821423089514,192.49971178115374
computed_torque,20.0,esn,4,demo_04,,0.00013887562687014463,0.05844225836867371,6.023446675274505,0.41999999999999993,True,1.54,False,0.00039207874381636437,2.0,True,1.6042380768911517,78.91244915121665,2.32375260268048,103.08996325835876,1888.4321529860238,96.9813141308164
computed_torque,20.0,replay,4,demo_04,demo_04,1.5686159498235192e-09,0.011714182250138193,5.621889981398196,0.030000000000000027,True,1.1500000000000001,False,3.8789610015695394e-11,1.9999999999999998,True,2.672010871970514,44.74302463168224,3.045878487507703,181.19892693665943,6384.481474440911,165.56904102195224
computed_torque,20.0,esn,5,demo_05,,8.450561513749657e-05,0.08569983995536339,5.949591690303569,0.30999999999999983,True,1.46,True,0.0003270129295503423,2.0,False,1.3039155643238656,62.11561896750581,2.237382370457775,64.83847412141786,816.7814599023583,70.76413692250705
computed_torque,20.0,replay,5,demo_05,demo_05,3.025788449879065e-09,0.018038894482643463,5.335285276268558,0.019999999999999796,True,1.17,False,5.4273020941619204e-11,2.0,True,2.5692087809945265,35.192492846887504,2.894439540307153,93.93264123955578,2150.686478710727,101.13273816270092
computed_torque,20.0,esn,6,demo_06,,0.0001789117465604499,0.04141050169753066,8.192518650302555,0.21999999999999997,True,1.36,False,0.00016648016597434892,1.9999999999999998,True,1.9094617780168128,107.38117201470115,2.3075182358949977,28.425338940736143,208.64952119289546,50.936255222851926
computed_torque,20.0,replay,6,demo_06,demo_06,4.182675653026781e-09,0.021982953411741675,7.573216299573098,0.019999999999999796,True,1.16,False,5.0037460475017524e-11,2.0,True,3.6311679989063443,61.47224529048025,3.072841805602555,58.03433426998659,829.6105639647313,100.46912630983917
computed_torque,20.0,esn,7,demo_07,,6.380901384860934e-05,0.02795011917354382,7.541339136128743,-0.08000000000000007,True,1.03,True,0.0007752378773333253,2.0,False,2.0130945584678495,91.91687219083056,2.6052809771587238,105.69901844286935,1981.43754702955,126.65266273758193
computed_torque,20.0,replay,7,demo_07,demo_07,9.002032218563785e-10,0.021023853723692195,7.109556965983263,0.030000000000000027,True,1.1400000000000001,False,1.261667677873929e-11,2.0,True,3.3641454411657983,52.13113668892076,2.9678868331238824,165.66445186738207,5426.286707623846,198.13288139198417
computed_torque,40.0,esn,0,demo_00,,0.0002590219643083654,0.042588367663849276,4.130990798567429,-0.1100000000000001,True,1.02,True,0.00043661220279364333,2.0,False,0.9872238237914424,65.36269251675053,3.462656444971476,308.62085347362944,14178.298547254517,259.19991517772905
computed_torque,40.0,replay,0,demo_00,demo_00,5.1896386644735666e-09,0.027647258744102673,3.78172168467738,0.0,True,1.1300000000000001,False,3.216075623659792e-11,1.9999999999999998,True,1.8051774190855716,32.88627384074034,5.182745175972622,493.12516354094095,39223.76326711894,406.1584975638255
computed_torque,40.0,esn,1,demo_01,,0.0002686461771902889,0.025096310712168796,8.817569060484175,-0.13000000000000012,True,1.02,True,0.00043182782367851317,2.0,False,2.1820693758065586,132.1766043101832,3.377133052279417,68.22669457713445,1139.581264385182,95.68801147715406
computed_torque,40.0,replay,1,demo_01,demo_01,5.5047276486331224e-09,0.018945354454662756,8.17665680702284,0.0,True,1.1500000000000001,False,4.377953251770296e-11,1.9999999999999998,True,3.9371518316716205,70.86607225795211,5.142880865836931,112.21090628355573,3032.4601787477486,169.87603138964457
computed_torque,40.0,esn,2,demo_02,,6.821413357127468e-05,0.027655882347092892,12.768909032620776,-0.14000000000000012,True,1.0,True,0.000675973308277748,2.0,False,3.2938815724360375,191.5212032239325,3.2514781745251744,192.62679246076385,6804.788171011389,321.7340215797698
computed_torque,40.0,replay,2,demo_02,demo_02,2.778058683890067e-09,0.014240595553106195,11.508265010232373,0.0,True,1.1400000000000001,False,4.1080888214489785e-11,2.0,True,5.517410994592812,101.39577953371072,4.627789640470851,372.7549192430796,25563.928859895634,554.5419745569773
computed_torque,40.0,esn,3,demo_03,,9.522376501940836e-05,0.054098617062872514,9.884723923418958,0.21999999999999997,True,1.33,True,0.0005685038969061433,2.0,False,2.5558548117544757,139.058397833,3.158784179250579,334.0217176854191,17659.662017930797,363.72061351772277
computed_torque,40.0,replay,3,demo_03,demo_03,1.2384959143511512e-09,0.017310220569488086,8.886894182423486,0.010000000000000009,True,1.12,False,1.1367860243079147e-11,2.0,True,4.204714470730759,72.00049360960442,4.808068412949468,631.9981610834393,65281.08162904985,646.2661682182229
computed_torque,40.0,esn,4,demo_04,,0.00019618264120843976,0.04745185591380058,5.303896256266283,0.32999999999999985,True,1.45,False,0.00039071130694326016,2.0,True,1.3809292243827267,87.54733348204175,3.2020832049096786,353.6785269185392,19364.451926030033,332.60940827400543
computed_torque,40.0,replay,4,demo_04,demo_04,2.2158883023552547e-09,0.006729229350769974,4.721039802645605,0.0,True,1.12,False,3.485602430218517e-11,2.0,True,2.2436441706538215,44.74302463168224,5.021328299005235,618.3696724209494,63503.521911678705,566.6770498667292
computed_torque,40.0,esn,5,demo_05,,0.00011937621607568957,0.07289261085585805,5.359445368038384,0.2599999999999998,True,1.41,True,0.00028205019407406265,2.0,False,1.1622048821280633,65.98621800850238,3.0210312778963737,223.04929076741962,8412.609116075739,243.0337453691771
computed_torque,40.0,replay,5,demo_05,demo_05,4.274347185570074e-09,0.010498375294396692,4.729685871967587,0.0,True,1.1500000000000001,False,4.36744894741501e-11,1.9999999999999998,True,2.2774044978920833,35.192492846887504,5.020109606313427,330.37705717101596,22306.13640718375,356.17835913985084
computed_torque,40.0,esn,6,demo_06,,0.0002527363763266638,0.0343068219409546,7.338733455137445,0.15999999999999992,True,1.3,False,9.636102604672964e-05,2.0,True,1.700038328705349,120.57113572529742,3.3105464102142528,92.65673801219454,2045.1061181048767,170.08280358131907
computed_torque,40.0,replay,6,demo_06,demo_06,5.908611123133745e-09,0.024557807830505894,6.703518741016814,0.0,True,1.1400000000000001,False,4.0285724026792235e-11,2.0,True,3.213903075406311,61.47224529048025,5.278900555120719,183.63259631542965,7714.291000387493,328.3252390757803
computed_torque,40.0,esn,7,demo_07,,9.013942707377985e-05,0.022023508220905517,6.588705917304323,-0.1100000000000001,True,1.0,True,0.0005867904793867367,2.0,False,1.7224662347264632,102.47989894992192,3.5373967186408186,358.70442719297984,19662.926601544154,426.88989016259467
computed_torque,40.0,replay,7,demo_07,demo_07,1.2716623162302235e-09,0.015154139782774117,5.964222107765137,0.0,True,1.11,False,1.1342152471156514e-11,1.9999999999999998,True,2.821895647545786,52.13113668892076,4.878895450671456,564.219088686632,53279.31689307661,669.2438666791163
pd,5.0,esn,0,demo_00,,1.7463976913881233e-05,0.13042413249913812,7.151300103000819,1.2,True,2.33,True,0.002800197709354155,2.0,False,2.3087937365013884,34.653302940028745,1.0650124254633961,8.962430377420011,20.44840654061032,8.698615630029549
pd,5.0,replay,0,demo_00,demo_00,4.765429271536602e-10,0.07397570504659737,6.594570149308802,0.41999999999999993,True,1.55,False,1.5384405025584408e-05,2.0,True,3.3355280661388766,32.88627384074034,1.0238139235059003,13.202638907674915,46.62294911366181,12.415840298551391
pd,5.0,esn,1,demo_01,,1.2548679714346484e-05,0.015151686945972347,12.97561776321558,0.22999999999999998,True,1.3800000000000001,True,0.005173595025562049,1.9999999999999998,False,3.698634245127686,61.222193580707994,1.0477051618545867,2.397516179624297,3.3120777076417127,14.859059782161818
pd,5.0,replay,1,demo_01,demo_01,8.802214421915726e-10,0.03593040626673322,12.463445196754165,0.51,True,1.6600000000000001,False,4.61082318387726e-05,2.0,True,6.22448908039965,70.86607225795211,0.956524687338925,4.207764163441121,11.491911248632226,18.901573633194705
pd,5.0,esn,2,demo_02,,3.2492914236114466e-05,0.08621985002400817,17.943030750097805,1.2399999999999998,True,2.38,False,0.001967701007090307,2.0,True,5.272911539557092,112.52016289894162,1.4092725347126698,9.904332359078502,30.861350553053263,26.55570531651903
pd,5.0,replay,2,demo_02,demo_02,7.64490389757884e-10,0.050666752623654186,17.578776739767548,0.7799999999999998,True,1.92,False,2.796759098656485e-05,2.0,True,8.743729963911886,101.39577953371072,1.10901966225363,16.307385784845746,98.72592149974736,40.97028127762051
pd,5.0,esn,3,demo_03,,2.1636656972369346e-05,0.13505585064178954,14.204779557933222,1.24,True,2.35,True,0.0031692732974835285,2.0000000000000004,False,4.236220879160481,90.07229055539008,1.3171765975192748,11.790335739215244,39.226775183865904,19.924762404934558
pd,5.0,replay,3,demo_03,demo_03,3.8009189906365e-10,0.06468743618574893,13.741428333090406,0.9099999999999999,True,2.02,False,1.650006562418283e-05,2.0000000000000004,True,6.82806439044723,72.00049360960442,1.0948047374543757,20.0522609270871,124.53870878979446,31.7216899431998
pd,5.0,esn,4,demo_04,,1.3590713350614183e-05,0.16126951253923028,8.251649276279249,1.1800000000000002,True,2.3000000000000003,True,0.00385922381822587,1.9999999999999996,False,2.7167204959465483,46.173832066668965,1.13321310902966,11.15422456115207,34.352954945472305,12.249555293306688
pd,5.0,replay,4,demo_04,demo_04,1.5908740028625075e-10,0.03926267627371052,7.93286598779464,0.8399999999999999,True,1.96,False,1.388592188466944e-05,2.0,True,3.995737209278364,44.74302463168224,1.0717584491209402,17.925798977046938,97.85122542752644,18.82960975671518
pd,5.0,esn,5,demo_05,,1.4621010520050996e-05,0.14482528783064386,8.427049029141248,1.51,True,2.66,True,0.0024935784790787565,2.0,False,2.3244695103855313,38.73909775970072,1.1559668689369151,8.19566588260006,19.42701676300163,10.077206285312963
pd,5.0,replay,5,demo_05,demo_05,4.447479792855984e-10,0.04183681930337972,7.737823132668977,0.42999999999999994,True,1.58,False,2.7036020471359366e-05,2.0,True,3.8365209759348735,35.192492846887504,1.0401578887288532,10.86993447455271,43.34781155363284,14.159095165515867
pd,5.0,esn,6,demo_06,,2.5021726217774728e-05,0.02523246484818278,12.04130197399125,0.24,True,1.3800000000000001,True,0.00241234105329625,1.9999999999999998,False,3.2620919770925636,58.17899730864329,1.1055257888895673,3.6762072863585216,4.415202053275542,10.894661591473351
pd,5.0,replay,6,demo_06,demo_06,6.479922602285543e-10,0.03991469010502111,11.175033857932258,0.5,True,1.6400000000000001,False,2.084449081559317e-05,2.0,True,5.557875928175695,61.47224529048025,1.1368835440829954,7.830010312546786,17.927432515630205,15.29764373702027
pd,5.0,esn,7,demo_07,,1.1628176806366598e-05,0.09417813116488805,10.52004422283414,1.28,True,2.39,False,0.0022252869273489953,1.9999999999999996,True,3.342419378737425,53.58431752583403,1.3378694747930846,14.162736170308644,52.94733878631604,17.073974872995397
pd,5.0,replay,7,demo_07,demo_07,1.6381014509141274e-10,0.06104578672056008,10.172095514341443,0.5599999999999998,True,1.67,False,3.34872439011602e-05,2.0,True,5.010876909975181,52.13113668892076,1.1664587382114462,20.783271768128383,130.4295386111891,24.950594439415017
pd,10.0,esn,0,demo_00,,3.451206695796262e-05,0.12375276098238888,6.134636188160901,1.14,True,2.27,True,0.0029740333339500547,2.0000000000000004,False,1.6012635339885284,45.518072017651626,1.6162528856813763,25.70573634572864,131.90096643260242,24.643527550550015
pd,10.0,replay,0,demo_00,demo_00,9.32868856987017e-10,0.05831179861275671,5.387107615778509,0.09999999999999987,True,1.23,False,1.1216749947459243e-08,2.0,True,2.5762454801605705,32.88627384074034,1.7359190527674808,38.9468690156929,321.83100846804405,36.209769144151956
pd,10.0,esn,1,demo_01,,2.512966473630596e-05,0.015750242693900462,11.081083174769182,0.019999999999999796,True,1.17,True,0.006735655049997129,2.0,False,2.893314307050546,82.481804424095,1.5570164304662528,7.2652289997042665,24.746079723413533,22.610130280492104
pd,10.0,replay,1,demo_01,demo_01,1.6693636400629633e-09,0.026738311413922085,10.443627131536523,0.11999999999999988,True,1.27,False,3.440869425515908e-08,2.0,True,5.037824351186738,70.86607225795211,1.6037044356963792,12.084606295326182,87.06509380572213,38.22540717690919
pd,10.0,esn,2,demo_02,,5.939857159798195e-05,0.10111547205158222,15.542074764547213,0.8499999999999999,True,1.99,False,0.0012832638705866848,2.0,True,4.247522051956735,138.210603290127,1.8550220598627163,29.6965930435698,223.94581231288643,77.51446606556543
pd,10.0,replay,2,demo_02,demo_02,1.4101716831872648e-09,0.04171358990161294,14.8952422494148,0.25,True,1.3900000000000001,False,2.9686521213273293e-08,2.0,True,7.166757777734655,101.39577953371072,1.8007912868630092,50.45483722700568,730.7620546369072,124.0036676300324
pd,10.0,esn,3,demo_03,,4.03817894702892e-05,0.10256407253013118,12.281266421957245,1.1900000000000002,True,2.3000000000000003,True,0.0020614346193626788,1.9999999999999996,False,3.356989400244874,108.8065786832648,1.7477414347923574,34.8506108837134,272.51583523490393,58.288781683339074
pd,10.0,replay,3,demo_03,demo_03,7.114414243541576e-10,0.05704975408035976,11.699134706765154,0.31999999999999984,True,1.43,False,2.0599298878223318e-08,2.0,True,5.576125454345202,72.00049360960442,1.756016016390989,61.071771086261634,902.9405828662565,96.2757092583168
pd,10.0,esn,4,demo_04,,2.6905871392957205e-05,0.14107389955429878,7.040411181311157,1.1600000000000001,True,2.2800000000000002,True,0.0033523482233386395,2.0,False,2.005038152317236,61.32716334497336,1.6221758940734003,32.7825283137019,231.32768912393993,35.91544306088542
pd,10.0,replay,4,demo_04,demo_04,3.12775150774148e-10,0.029582699587229998,6.6148048123209024,0.25,True,1.37,False,2.8311488232338373e-08,2.0,True,3.1730931391287727,44.74302463168224,1.793603777012298,54.61832401655258,705.2466189873024,57.52954634361951
pd,10.0,esn,5,demo_05,,2.8499128585853577e-05,0.15476279638009996,7.114325638243248,1.09,True,2.24,True,0.0036669126546557125,2.0,False,1.7016542844876363,52.76612560335327,1.6305594286297789,24.33082944501267,134.58780316328227,26.990427695543495
pd,10.0,replay,5,demo_05,demo_05,8.714463321161376e-10,0.029834148513389124,6.33646694068921,0.08999999999999986,True,1.24,False,5.811658536244843e-08,2.0,True,3.0552994648597056,35.192492846887504,1.7473414220794206,33.177973336372034,328.3444403597038,36.01734425804627
pd,10.0,esn,6,demo_06,,4.910873519229463e-05,0.019874248773898203,10.040000574982185,0.04999999999999982,True,1.19,True,0.003540388579665689,2.0,False,2.4351193188176383,81.1864858151532,1.5848520909976347,10.453257152979596,28.06486225424478,17.58578985998501
pd,10.0,replay,6,demo_06,demo_06,1.2664920086473433e-09,0.032131908989811636,9.11623809121675,0.1299999999999999,True,1.27,False,1.7645840331872664e-09,2.0,True,4.378448097836797,61.47224529048025,1.8669234326602655,22.31438748923408,118.33408747607608,36.04407954003315
pd,10.0,esn,7,demo_07,,2.2635395104731267e-05,0.1039046196101048,8.828190792341196,1.16,True,2.27,True,0.002664035308433757,2.0000000000000004,False,2.507055189451801,70.85809640248432,1.8566727893155384,41.33513800788639,353.108105267284,49.61915821658631
pd,10.0,replay,7,demo_07,demo_07,3.188829988748285e-10,0.04724957320273575,8.386565003635704,0.15999999999999992,True,1.27,False,2.592422490175425e-08,2.0,True,3.9801524572316107,52.13113668892076,1.8914924245712288,63.227757445402816,936.5478882494526,75.73293164493383
pd,20.0,esn,0,demo_00,,6.740234874743034e-05,0.0969341996174771,5.015568459867103,0.3899999999999999,True,1.52,True,0.0007667351909792426,2.0,False,1.2064662570926397,56.86257155613613,2.232531408753041,81.39660293296488,1045.1408268792384,77.12997839844938
pd,20.0,replay,0,demo_00,demo_00,1.7870791009556727e-09,0.04647220803878568,4.4491954885523075,-0.020000000000000018,True,1.11,False,1.3153984900941741e-11,1.9999999999999998,True,2.124189426833583,32.88627384074034,2.933409903162242,125.78312875788785,2731.8770386966767,115.51500564868958
pd,20.0,esn,1,demo_01,,5.0316067768776665e-05,0.018414887408386198,9.644167545617227,-0.09000000000000008,True,1.06,True,0.0009893282296805465,2.0,False,2.407387028647577,105.8820040380071,2.1224651744073335,24.153810616141065,229.53271250798628,75.37528158270436
pd,20.0,replay,1,demo_01,demo_01,3.0055765223018055e-09,0.018864647526069808,8.897980543326275,-0.010000000000000009,True,1.1400000000000001,False,1.6505576058492418e-11,2.0,True,4.284707697426701,70.86607225795211,2.7257602400627854,41.257150547774,796.2769365573448,130.780551169591
pd,20.0,esn,2,demo_02,,9.92781817531232e-05,0.0947690478143815,13.623578801184307,0.26,True,1.4000000000000001,True,0.0005533069046764073,1.9999999999999998,False,3.5628350705813534,161.51008383091553,2.2479137786940324,95.81270938347481,1966.4277167002833,240.96165351913731
pd,20.0,replay,2,demo_02,demo_02,2.4044542025937526e-09,0.030201515782781192,12.498509308924636,0.039999999999999813,True,1.18,False,9.202501710538137e-12,2.0,True,5.992375630165077,101.39577953371072,2.9789146924312213,164.80828869638083,6270.61494302565,387.98720133070583
pd,20.0,esn,3,demo_03,,7.027954917120216e-05,0.07190321813501968,10.748014285647912,0.6599999999999999,True,1.77,False,0.0005774577832608845,2.0,True,2.816086215611606,124.07079318620957,2.184161208198406,112.63784741580395,2344.9452723566587,185.6709093202287
pd,20.0,replay,3,demo_03,demo_03,1.2453090236876476e-09,0.049437895057334695,9.9372995674836,0.04999999999999982,True,1.16,False,2.5930014255966153e-12,2.0,True,4.70263297772271,72.00049360960442,2.8960514448473194,199.7714204250502,7867.668015363543,310.71740619227285
pd,20.0,esn,4,demo_04,,5.268782683235904e-05,0.09216031023242557,6.043519591957411,0.7999999999999998,True,1.92,False,0.0006370233350381398,2.0,True,1.6023528031088512,75.93035735648925,2.147752444416665,106.01430304549882,1950.74392753119,115.81069420965183
pd,20.0,replay,4,demo_04,demo_04,6.050788809393494e-10,0.025943148943247632,5.559091295595248,-0.020000000000000018,True,1.1,False,1.4256902262752293e-11,2.0,True,2.6429363384868823,44.74302463168224,2.982764408812268,180.55018245653457,6225.227117300666,190.45222544059746
pd,20.0,esn,5,demo_05,,5.409936648205909e-05,0.11990633304191517,6.090281350608428,0.7899999999999998,True,1.94,False,0.0006171645918559938,2.0,True,1.3413413842767123,62.095361630439506,2.078800862191574,79.07300049389735,1158.2391883349073,87.39369066777728
pd,20.0,replay,5,demo_05,demo_05,1.6716475275287364e-09,0.020332654812762096,5.360704975500664,-0.030000000000000027,True,1.12,False,2.0419285071899754e-11,2.0,True,2.581635089466566,35.192492846887504,2.9499318451243846,113.88734627059519,3019.7293604003476,123.69931357400469
pd,20.0,esn,6,demo_06,,9.45105746821274e-05,0.057172748489529995,8.456058500685122,0.2799999999999998,True,1.42,True,8.238894513552651e-05,2.0,False,1.9666270733736224,103.07746849702413,2.1516663056540355,32.64496835149576,227.698060049207,55.370902654616806
pd,20.0,replay,6,demo_06,demo_06,2.4175444684432483e-09,0.0274869959236384,7.656919052460187,0.010000000000000009,True,1.1500000000000001,False,1.2413841966623372e-11,1.9999999999999998,True,3.6712771538423925,61.47224529048025,3.1277005521116514,68.91056524867112,960.8887234235008,112.70640954937369
pd,20.0,esn,7,demo_07,,4.285178193113164e-05,0.04479888030522928,7.5659879460726245,-0.06000000000000005,True,1.05,True,0.0006228344683027168,2.0,False,2.015560647953693,87.92728750726194,2.440151985610728,132.40498744442553,2962.206276918963,158.2440401969132
pd,20.0,replay,7,demo_07,demo_07,6.037282651586303e-10,0.03481409857694055,6.997408006332288,0.020000000000000018,True,1.1300000000000001,False,3.23566676112302e-12,1.9999999999999998,True,3.3111055213725886,52.13113668892076,3.0906700427004328,207.91576878792833,8220.140179754819,248.313919035719
pd,40.0,esn,0,demo_00,,0.0001285787429915446,0.05313316760475676,4.332873210810041,-0.1100000000000001,True,1.02,True,0.00046208542229302243,2.0,False,1.0250934493397954,64.28987224457144,3.2999790480539937,272.29075880029035,10255.66676863241,254.15818748738184
pd,40.0,replay,0,demo_00,demo_00,3.2777562782881688e-09,0.04268301945031574,3.920798311997944,-0.010000000000000009,True,1.12,False,2.9006361918737455e-11,2.0,True,1.87168519341278,32.88627384074034,5.0586935488886215,420.09182950082743,26580.83577409298,377.5341739312869
pd,40.0,esn,1,demo_01,,0.00010023003990542908,0.019485980846376875,8.496223920748113,-0.13000000000000012,True,1.02,True,0.0005632773526582022,2.0,False,2.08936251279022,123.24827001761628,3.0422341854698023,83.85981062622447,2339.4483081877506,251.98349548019152
pd,40.0,replay,1,demo_01,demo_01,4.909388477883381e-09,0.01590528121704825,7.5984549142699445,0.0,True,1.1500000000000001,False,3.539201522846979e-11,1.9999999999999998,True,3.658304622044643,70.86607225795211,4.686090657439999,142.9188554584623,7191.182194444098,425.3864687001038
pd,40.0,esn,2,demo_02,,0.00014006936165619015,0.027728779603131793,11.492339742330882,-0.14000000000000012,True,1.0,True,0.0006269450216468127,2.0,False,2.9548623152844113,171.99467580442897,3.1311320095888915,306.8382789427915,18294.667465083967,719.2822413323697
pd,40.0,replay,2,demo_02,demo_02,3.5559830754373934e-09,0.019066788966081664,9.872286352223103,0.0,True,1.1400000000000001,False,3.321799335520785e-11,2.0,True,4.731636200322188,101.39577953371072,4.624729231647136,507.8668219164284,51158.28164646044,1097.3255179494445
pd,40.0,esn,3,demo_03,,0.00010666452731608632,0.05287190066126484,9.22590807159005,0.54,True,1.6500000000000001,False,0.0003140465670956196,1.9999999999999998,True,2.381400856944841,129.71852742861373,3.035230858127297,374.89500095751015,23219.737187670624,596.6263624449552
pd,40.0,replay,3,demo_03,demo_03,1.9093434759278326e-09,0.041270269314841554,8.027582495283477,0.0,True,1.11,False,1.0269505121797491e-11,1.9999999999999998,True,3.7972159900902533,72.00049360960442,4.625552246798506,647.5139763274299,71337.46496514967,960.6052339937646
pd,40.0,esn,4,demo_04,,0.00010073030190190504,0.05642453487353753,5.228534010139113,0.3599999999999999,True,1.48,True,0.0003737234888461367,2.0,False,1.3545878701511773,85.16429514007791,3.039522610067166,360.08732625545775,19927.193407089064,390.7176047832294
pd,40.0,replay,4,demo_04,demo_04,1.136174950110924e-09,0.029297748701156083,4.60064485074044,0.0,True,1.12,False,2.8182304679477154e-11,2.0,True,2.1862901756416613,44.74302463168224,4.947917808265572,607.2576242918142,60800.48870738397,635.8570308060864
pd,40.0,esn,5,demo_05,,9.722691986404776e-05,0.08270062691135345,5.397642599467671,0.2699999999999998,True,1.42,True,0.0003065688930674331,2.0,False,1.166420073473594,66.3719644953939,2.953924641924848,267.29981713327084,11821.868610328413,294.5661519725404
pd,40.0,replay,5,demo_05,demo_05,3.067270253717128e-09,0.012809437097879165,4.7245063101073255,-0.010000000000000009,True,1.1400000000000001,False,3.93960874646404e-11,2.0,True,2.2749121361263174,35.192492846887504,5.037439311112563,388.56255016539046,30024.96854745021,422.0850585826489
pd,40.0,esn,6,demo_06,,0.00017452337454844092,0.040206365898602596,7.443533726375066,0.17999999999999994,True,1.32,True,9.567083377587943e-05,2.0,False,1.7166100265923545,118.10621971326177,3.2359485837297566,104.12680940441443,2196.542537855135,180.91783614305712
pd,40.0,replay,6,demo_06,demo_06,4.395167351674633e-09,0.02919107129806339,6.735593437110175,0.0,True,1.1400000000000001,False,3.257643210524898e-11,2.0,True,3.229305946555023,61.47224529048025,5.298803805713753,209.2134943150429,8460.10713505577,353.7769961837691
pd,40.0,esn,7,demo_07,,7.658123772600009e-05,0.029487494655428825,6.507447201397544,-0.1100000000000001,True,1.0,True,0.00047732218593563925,2.0,False,1.695569375522105,98.48944763379126,3.4821176836887786,440.511208707575,29269.196937645997,523.4644863473234
pd,40.0,replay,7,demo_07,demo_07,1.0790882583789958e-09,0.024393037227396434,5.793939892935414,0.0,True,1.11,False,9.185155967001439e-12,1.9999999999999998,True,2.7412345869729293,52.13113668892076,4.994614696530192,685.9458784046357,77599.46240712414,813.1805975847849
