leak_rate,spectral_radius,input_scaling,one_step_error_deg,demonstrated_first_step_m,demonstrated_taught_path_distance_m,demonstrated_taught_joint_error_deg,other_first_step_m,other_taught_path_distance_m,other_taught_joint_error_deg,other_median_offset_retained,swings,largest_detour_m,jumps,largest_first_step_m,runs,failures,median_hold_error_m,max_hold_error_m
0.5,0.75,0.07,0.07548240110905402,0.0008279861116611438,0.006292198182045839,9.171618297371914,0.01391573529641015,0.48950352034922706,41.53263467092179,0.22133314622893588,23,0.80359869614905,2,0.04035476519879536,49,23,0.005426219863917354,0.005433338266490739
0.5,0.75,0.1,0.07087286845221812,0.0005784141869032937,0.006194291801871986,8.658824257822575,0.009783859799278387,0.30091221588205724,28.367985521164503,0.30320960842947486,21,0.43853552916511573,0,0.02962685192162072,49,21,0.005868270521657598,0.005890261997194972
0.5,0.75,0.15,0.06703707950177581,0.00042711091164660784,0.005709641694564466,7.880864889804398,0.007465016244965005,0.21919097038995802,24.17094948047722,0.3280400781002904,21,0.21949768933172714,0,0.024320485225772917,49,23,0.006018604574833211,0.006054219805748679
0.5,0.75,0.2,0.064937385472092,0.0003583885596844501,0.005263290461607784,7.416104542663679,0.006714605418891938,0.18951242087018302,22.734759919543837,0.5650133010747782,13,0.14832012111281187,0,0.02292209015965106,49,24,0.006028001614093876,0.006041794647519137
0.5,0.75,0.3,0.0627595114243652,0.0003123275910085133,0.004980969180833761,6.93249707125222,0.006587744344800295,0.16307254340145316,19.663369116880954,0.32001471494560496,0,0.026443006171266166,0,0.023486872609196654,49,24,0.00604895274146608,0.006051294495474881
0.5,0.9,0.07,0.07569555162835244,0.000815568817878613,0.006172715458008763,9.03264130114129,0.01341772978147216,0.3995015798394553,35.27346464833536,0.24726466754831997,23,0.615624818518036,2,0.03869951076838382,49,23,0.005680268772272691,0.005689977854374709
0.5,0.9,0.1,0.07084972610771464,0.0005931055780296201,0.005754123677143119,8.237442238142757,0.009790096462083895,0.2288938811432697,24.241372388689708,0.28775136146119673,23,0.22540981259809872,0,0.029008043468380672,49,23,0.00598972749324229,0.006014799243035577
0.5,0.9,0.15,0.06671104809788674,0.0004405448820126704,0.005372315274548144,7.022185584221687,0.007748753946104172,0.17633293973641948,18.152301310220544,0.256451139662336,8,0.08334943479699682,0,0.02315745570331575,49,22,0.006006017912847492,0.006962148199624881
0.5,0.9,0.2,0.06453775237618611,0.0003653604517291208,0.006027102030004405,6.4594707948609225,0.006918072154119985,0.16890214556447833,10.809861838179387,0.20557728229979036,2,0.07418349947815088,0,0.0208729018079342,49,0,0.005958133190895352,0.005960838826639755
0.5,0.9,0.3,0.06238934332581365,0.0003247423367743041,0.0051481596535883824,6.229561436525018,0.006569345633863195,0.1616613734516559,15.095896368910802,0.14624442033388377,0,0.0049350805249362,0,0.02140203711583649,49,0,0.00599437509484407,0.006564444061124601
0.5,1.05,0.07,0.0760892783868938,0.0008397243634872554,0.005963328942094615,8.994076093698503,0.013754592681484592,0.30067952971398604,28.514089002233575,0.24294171919297813,22,0.4173653066898039,2,0.03978879588440758,49,22,0.00583712672973603,0.005848164701069365
0.5,1.05,0.1,0.07084108322459173,0.0006365954413505553,0.005578250342173678,7.867502123622191,0.010805808096117071,0.1856635908113097,19.70756126443204,0.24748352977342508,11,0.109233186290005,1,0.031568115520903516,49,23,0.005990061031384105,0.006002795800824231
0.5,1.05,0.15,0.06652012739482936,0.00046480273089255167,0.006980212330078672,5.689832452755029,0.009115246257553942,0.16911948679381814,11.584925124571773,0.17057879625328828,2,0.06019031505225976,0,0.025715834041854346,49,0,0.005910332645488836,0.005913372429046438
0.5,1.05,0.2,0.064320115666442,0.00037863093892953007,0.00748327890186251,5.145358280123359,0.0077512186993055725,0.1649147654680542,11.50619755599852,0.1535030395495921,1,0.05906664426341969,0,0.02282216038545902,49,0,0.005935291057040835,0.005937127596724967
0.5,1.05,0.3,0.0621183946011236,0.00032685912078770377,0.006035876034765496,5.140028445980734,0.007929305235344127,0.16155730198469379,8.456721174333119,0.1170490454402553,0,0.006175044050562445,0,0.02370996011311804,49,0,0.005999708260335142,0.0060005691290545265
0.5,1.2,0.07,0.07649260791091213,0.0008698209474568908,0.005506884392913693,8.767137267003827,0.014769534919301691,0.2544572674093667,24.833563255222014,0.25609376538997924,21,0.30171721711249333,4,0.04220777847160177,49,21,0.005898760074320584,0.005910479318144109
0.5,1.2,0.1,0.07097279484858617,0.0006593900193591635,0.006030933495824357,7.470985304557758,0.012754621513827336,0.19213534361245674,12.12347766191481,0.20297473645032027,14,0.14171828534178266,1,0.035336582426975405,49,2,0.005874317420184171,0.00587731826903734
0.5,1.2,0.15,0.06648021613187816,0.0004588582316002208,0.007684479868944437,5.576942964430776,0.011741343401536299,0.17457474951341467,12.918947474336576,0.18182723050896893,6,0.10188943467917423,1,0.031101844864914466,49,0,0.005903329319189884,0.005904982831291846
0.5,1.2,0.2,0.06418195113862006,0.0003868253757974002,0.007317850358695293,4.4854876006575575,0.010239463403143221,0.1634173525797178,12.520367264057183,0.17574577307660727,1,0.0523621815208551,0,0.029579927796543476,49,0,0.005949877597631074,0.005952978986049429
0.5,1.2,0.3,0.061759126435657376,0.0003261777586112189,0.005618088620621387,5.438474184694095,0.012727041466294747,0.16156287737489838,16.043596309956445,0.11803175496166037,0,0.005951418065863475,3,0.03823292899690317,49,15,0.0059567995355853335,0.005957074698733579
0.7,0.75,0.07,0.06874773860497314,0.0007728627677215917,0.00619777981341556,9.251138055604113,0.01269953136337723,0.38139995714527597,34.12284773229674,1.2898545632891203,24,0.5686882249841285,2,0.03720813047331992,49,24,0.0055821254024501785,0.005584614159535801
0.7,0.75,0.1,0.06515760312125048,0.0005185074812074537,0.006409592437013392,8.79674742944192,0.008752841036817229,0.2540409269337455,26.40340715576356,0.2417485882343665,23,0.31169211520357537,0,0.026960369482432352,49,23,0.005995957281574787,0.006001368906073811
0.7,0.75,0.15,0.06244371157979849,0.00036705729992083785,0.006323640479138263,8.53408061472166,0.006741825616666853,0.22202825401906534,23.726976684353673,0.25582803609914495,19,0.253928358612289,0,0.0225895524983368,49,21,0.006009852937994423,0.00601790404561034
0.7,0.75,0.2,0.06114007773856661,0.0003054896646571607,0.006018374769451894,8.349564649575129,0.006292413094926078,0.19882774875081763,23.07021244156451,0.2637715473122827,15,0.18434805368700607,0,0.02256612432697118,49,23,0.006005542062189987,0.006013597974747527
0.7,0.75,0.3,0.05987028182087858,0.00027200522591014955,0.0049963879786540065,7.840606598374831,0.006765704874003864,0.16409612249916064,20.35438798534277,0.4300877172847828,0,0.04695193566335667,0,0.02618654299065556,49,25,0.00605683588677953,0.006060248225502192
0.7,0.9,0.07,0.06895321495723268,0.000736675636506222,0.006227939719080766,9.179552744922002,0.011942989149197872,0.336635164425324,31.448704670424444,1.12230131935461,24,0.4791522595058918,2,0.03502674376807855,49,24,0.005771718735526235,0.005775232373951496
0.7,0.9,0.1,0.06523090286039533,0.0005097585918218543,0.006145839230915084,8.59089714613228,0.008452730313736175,0.21249247500345728,22.804442768543822,0.236460452453394,19,0.22089781301348754,0,0.025621997770591782,49,21,0.006001317722207099,0.006008633073232067
0.7,0.9,0.15,0.06237348652758078,0.0003650673543939152,0.005743941029411188,7.8802608582928,0.006745874124873541,0.18375737197284112,20.749431914240045,0.24447510429576375,10,0.11353001850194007,0,0.020765136013991225,49,23,0.005968960237814735,0.0059754152791142694
0.7,0.9,0.2,0.06098569868591553,0.00030489140169362027,0.006040965609578912,7.47139324684881,0.006251084682151551,0.1741016214810834,20.764139874007018,0.3974645369116354,6,0.09440330515670346,0,0.019474879506235186,49,24,0.005968846026116835,0.005972151621418317
0.7,0.9,0.3,0.059617293425300866,0.0002823855738282012,0.004741251040764981,7.068405820909001,0.006432032023239133,0.16186049689597332,19.755881375863524,0.3218738807868579,0,0.006399579121148302,0,0.022084500453155034,49,27,0.0060203837924880845,0.006022579899029148
0.7,1.05,0.07,0.06943409994106575,0.000730630244034694,0.006303357760773644,9.251116061003838,0.011685747201538097,0.2914432031031431,28.885722525533396,0.9513155258094114,24,0.3879538871639832,1,0.034671386395437535,49,24,0.005837589041869178,0.005841333107823697
0.7,1.05,0.1,0.06541902536448899,0.0005272329681240224,0.005813569560594393,8.399605213994718,0.00886208740801303,0.1783086821189095,19.723995574671747,0.21948057877550917,8,0.0949161270635585,0,0.02680421924856113,49,21,0.005946701327540518,0.005952896390239421
0.7,1.05,0.15,0.062348990648287014,0.00037900724345679894,0.006559505122557874,6.7415308812056685,0.007613880453518189,0.16667516967349924,9.874517738412672,0.17152916052421652,0,0.04995426297065585,0,0.022396943746114378,49,0,0.005905360395255681,0.005908652563131208
0.7,1.05,0.2,0.06088892268038599,0.00031630647180683126,0.007160481491747094,5.889854265505209,0.006816671464941156,0.16312594761175878,10.022668607550173,0.15496416056071832,0,0.03773515171623139,0,0.020649893411142605,49,0,0.005946015425644467,0.005948020502352129
0.7,1.05,0.3,0.05939630461040441,0.0002856509748332706,0.005809009035523698,5.298332601305212,0.007150126918682297,0.16155747332346793,8.806946290057782,0.12333351304355883,0,0.005862938485876765,0,0.022608731103779603,49,0,0.006012637767809392,0.0060140755130539975
0.7,1.2,0.07,0.06999572468829132,0.000729675097564858,0.006226020578862234,9.163871214336261,0.011821093832390816,0.245823164023637,25.93964992423901,0.23481887324333223,22,0.29152237102661627,1,0.034980133677700344,49,23,0.005904973074041308,0.00591270814325418
0.7,1.2,0.1,0.0656935202462255,0.000535331959183136,0.005742394836466858,8.208995372939304,0.009977342904676943,0.17760910697296795,18.77050311281025,0.20214944518268874,8,0.0938721063590391,0,0.029477382437532687,49,21,0.005898979758388392,0.005902908976713106
0.7,1.2,0.15,0.06243915272211512,0.00037357762621547584,0.00736489024403396,6.747388162297865,0.009463980926428766,0.16672051908943994,12.217601979446526,0.15522157334815267,1,0.06642217609801966,0,0.027244469847821317,49,0,0.005922980156966315,0.005924702675094075
0.7,1.2,0.2,0.06085212424550977,0.00032568366352362266,0.007268592677776277,4.855245795876207,0.008708515862352889,0.16183267165038234,11.727441186518186,0.12708902651772397,0,0.013176430534773048,0,0.02693593944890797,49,0,0.0059674916389173965,0.0059694840006894335
0.7,1.2,0.3,0.05910471668549805,0.0002910211668505211,0.0056920821554544195,5.056627403341316,0.010940228338300573,0.1617415724702924,14.453722379897977,0.10475644106526169,0,0.005951086979753241,3,0.03420755134749587,49,9,0.005926389598690254,0.019779353156103057
1.0,0.75,0.07,0.06390563472088252,0.0007527798600919528,0.0060263083413827105,9.163359922972003,0.011932300408489275,0.2609906597865079,26.363245038703457,0.18258592096442042,23,0.33489080896744045,2,0.035376272757115,49,23,0.005854484025551608,0.005856178308587894
1.0,0.75,0.1,0.06160406009801707,0.0004946150174545747,0.006311908848383594,8.657136859547366,0.00819354294900627,0.18720356668840168,22.247227765586597,0.2117822835759445,11,0.15944575379444476,0,0.025725753391376602,49,23,0.006250549710387591,0.0062516811471342755
1.0,0.75,0.15,0.059733462659566625,0.00034143829687690355,0.006832030198032715,9.03296289430616,0.006512060757677487,0.21988270651456868,24.37987373796373,0.24113301984826907,20,0.23859388442385315,0,0.022543392787335064,49,23,0.00605653259462781,0.006059293034535577
1.0,0.75,0.2,0.05890992124844553,0.00028245964589005107,0.006916493562695841,9.165342525384974,0.006431496862836776,0.19680530846806402,23.00884855900237,0.262131452044577,14,0.18506425975787666,0,0.0244846681803851,49,23,0.006008723162525547,0.006011695058946054
1.0,0.75,0.3,0.05807918903682463,0.0002525795586347405,0.006030985453308202,8.774685910456865,0.007737408719252759,0.165513485914328,20.887672114575143,0.5250402865908372,3,0.06296035989506238,1,0.033256718149611814,49,26,0.006060740699116604,0.006062917237202934
1.0,0.9,0.07,0.06415502642573172,0.0006940396895153259,0.006078905818995769,9.173589573994994,0.011006222056670642,0.25582035838115796,26.716094249133757,0.7897021066364766,23,0.317525493459076,1,0.032986720249730206,49,24,0.005985153053038992,0.0059869053016760225
1.0,0.9,0.1,0.06150196903388961,0.00046226828254840297,0.006362456177505979,8.796144319355957,0.007697116273923929,0.19537474658991696,22.818088645257983,0.2228912886978269,14,0.1777475311082216,0,0.02410434849757804,49,23,0.0060989341759105885,0.00610074227220522
1.0,0.9,0.15,0.059524975380534084,0.0003196888985702759,0.0065727634544710326,8.73426567780024,0.006375659818742048,0.19418096924363704,21.742190520844915,0.23209170267897689,13,0.1693043230409647,0,0.02072563957721587,49,22,0.005950410562323257,0.0059534801866451
1.0,0.9,0.2,0.058631555414714064,0.0002678386665326914,0.006605671292778887,8.62632557240823,0.0063035894045194605,0.18178619200568438,21.7545183874293,0.5101876829031788,8,0.13619710061751178,0,0.02138483015183992,49,24,0.0059910475140566855,0.005994400287480202
1.0,0.9,0.3,0.05763666151737759,0.0002549944214477825,0.005417767756296595,8.365264497673632,0.007328451266145474,0.1639269129653169,20.60776660288054,0.48150365422496333,0,0.04439805571280891,0,0.028779004100862586,49,27,0.006029061709999978,0.0060312361732706285
1.0,1.05,0.07,0.06459545111885023,0.0006617781969306186,0.006343705972224881,9.373560798477182,0.010413953172614046,0.25807457587614807,26.968209500423242,0.8112947555806852,23,0.3220305647288703,1,0.031853172209524515,49,24,0.005939863029892399,0.005942188058338205
1.0,1.05,0.1,0.061640061372321225,0.00045323527005033346,0.006378357589475423,8.884486497208396,0.0077062699812789764,0.17926735284502918,21.34676551315701,0.22984176420797792,7,0.11800119181101011,0,0.024443275113086825,49,23,0.005932819211284946,0.005936396185619584
1.0,1.05,0.15,0.05944500993953823,0.00031807379802248326,0.006497148422783605,8.174085762448946,0.006874508028070092,0.16887693956506497,17.487444506568938,0.19701515189956764,2,0.06425121348008099,0,0.02185923832139783,49,22,0.005901119220006251,0.005905105778348752
1.0,1.05,0.2,0.05844957110157997,0.00027275384896223643,0.006573362835915951,7.7018819806732886,0.00667232214296851,0.16404779101317787,9.609307237103625,0.16210229768467285,0,0.04514079510940641,0,0.022350562999194204,49,0,0.005971094310539085,0.005972977819506446
1.0,1.05,0.3,0.05730017252604872,0.0002559694211714586,0.0051598835087748405,7.236739130013973,0.007881005860872958,0.1617645906943673,13.202901752976686,0.12326758561208549,0,0.009242292890290146,0,0.0287301762384559,49,0,0.0060160986866191314,0.006017490990330629
1.0,1.2,0.07,0.06513439160638845,0.0006344587203834918,0.006680595062823991,9.42082858974317,0.010043138198487355,0.24928979591069342,26.051284016203482,0.2167225499339201,22,0.31046352221617335,1,0.030704624975850425,49,23,0.0059305866439850205,0.00593333986453655
1.0,1.2,0.1,0.06184936410898542,0.00044781184037957886,0.006337880616760241,8.9098868466433,0.008206577871440426,0.17854401544860674,20.345752509373288,0.1930177388600653,9,0.114326119829698,0,0.0263309921034812,49,21,0.0058935927211287865,0.00589736702876351
1.0,1.2,0.15,0.05948074107364732,0.0003147669204610107,0.006741958732723711,8.30067373757473,0.008221006346594478,0.16569765482767723,10.716883979837917,0.14079345098542112,1,0.05853787820736635,0,0.027128517352602126,49,0,0.005932150756010286,0.005934873795461919
1.0,1.2,0.2,0.05838258799048493,0.00028008916716531915,0.006415607686476614,6.533252796974788,0.008563881802543137,0.16161524869400343,10.113226141943025,0.09368018048287341,0,0.00651709751340157,1,0.03046052672368565,49,0,0.0059885266110119555,0.005991329522539414
1.0,1.2,0.3,0.056945103470049926,0.0002650413595862291,0.005300910798427483,6.1448695352069675,0.01202666802685295,0.18187072188778322,17.76061598318466,0.09682533052203599,9,0.14997357424755978,4,0.041145600762087724,49,21,0.005919231138232741,0.005920344798774593
