law,omega,damping,arm,start,origin,replayed,first_step_m,reach_path_distance_m,reach_joint_error_deg,arrival_delay_s,arrived,arrival_time_s,left_goal,hold_error_m,hold_observed_s,success,training_path_distance_deg,demonstrator_training_path_distance_deg,training_path_ratio,tracking_error_deg,peak_reference_speed_dps,peak_hand_speed_mps,settling_time_s,final_distance_m,peak_torque_nm,effort_n2m2s,peak_external_force_n,reference_lead
,,,demonstrator,0,demo_00,,2.248695229651626e-09,0.00014043750340665288,0.34482572957088536,0.010000000000000009,True,1.12,False,9.838034535765013e-12,2.0,True,0.002095320306174702,0.0,nan,nan,nan,0.8917144790321007,1.12,5.420799638382024e-15,6.363354849869484,6.067225381951619,4.999999999999999,nan
computed_torque,10.0,1.0,esn,0,demo_00,,4.831266447341249e-06,0.006326957605142137,0.3627025672214989,0.0,True,1.11,False,2.3148923430718745e-05,1.9999999999999998,True,0.12237563934507509,0.0,nan,0.13342894019903306,54.30189835323518,0.9563142065441832,1.11,0.0005671228575797479,6.719583734549779,6.942912307455573,4.999999999999999,0.020847870441651845
computed_torque,10.0,1.0,replay,0,demo_00,demo_00,6.85188059910264e-10,0.001174805091920913,0.2748039240722469,0.010000000000000009,True,1.12,False,2.4874477231161568e-09,2.0,True,0.01964908564240394,0.0,nan,0.13147234058878116,52.13113668892076,0.9186644016971025,1.12,7.026054108426267e-15,6.711386646252403,6.469446931016704,4.999999999999999,0.02110638696979017
computed_torque,10.0,0.5,esn,0,demo_00,,4.03537710965732e-06,0.009856147640779123,0.6200482240772798,0.05999999999999983,True,1.17,False,2.811390804000114e-05,2.0,True,0.2122196473828037,0.0,nan,0.20722018250200244,55.34590664429532,1.041729839514605,1.17,0.000566819828467852,6.08648944449217,8.1439679543429,4.999999999999999,0.027356012343556224
computed_torque,10.0,0.5,replay,0,demo_00,demo_00,5.72312128842319e-10,0.0016034192214964375,0.4134473524910374,0.0,True,1.11,False,1.3115778193914772e-07,1.9999999999999998,True,0.02276674597874356,0.0,nan,0.1980759104089596,52.13113668892076,0.9825416280449202,1.11,1.3800615366258524e-11,6.125858138957247,6.9507113441752235,4.999999999999999,0.027773599927460757
computed_torque,10.0,0.3,esn,0,demo_00,,3.7042692463217106e-06,0.01259871360527816,0.850641944013331,0.17999999999999994,True,1.29,False,0.00016461959997063927,2.0,True,0.2874460234043116,0.0,nan,0.29144521366513826,56.01905568053849,1.110454493493885,1.29,0.0005660411467661281,5.596467902120981,10.127694505776176,4.999999999999999,0.030946477613855772
computed_torque,10.0,0.3,replay,0,demo_00,demo_00,5.253530996380712e-10,0.00188472982060295,0.5417101486352083,0.030000000000000027,True,1.1400000000000001,False,1.0305147949382904e-05,2.0,True,0.04014309113123338,0.0,nan,0.26536165495992087,52.13113668892076,1.0350771388953577,1.1400000000000001,3.025112647400195e-08,5.651458065099098,7.755512034342479,4.999999999999999,0.031406422419831076
computed_torque,10.0,0.1,esn,0,demo_00,,3.3656677634178438e-06,0.0408918128692651,1.2966903024521197,0.55,True,1.6600000000000001,True,0.015690820576816214,2.0,False,0.7498295976728093,0.0,nan,0.7291735695735162,56.948702102543464,1.2271471322468843,3.47,0.012319091549613064,7.509891811432257,18.143135181283164,4.999999999999999,0.03541833978470843
computed_torque,10.0,0.1,replay,0,demo_00,demo_00,4.773314014465421e-10,0.005872238745659878,0.8086740659763894,0.17999999999999994,True,1.29,False,0.0005288754927575448,2.0,True,0.10091015706141152,0.0,nan,0.4795968889617553,52.13113668892076,1.125340838072188,1.29,0.00048190925689819985,5.4491428024207975,10.847729643220598,4.999999999999999,0.03590806546923997
pd,20.0,1.0,esn,0,demo_00,,3.968465824763971e-06,0.0020272169638272035,0.2455384885810336,-0.010000000000000009,True,1.1,False,3.0668349181878573e-05,2.0,True,0.04342226159429072,0.0,nan,0.08957586462540508,53.25581589950702,0.9122102548643918,1.1,0.0005645575665383114,7.873040549184732,7.457806374674342,4.999999999999999,0.016184661719752025
pd,20.0,1.0,replay,0,demo_00,demo_00,6.037282651586303e-10,0.0020315024686217084,0.18116610135487451,-0.010000000000000009,True,1.1,False,4.56687546920646e-12,2.0,True,0.04126248848959571,0.0,nan,0.08856934273342269,52.13113668892076,0.8920238510675648,1.1,4.773959005888173e-15,7.868190113012844,7.237349089167102,4.999999999999999,0.016302515074793522
pd,20.0,0.5,esn,0,demo_00,,2.165089535100873e-06,0.0028286028834172586,0.307882496770481,-0.010000000000000009,True,1.1,False,2.72297028893332e-05,2.0,True,0.05790880703432116,0.0,nan,0.10812365943163979,53.65975082638638,0.9431552459023356,1.1,0.000564895098357562,8.110536559751454,7.999535386277638,4.999999999999999,0.02139803175283872
pd,20.0,0.5,replay,0,demo_00,demo_00,3.3071042106086177e-10,0.002384311781556372,0.22176871926247754,-0.010000000000000009,True,1.1,False,1.0193807096196848e-11,2.0,True,0.04639881113102535,0.0,nan,0.10669081860495976,52.13113668892076,0.9173975852169866,1.1,6.805042272227426e-15,8.099282723953317,7.73920802544669,4.999999999999999,0.02163048425941355
pd,20.0,0.3,esn,0,demo_00,,1.376685380808758e-06,0.003228626537412294,0.3386823713415163,0.0,True,1.11,False,2.3524487454314943e-05,1.9999999999999998,True,0.06768632045302246,0.0,nan,0.11846683382927037,53.92331950642411,0.9881118015317307,1.11,0.0005649106775759755,8.48595561413166,8.587487768831151,4.999999999999999,0.024445723724654228
pd,20.0,0.3,replay,0,demo_00,demo_00,2.1062516188391015e-10,0.0027687239569880815,0.24653078599257428,-0.010000000000000009,True,1.1,False,2.5001764810950517e-08,2.0,True,0.04812844759381857,0.0,nan,0.11797787213132951,52.13113668892076,0.9654641349466739,1.1,1.0685876080080692e-12,8.495489737601607,8.371224090222437,4.999999999999999,0.024823086418540863
pd,20.0,0.1,esn,0,demo_00,,5.473507563176679e-07,0.003880967281607484,0.39242497813763205,0.010000000000000009,True,1.12,False,4.363056042274837e-05,2.0,True,0.09656016588745396,0.0,nan,0.14680898598845626,54.324938134625874,1.0873428291993892,1.12,0.0005649635297398383,8.96427638185693,10.955444125769821,4.999999999999999,0.028543486795658768
pd,20.0,0.1,replay,0,demo_00,demo_00,8.387771431760783e-11,0.0071407012699453406,0.33177583213277767,0.0,True,1.11,False,7.883620984223369e-05,1.9999999999999998,True,0.08269820046947372,0.0,nan,0.16325725381220318,52.13113668892076,1.070305438433609,1.11,4.582590180695041e-06,9.062567750838411,11.387211424172003,4.999999999999999,0.02921094360413326
