seed,setting,start,origin,first_step_m,arrived,arrival_time_s,left_goal,hold_error_m,hold_observed_s,success,final_distance_m,training_path_distance_deg,offset_retained,taught_joint_error_deg,taught_tip_error_m,taught_path_distance_m,taught_path_rmse_m,onset_delay_s,taught_arrival_delay_s,jitter_deg,taught_jitter_deg,speed_peaks,taught_speed_peaks,tracking_error_deg,reference_path_rmse_m,peak_reference_speed_dps,peak_hand_speed_mps,settling_time_s,peak_torque_nm,effort_n2m2s,peak_external_force_n,reference_lead,detour_m,failed
0,computed_torque_w20_z0.1,0,demo_00_filtered,0.00021066721479369977,True,9.76,False,0.0023110511918445257,2.0,True,0.0024784424776070923,0.0882598799369646,nan,1.6159003957444718,0.016313389595566646,0.0025601348038488286,0.0008277401055603106,-0.020000000000000018,0.17999999999999972,0.0017845220062878712,0.013436599490544855,5.0,189.0,0.09033754016446237,0.0008275454851467132,26.444879614066807,0.22068769899243534,9.76,0.7712562197335957,0.015011602690990366,0.0,nan,0.0025170063635004485,False
0,pd_w20_z0.1,0,demo_00_filtered,2.6083865751419483e-06,True,9.76,False,0.0023509069393382637,2.0,True,0.0024784770068960764,0.10341308650487734,nan,1.6979584109839618,0.01723889402732288,0.002513508671391693,0.0009564767133585721,-0.020000000000000018,0.17999999999999972,0.001825657722673133,0.013436599490544855,5.0,189.0,0.09225051888756433,0.0009010491216492447,26.57081488825448,0.22211019776302104,9.76,0.122935372729789,0.00786209063345231,0.0,nan,0.002430544691278618,False
1,computed_torque_w20_z0.1,0,demo_00_filtered,0.00028166898273132313,True,9.870000000000001,False,0.002311569706470405,2.0,True,0.002551550180881441,0.12546195293671036,nan,2.1871672833846922,0.022649588896120783,0.002667926233065006,0.001172385050124687,-0.020000000000000018,0.2900000000000009,0.0017777277163746612,0.013436599490544855,5.0,189.0,0.09006414077239053,0.0011721048632690014,26.499276855395017,0.22285107901523707,9.870000000000001,0.9987232819429511,0.020539179657459945,0.0,nan,0.00265428990164007,False
1,pd_w20_z0.1,0,demo_00_filtered,4.123307817087431e-06,True,9.86,False,0.002373474057401426,2.0,True,0.002551531918001985,0.13914413596038386,nan,2.2822884639766716,0.023746710018982486,0.002527232843108292,0.0013622646506440922,-0.030000000000000027,0.27999999999999936,0.0018100552988268882,0.013436599490544855,6.0,189.0,0.09201214819677807,0.001327738026480556,26.513950569664836,0.22439236162190498,9.86,0.11704977715693003,0.007843918067066899,0.0,nan,0.0025091382053577,False
2,computed_torque_w20_z0.1,0,demo_00_filtered,0.00024009146197677777,True,9.790000000000001,False,0.0026161220032493563,2.0,True,0.0027257245390656095,0.09557052864600835,nan,1.7562273761578635,0.017762933881220605,0.0022961109660404842,0.0008666074466283677,-0.010000000000000009,0.21000000000000085,0.001783747123098611,0.013436599490544855,5.0,189.0,0.09020792509145989,0.0008672738394158649,26.23877002846195,0.22064778164928864,9.790000000000001,0.9633373781863981,0.01934193553894402,0.0,nan,0.0022796837541883756,False
2,pd_w20_z0.1,0,demo_00_filtered,2.318683503808634e-06,True,9.78,False,0.002731468488886796,2.0,True,0.0027257568552433334,0.10466978443832445,nan,1.830965822258625,0.01861036752922821,0.0024180198436392453,0.0010306927566835987,-0.020000000000000018,0.1999999999999993,0.001835225117087839,0.013436599490544855,5.0,189.0,0.09213146769860253,0.000992403258209753,26.407942786962682,0.2221982849701378,9.78,0.12190733972173598,0.007946455320555138,0.0,nan,0.002369954944456701,False
3,computed_torque_w20_z0.1,0,demo_00_filtered,0.0002484413185387522,True,9.78,False,0.0016384436718481915,2.0,True,0.0027071009455025144,0.12337639362804546,nan,1.5596764917102053,0.01600200179924499,0.0032905167475259117,0.0013781261382026387,-0.010000000000000009,0.1999999999999993,0.0017665320029036419,0.013436599490544855,5.0,189.0,0.09037956920953157,0.0013782607308836365,26.477777747824526,0.22250195658557226,9.78,0.9746738269534067,0.019566875822610744,0.0,nan,0.0032718055902046157,False
3,pd_w20_z0.1,0,demo_00_filtered,2.3574421003675144e-06,True,9.78,False,0.0018949528536202768,2.0,True,0.002710300568457687,0.12918501858349787,nan,1.650140560233073,0.01701073781275327,0.004206826421270751,0.0015095941102236362,-0.020000000000000018,0.1999999999999993,0.0018238770646248042,0.013436599490544855,5.0,189.0,0.09229780343829212,0.001497828536497922,26.458686096637603,0.22388038439927524,9.78,0.11432950019238129,0.007857336296316065,0.0,nan,0.004195656232962735,False
4,computed_torque_w20_z0.1,0,demo_00_filtered,0.00023982446471126743,True,9.75,False,0.002341301910674819,2.0,True,0.0025037424172614795,0.08802789229934499,nan,1.4984774028652272,0.015186386473123299,0.0023382816680459525,0.000793897977202041,-0.020000000000000018,0.16999999999999993,0.0017837174532226612,0.013436599490544855,5.0,189.0,0.09037030716314713,0.0007951958109450845,26.507842858649237,0.22273334099106976,9.75,0.7239112986685611,0.014315909816795959,0.0,nan,0.0023205298171512113,False
4,pd_w20_z0.1,0,demo_00_filtered,6.5093886091700575e-06,True,9.74,False,0.0025948761332079823,2.0,True,0.002503728089038135,0.09387485836580127,nan,1.5407629757079824,0.015693957476376513,0.002160193121043122,0.0008847010958323771,-0.030000000000000027,0.16000000000000014,0.0018517046315738815,0.013436599490544855,5.0,189.0,0.0923391455102919,0.0008559685941606173,26.53177825504393,0.22447750175074357,9.74,0.1172559868442366,0.00782913177005066,0.0,nan,0.0021430483817266744,False
5,computed_torque_w20_z0.1,0,demo_00_filtered,0.00024947475123015275,True,9.76,False,0.00221760936269514,2.0,True,0.0025760197285571314,0.10175342197476821,nan,1.4548116375093787,0.014793721708634675,0.002034199509841523,0.0008913787406282641,-0.020000000000000018,0.17999999999999972,0.0018251488422901202,0.013436599490544855,5.0,189.0,0.09050456256816158,0.0008938341114093171,26.609702851843387,0.22296518083692218,9.76,0.9207439105372516,0.01883737742136749,0.0,nan,0.00198972986502113,False
5,pd_w20_z0.1,0,demo_00_filtered,2.9600571268275948e-06,True,9.75,False,0.00233945512514395,2.0,True,0.002576045015532529,0.11025281940781548,nan,1.5034349691136026,0.015338577155726549,0.0020864234151087603,0.0010087904103937616,-0.030000000000000027,0.16999999999999993,0.0018736667297259493,0.013436599490544855,6.0,189.0,0.09256367969723428,0.0009793510543549494,26.75349961944692,0.22455798762422463,9.75,0.12612451878927827,0.008308774581936771,0.0,nan,0.0020765871393595395,False
6,computed_torque_w20_z0.1,0,demo_00_filtered,0.00022563818550802272,True,9.790000000000001,False,0.001849978057444811,2.0,True,0.002638016810512405,0.10253025930883629,nan,1.642263021190383,0.01654088087003486,0.002379203625233329,0.0009561523901576705,-0.020000000000000018,0.21000000000000085,0.0017402112757873593,0.013436599490544855,5.0,189.0,0.09023806226376477,0.0009563455341268836,26.287123403333627,0.22080716651697985,9.790000000000001,0.9722564926176563,0.019081334064710586,0.0,nan,0.0023323265235677196,False
6,pd_w20_z0.1,0,demo_00_filtered,3.1805160325288285e-06,True,9.78,False,0.0020345769486241924,2.0,True,0.002638569012176226,0.11676139252193353,nan,1.7164739766762822,0.01740285929128937,0.002396101353279959,0.001110533531703883,-0.020000000000000018,0.1999999999999993,0.0018030708869831542,0.013436599490544855,5.0,189.0,0.09217013979642738,0.0010918148697375424,26.277883765347003,0.22206266405293518,9.78,0.121452594125954,0.0075046280231790075,0.0,nan,0.0023801512870418873,False
7,computed_torque_w20_z0.1,0,demo_00_filtered,0.00023386077791981866,True,9.76,False,0.002432143925910989,2.0,True,0.002526836972703684,0.14329115101269407,nan,1.4558492843195876,0.015022061840068964,0.004296013183707972,0.0014638277343462824,-0.020000000000000018,0.17999999999999972,0.0018058582656902552,0.013436599490544855,5.0,189.0,0.09035324602902688,0.0014610529490567542,26.46129585531227,0.22004962894229987,9.76,0.4543583438839142,0.009972714175514198,0.0,nan,0.004223879927734846,False
7,pd_w20_z0.1,0,demo_00_filtered,1.2610884416535675e-05,True,9.75,False,0.0025143594058032225,2.0,True,0.002526817874834909,0.15058080558675854,nan,1.5216897407501888,0.015743724750657495,0.004407491190837356,0.001559742930216623,-0.020000000000000018,0.16999999999999993,0.002006010134015779,0.013436599490544855,5.0,189.0,0.09228205544430322,0.00151454234473202,26.835096432972136,0.2222587989031231,9.75,0.11767094378324265,0.007827563146101344,0.0,nan,0.004303275367244945,False
8,computed_torque_w20_z0.1,0,demo_00_filtered,0.0002079058961903589,True,9.8,False,0.0022830135510944196,2.0,True,0.002609986339869836,0.15732649254274864,nan,1.533392827918808,0.01597740579760528,0.0036039251372829454,0.0016904620423257395,-0.020000000000000018,0.22000000000000064,0.0017897742700040077,0.013436599490544855,5.0,189.0,0.09028218548216113,0.0016891561259018352,26.491746606731862,0.22307815188795438,9.8,0.8641265138597453,0.016756444690739076,0.0,nan,0.0035851581784546783,False
8,pd_w20_z0.1,0,demo_00_filtered,2.3331760811872298e-06,True,9.8,False,0.0024116189990876172,2.0,True,0.0026100270483831217,0.17647142310713737,nan,1.582217056692645,0.01666402400545838,0.004971726155145386,0.0020712740919463166,-0.020000000000000018,0.22000000000000064,0.0018433588226560806,0.013436599490544855,6.0,189.0,0.09214709019255778,0.0020483154368861798,26.53793426579753,0.22487519777471243,9.8,0.12243910386233693,0.007784590194296971,0.0,nan,0.004953209072534655,False
9,computed_torque_w20_z0.1,0,demo_00_filtered,0.00021465309212345525,True,9.78,False,0.00213703485597088,2.0,True,0.002637330025906888,0.0906855171907337,nan,1.6747690595077327,0.017167052540413126,0.0023270914508152643,0.0008235831499361607,-0.020000000000000018,0.1999999999999993,0.00176452979016573,0.013436599490544855,5.0,189.0,0.0902912342648768,0.0008236137501620883,26.565843876166294,0.22337336454657405,9.78,0.8940830834485494,0.017646572637694424,0.0,nan,0.0022487029359877044,False
9,pd_w20_z0.1,0,demo_00_filtered,2.4389236783346748e-06,True,9.77,False,0.0024177112159979117,2.0,True,0.002637540829774584,0.10643225130704514,nan,1.7314076369522027,0.01786808035813519,0.002514445409418024,0.0010301577625300249,-0.020000000000000018,0.1899999999999995,0.0018174089977198845,0.013436599490544855,6.0,189.0,0.09224854941061914,0.000987000608557977,26.617283288488967,0.22515546493052624,9.77,0.11845589043989244,0.007815854475458926,0.0,nan,0.0024376436226601233,False
