input_scaling,spectral_radius,leak_rate,runs,failures,worst_path_rmse_m,mean_path_rmse_m,latest_arrival_s,computed_torque_w20_z0.1_path_rmse_m,computed_torque_w20_z0.1_reference_path_rmse_m,computed_torque_w20_z0.1_tip_error_m,computed_torque_w20_z0.1_arrival_time_s,computed_torque_w20_z0.1_first_step_m,computed_torque_w20_z0.1_detour_m,computed_torque_w20_z0.1_peak_torque_nm,pd_w20_z0.1_path_rmse_m,pd_w20_z0.1_reference_path_rmse_m,pd_w20_z0.1_tip_error_m,pd_w20_z0.1_arrival_time_s,pd_w20_z0.1_first_step_m,pd_w20_z0.1_detour_m,pd_w20_z0.1_peak_torque_nm
1.5,0.9,0.02,2,0,0.001765957970316094,0.0017320173273842228,9.68,0.0016980766844523518,0.0016980538727603986,0.012155676371009798,9.68,0.000578350198302552,0.0036160195696610282,2.112405776692457,0.001765957970316094,0.0017628703241191414,0.012628371932578463,9.68,7.244718048202902e-06,0.0035778863203999108,0.12918785419036843
1.5,0.9,0.03,2,0,0.0011189701320363317,0.0010772929198692243,9.790000000000001,0.0010356157077021167,0.0010354088230765466,0.01987446192469946,9.790000000000001,0.00019087029150611847,0.0036277063758870134,0.7195791237857577,0.0011189701320363317,0.001088355650629125,0.020902256820046906,9.790000000000001,2.038451579634725e-06,0.003431188861882024,0.10388981437044414
1.5,0.9,0.04,2,0,0.0012124566850104468,0.0011582561464765142,9.93,0.0011040556079425815,0.0011037777086401381,0.02862820543215488,9.92,4.304319946577248e-05,0.0033508566897400525,0.11541156723148639,0.0012124566850104468,0.0011729224372275535,0.03051793626337528,9.93,6.5804756578178925e-06,0.00322284564256378,0.10556726552779803
1.5,0.99,0.02,2,0,0.0011977038060268094,0.0011551450206624772,9.67,0.0011125862352981447,0.001109473221635595,0.011192707370410207,9.67,0.0005415085574606444,0.0028739266272902976,1.8099282978650035,0.0011977038060268094,0.0011702593362926488,0.011707990983144864,9.67,1.0402560621239005e-05,0.0027019470052734567,0.10265565065387709
1.5,0.99,0.03,2,0,0.0010381389096277408,0.0009866938147985714,9.76,0.0009352487199694019,0.0009346224075071136,0.01796863195272066,9.76,0.00020740497892707144,0.0032656115606654497,0.6240658904601193,0.0010381389096277408,0.0009864915806225335,0.019048524206769092,9.76,5.679412332565003e-06,0.0030886212184615958,0.10832730628187547
1.5,0.99,0.04,2,0,0.0010448385111230692,0.0009972821743210276,9.870000000000001,0.000949725837518986,0.0009495840739944286,0.025019970106644883,9.870000000000001,2.2497769244224534e-05,0.00292751564400074,0.12941082349941893,0.0010448385111230692,0.000993883857521948,0.02681912758839738,9.870000000000001,1.2594958922494034e-06,0.0028140374285052215,0.10626416994785119
2.0,0.9,0.02,2,0,0.001939236640125135,0.001863703326224671,9.75,0.0017881700123242067,0.0017880457754733074,0.015248287434998738,9.75,0.0006204143036155315,0.0035483097634821962,2.422375606313722,0.001939236640125135,0.0019402149734874014,0.01596563489611636,9.75,5.917142801497052e-06,0.0038988755663691157,0.16669409990111178
2.0,0.9,0.03,2,0,0.001102732251298549,0.0010288444828769584,9.790000000000001,0.0009549567144553679,0.0009552717638909342,0.01801574355771885,9.790000000000001,0.00020321307874025766,0.002903966118827413,0.9244690072980667,0.001102732251298549,0.0010623944984772208,0.018894812716741545,9.790000000000001,4.044584346149266e-06,0.0027360559215425925,0.11864254266472223
2.0,0.9,0.04,2,0,0.0010999790146294082,0.0010239345954334822,9.91,0.0009478901762375565,0.0009481718016472609,0.026354152302451302,9.91,5.574788900474119e-05,0.002410895041389479,0.24370923765854025,0.0010999790146294082,0.001048114155686789,0.02798719964748219,9.91,1.0078924413926106e-05,0.002514553499484123,0.11865313566350293
2.0,0.99,0.02,2,0,0.0014356842376855665,0.0013618870918006053,9.71,0.0012880899459156438,0.001286271422558432,0.012781719831022565,9.71,0.0005736615776405293,0.0027015101842673113,2.0317520111652136,0.0014356842376855665,0.001412752386636759,0.013511058436657904,9.71,8.440596230458342e-06,0.0030791762391756813,0.11756487385270596
2.0,0.99,0.03,2,0,0.0009564767133585721,0.0008921084094594414,9.76,0.0008277401055603106,0.0008275454851467132,0.016313389595566646,9.76,0.00021066721479369977,0.0025170063635004485,0.7712562197335957,0.0009564767133585721,0.0009010491216492447,0.01723889402732288,9.76,2.6083865751419483e-06,0.002430544691278618,0.122935372729789
2.0,0.99,0.04,2,0,0.000920305018462258,0.0008684204568439914,9.870000000000001,0.0008165358952257247,0.0008175190802556972,0.023567891985652442,9.870000000000001,2.2929470839773315e-05,0.002253828628094322,0.19184234618521195,0.000920305018462258,0.0008632016230349223,0.025188264203928258,9.870000000000001,4.29197187219283e-06,0.0022629552182202254,0.11917306703357863
2.5,0.9,0.02,2,0,0.0020828906272223613,0.0020100781316901802,9.790000000000001,0.0019372656361579994,0.0019419823615876677,0.015879581685098614,9.790000000000001,0.0007089101114092538,0.00437382540738195,3.001263090308015,0.0020828906272223613,0.0020959240911421614,0.016342536730966528,9.790000000000001,8.908923105380482e-06,0.004681130116577457,0.23297439595909458
2.5,0.9,0.03,2,0,0.0013692361792050243,0.0012644705090178508,9.82,0.0011597048388306773,0.0011623803491184572,0.018045397880172603,9.82,0.00023988902841317857,0.002721668186365116,1.2920013474617462,0.0013692361792050243,0.0013603132677160895,0.018746851447086932,9.81,1.061823349252876e-05,0.00312820335705257,0.13109767109293693
2.5,0.9,0.04,2,0,0.0012302990196340039,0.0011445826413278026,9.93,0.0010588662630216013,0.0010605818999410049,0.026190238919918726,9.93,7.59122764916705e-05,0.0024140841692346033,0.4911217988697253,0.0012302990196340039,0.0011969472342728618,0.02738672554843097,9.92,1.560191876241414e-05,0.0026734858510281605,0.13031788036492697
2.5,0.99,0.02,2,0,0.0014450940809551894,0.0013858857190919525,9.74,0.0013266773572287154,0.001330189809942795,0.013079800396462936,9.74,0.0006524462636129698,0.0028821544696317307,2.574224254674635,0.0014450940809551894,0.0014403834926678286,0.013602187130149572,9.74,6.1774610711468785e-06,0.0030980773324412363,0.18014983042835894
2.5,0.99,0.03,2,0,0.0010038577905143392,0.0009351616497591492,9.790000000000001,0.000866465509003959,0.0008698773667353319,0.016479253929581668,9.790000000000001,0.00024623594031333124,0.002412628229645092,1.1327439057190134,0.0010038577905143392,0.0009678347419530957,0.017150783723244988,9.78,5.23221423895045e-06,0.0023027346870943747,0.13257466608157742
2.5,0.99,0.04,2,0,0.0010585729754507872,0.0010062919668578575,9.91,0.0009540109582649278,0.0009562941202490152,0.02447517963107185,9.91,4.8668636763526966e-05,0.0022555197970418883,0.4036958527119672,0.0010585729754507872,0.0010119822616137444,0.02572872703617398,9.9,9.557232917542128e-06,0.002270519182918041,0.13046742558843116
