ridge,warmup,one_step_error_deg,demonstrated_first_step_m,demonstrated_taught_path_distance_m,demonstrated_taught_joint_error_deg,other_first_step_m,other_taught_path_distance_m,other_taught_joint_error_deg,other_median_offset_retained,jumps,largest_first_step_m,runs,failures,median_hold_error_m,max_hold_error_m
1e-08,0.0,0.006510237162570074,4.0951350868031186e-07,2.5467334125951955,358.9475907365898,0.6063283136642431,2.4667468126288687,362.5965587938167,53.272339332733175,168,1.6502508704012349,169,169,nan,nan
1e-08,0.25,0.006490902980537316,2.0508153517205967e-05,2.7094884545264684,221.08537359321872,0.3533256227922233,2.6925179221586433,221.12695811564663,27.443194358671132,138,2.1859578032865414,169,169,1.6605193887681293,2.751835824411744
1e-08,0.5,0.006491014043936056,1.6484708382646114e-05,2.707630340379902,198.70024329992486,0.35561964606240354,2.702434803591471,196.31990193380162,24.946209082617294,137,2.2605283524767295,169,169,0.9387043369778443,2.5188954434277595
1e-08,1.0,0.006491015977182583,1.6433968335659267e-05,2.7083782453243073,209.50349410726673,0.355688801694588,2.7046483798407954,196.82632225513976,24.67854873789626,137,2.261424239029415,169,169,1.5758539036658683,2.19267540517548
1e-08,2.0,0.006491027862948873,1.6434118212353943e-05,2.7063860819681023,212.34423469859635,0.35568290862926755,2.698838578513709,195.2923088394644,24.868065625486395,137,2.260697000191605,169,169,1.1099840732440724,1.2905576952417877
1e-08,4.0,0.00649101937891787,1.6434143084755926e-05,2.7049746228557874,212.16923802518752,0.3556168247256381,2.702603984585185,197.32668787251797,25.057578789587527,137,2.260918331069603,169,169,2.256278543458624,2.6740695273125867
1e-06,0.0,0.007935203020003577,7.562829255829959e-06,0.003968676455376185,6.308292933034004,0.10550046239390674,0.7395829537916166,60.569182017863696,8.610868089806141,155,0.23383149979409115,169,168,0.006300094355230647,0.006300094355230647
1e-06,0.25,0.007883469970496805,5.409251666608564e-05,0.7173687319185832,45.478885749147025,0.06540546802656928,0.7101723946994107,57.2254559887813,7.853126813388262,101,0.27751136226904327,169,168,1.0078253245333508,1.007825324533352
1e-06,0.5,0.007882512581785293,3.0663951494582534e-05,0.7169184582511982,45.70972346190855,0.0640887337155095,0.715393734754625,55.889174002811984,7.857673843320654,101,0.2759474754547048,169,168,0.006286870062781937,0.006286870062781937
1e-06,1.0,0.007882512467137425,3.065869034714837e-05,0.7169675025240911,45.70978192207896,0.06408839257040803,0.7154059178228847,55.88898717575289,7.857660093743316,101,0.2759450379936668,169,168,0.006286871561764583,0.006286871561764583
1e-06,2.0,0.007882512457366186,3.065869589923541e-05,0.7169444480377065,45.70972724536605,0.06408837923993504,0.715376711254757,55.849599653251325,7.8576820861579,101,0.27594451476974613,169,168,0.006286871182112185,0.006286871182112185
1e-06,4.0,0.00788251260203904,3.0658695838979824e-05,0.7169332307279914,45.70968548685165,0.06408830177992438,0.7153946134008085,55.888926239234166,7.85769470566869,101,0.27594377070773074,169,168,0.0062868717482996135,0.0062868717482996135
0.0001,0.0,0.011038733361457057,0.00018001723560934405,0.0028043263599397826,9.400680546484637,0.03803229318358747,0.5578541580592769,40.656696847661166,3.781109430185301,94,0.11246785876907665,169,165,0.0062510017045905785,0.9119445295748462
0.0001,0.25,0.010732615123262509,5.63062350871136e-05,0.003993930144208071,10.010857935626337,0.02732131172366401,0.44330959514589774,31.710007262386355,3.0102441912178373,63,0.09716431945919884,169,143,0.006280374664092949,0.006280383204709331
0.0001,0.5,0.010732471213581373,5.264274708615221e-05,0.004035983679060768,10.009702568023036,0.027300546320347167,0.4426513079616116,31.726087954406573,3.0044752808326223,63,0.09708515195305928,169,143,0.006280278320160969,0.006280285511550382
0.0001,1.0,0.010732471161506272,5.2642010475546844e-05,0.0040359859298860325,10.009704209530607,0.027300545223171564,0.4426512108912345,31.72609034859082,3.0044745008642204,63,0.0970851463446354,169,143,0.006280278321045671,0.006280285512233296
0.0001,2.0,0.010732471157660102,5.2642010604939366e-05,0.0040359859890226136,10.009704253222132,0.027300545698023888,0.4426512050055148,31.726091092156828,3.004474450833712,63,0.09708514919999606,169,143,0.0062802783188587365,0.0062802855100570895
0.0001,4.0,0.01073247115708593,5.2642010707017116e-05,0.004035985941623943,10.009704241973418,0.027300545724702623,0.44265120986316786,31.726091170108422,3.0044745036989573,63,0.0970851490865106,169,143,0.006280278316826123,0.00628028550802948
0.01,0.0,0.022547410988063708,0.004338733910780246,0.004338733910780246,20.504366845322448,0.04589107977863748,0.17716646148011425,18.254546884374985,0.6728377084089491,102,0.1559307035161999,169,125,0.006067092397132772,0.006154970486955665
0.01,0.25,0.01898955894088159,0.00016301198735619777,0.0019423644080495907,20.2965365194827,0.0108450671175768,0.16778504910666034,19.327261475367177,0.6682084347370979,11,0.06502774823901217,169,125,0.006197587111061183,0.0062076964423494405
0.01,0.5,0.018989711051609376,0.0001658617599800465,0.0019396191406938334,20.29626433258954,0.01084435275198967,0.16775251814974232,19.325280854235892,0.6678461038274349,11,0.06502200306207279,169,125,0.006197586449985766,0.006207699974142601
0.01,1.0,0.018989711106771518,0.0001658628169092721,0.001939618268241542,20.296264247233417,0.010844352597708527,0.16775251204177621,19.32528025163531,0.6678460156758274,11,0.06502200245763841,169,125,0.006197586445713907,0.006207699979903005
0.01,2.0,0.018989711106582634,0.00016586281692459404,0.0019396182696933269,20.296264247490157,0.010844352600558807,0.16775251196061344,19.325280244952452,0.6678460144257061,11,0.06502200246411179,169,125,0.006197586445655985,0.006207699979818475
0.01,4.0,0.01898971110708712,0.00016586281693609035,0.0019396182729766486,20.296264247725443,0.010844352601830202,0.16775251203749877,19.325280245689083,0.6678460153930545,11,0.06502200247864566,169,125,0.0061975864456085316,0.00620769997978824
1.0,0.0,0.07622868903325586,0.038507345809154374,0.014210116620864797,1.7199669167988045,0.11745208242767333,0.14959066917410332,8.256376085835155,0.0586550467501723,155,0.3211783823049507,169,0,0.00622854433046125,0.006258992421851825
1.0,0.25,0.048999366214675974,0.0007824146461699266,0.012289055604397608,3.5195599439910947,0.03486609771962371,0.15039112940967972,10.383949454249652,0.1077234455433318,74,0.17027658097551912,169,0,0.006226810698621003,0.006227813908538465
1.0,0.5,0.04899934785316882,0.0007816677572399646,0.012285030195389372,3.5192606979001164,0.034865684602805404,0.15039097043466534,10.383717905949839,0.1077067453066323,74,0.17027603602711047,169,0,0.006226807041463357,0.006227816190772557
1.0,1.0,0.0489993478488698,0.0007816675651593656,0.01228503052431712,3.5192608162022068,0.03486568470356366,0.15039097043652683,10.383717965521052,0.10770674735500083,74,0.17027603614496056,169,0,0.006226807042972067,0.006227816206355072
1.0,2.0,0.048999347848859835,0.0007816675651562216,0.012285030522679031,3.5192608159059433,0.03486568470355137,0.1503909704365094,10.383717965418224,0.1077067473563263,74,0.17027603614522788,169,0,0.006226807042970652,0.006227816206353933
1.0,4.0,0.048999347848887265,0.0007816675651584316,0.012285030525816231,3.5192608164254913,0.03486568470361251,0.15039097043656605,10.383717965601074,0.10770674735564574,74,0.1702760361455824,169,0,0.006226807042976973,0.0062278162063606176
10.0,0.0,0.13618340110229096,0.07390359617321796,0.01293524275923134,20.61477207322556,0.15412513269660116,0.14887214734621615,17.8538332763684,0.005167881410921374,160,0.39560032488649327,169,106,0.007316208345317668,0.007316208754881445
10.0,0.25,0.08551959787058558,0.0038889803240594258,0.002996662602499471,20.655663617706537,0.06955413046799538,0.1488538910363642,18.093678767384535,0.0079680685797041,127,0.26127550558996504,169,105,0.007288847964476563,0.007288848732215264
10.0,0.5,0.08551952657094446,0.0038885178147236165,0.002996393876957936,20.655662735737693,0.06955349800204819,0.14885389454140419,18.09400060335216,0.007968044356277203,127,0.26127444792542653,169,105,0.007288848116419673,0.007288848896386908
10.0,1.0,0.08551952655151239,0.003888517699713531,0.002996393969610425,20.655662736483656,0.06955349803048738,0.14885389454535858,18.094000611296934,0.007968044472137975,127,0.26127444800225236,169,105,0.00728884811630967,0.00728884889627599
10.0,2.0,0.0855195265515241,0.00388851769971473,0.002996393969610454,20.65566273648348,0.06955349803050129,0.1488538945453585,18.094000611296856,0.007968044472117568,127,0.26127444800232386,169,105,0.007288848116309631,0.0072888488962758605
10.0,4.0,0.08551952655152081,0.0038885176997138842,0.0029963939696088827,20.655662736483617,0.06955349803049755,0.14885389454535858,18.094000611294923,0.007968044472136247,127,0.2612744480023141,169,105,0.007288848116309815,0.007288848896276357
100.0,0.0,0.2542171468785903,0.1053746003884482,0.005055990044823763,20.560248479282105,0.196978105711544,0.1488526311018286,19.45921466076059,0.007777189216359202,164,0.48493425859431116,169,139,0.009808886270061936,0.009808886270115698
100.0,0.25,0.19919806396591883,0.009404920778005513,0.0031852160906285986,20.497015812478896,0.1322424841683352,0.1488524256190005,19.625707115115947,0.011923516326554112,154,0.40955000925033047,169,144,0.00983620040494456,0.009836200405002545
100.0,0.5,0.19919803892062854,0.009404929720506532,0.0031852211713483585,20.497015215590473,0.13224179457083352,0.14885243388296857,19.625701441428355,0.011923548097817555,154,0.40954871435382106,169,144,0.009836200353272373,0.009836200353330668
100.0,1.0,0.199198038906601,0.00940492967287324,0.003185221214944342,20.497015215778323,0.1322417945891044,0.14885243389347255,19.6257014372159,0.011923548087269009,154,0.40954871436959117,169,144,0.009836200353214008,0.00983620035327175
100.0,2.0,0.19919803890659918,0.0094049296728729,0.003185221214944675,20.497015215778276,0.13224179458910093,0.14885243389347258,19.625701437215866,0.011923548087271283,154,0.4095487143695861,169,144,0.009836200353214008,0.009836200353272057
100.0,4.0,0.19919803890659774,0.00940492967287324,0.003185221214944342,20.497015215778315,0.1322417945891042,0.14885243389347258,19.62570143721592,0.011923548087269396,154,0.40954871436959467,169,144,0.009836200353213762,0.009836200353272057
