input_scaling,spectral_radius,setting,start,origin,first_step_m,arrived,arrival_time_s,left_goal,hold_error_m,hold_observed_s,success,final_distance_m,training_path_distance_deg,offset_retained,taught_joint_error_deg,taught_tip_error_m,taught_path_distance_m,taught_path_rmse_m,onset_delay_s,taught_arrival_delay_s,jitter_deg,taught_jitter_deg,speed_peaks,taught_speed_peaks,tracking_error_deg,reference_path_rmse_m,peak_reference_speed_dps,peak_hand_speed_mps,settling_time_s,peak_torque_nm,effort_n2m2s,peak_external_force_n,reference_lead,detour_m,failed
1.0,0.5,computed_torque_w20_z0.1,0,demo_00_filtered,4.76130475066039e-05,True,16.9,False,0.0029220625591108752,2.0000000000000036,True,0.0023901901920930528,0.5709815346549978,nan,34.529949711506276,0.40937223574675957,0.017355553623019535,0.007928928916762222,-0.13,7.3199999999999985,0.00042368968151537624,0.013436599490544855,3.0,189.0,0.06839489054753357,0.00793024193745063,16.198423958651375,0.13408522250359967,16.9,0.03250843722774828,0.0006443148269160322,0.0,nan,0.017354123346813563,False
1.0,0.5,pd_w20_z0.1,0,demo_00_filtered,4.96366161310577e-06,True,17.05,False,0.0037355470119637348,2.0,True,0.002433271340900236,0.5572352013714252,nan,35.34979805989765,0.4212772924178023,0.016661677699943648,0.007717372877446074,-0.09999999999999998,7.470000000000001,0.0004128850269618803,0.013436599490544855,3.0,189.0,0.06893281354172057,0.007715561144682962,16.13368505549054,0.13398400882770176,17.05,0.020194344216196036,0.0006584789278555002,0.0,nan,0.016652119274736775,False
1.0,0.75,computed_torque_w20_z0.1,0,demo_00_filtered,3.425099618743547e-05,True,16.02,False,0.0027659469926849182,2.0,True,0.002366922121181635,0.4571705837513368,nan,29.301266292824295,0.32769316013954236,0.014294937069783227,0.00621671178510075,-0.06999999999999995,6.4399999999999995,0.0005007696606937513,0.013436599490544855,5.0,189.0,0.06919359939391839,0.006217826120230156,15.069590847966811,0.12364211289342544,16.02,0.02549990010262266,0.0008313650201820392,0.0,nan,0.014275444570031092,False
1.0,0.75,pd_w20_z0.1,0,demo_00_filtered,3.896990844285871e-06,True,16.11,False,0.0028636125445694245,2.0,True,0.0023669405758911994,0.4489249440061981,nan,30.084794007444838,0.3381301361891307,0.013879537607372013,0.00611012376330735,-0.030000000000000027,6.529999999999999,0.0004843016736179775,0.013436599490544855,5.0,189.0,0.06974925385556764,0.006114310496240245,14.969810673128471,0.12323453419469088,16.11,0.025391400309858425,0.0008162018717913524,0.0,nan,0.013859743633421127,False
1.0,0.9,computed_torque_w20_z0.1,0,demo_00_filtered,3.271520375443627e-05,True,14.42,False,0.0023103060793597456,2.0000000000000018,True,0.002376100987756384,0.23701213941211938,nan,23.98972817741423,0.26048732036286654,0.006867615083334759,0.002787832307137835,-0.05999999999999994,4.84,0.0006552071301812913,0.013436599490544855,4.0,189.0,0.07351455836019229,0.0027888198889098295,17.008562042519117,0.1413633606505502,14.42,0.03726100299601236,0.0013214849992654039,0.0,nan,0.006841398210526878,False
1.0,0.9,pd_w20_z0.1,0,demo_00_filtered,3.826193784413696e-06,True,14.5,False,0.002724948478350031,2.0,True,0.0023781566828739217,0.23636021634605586,nan,24.770766264992503,0.2700803188203558,0.00654442551755183,0.0026642833190886526,-0.030000000000000027,4.92,0.0006432447841422294,0.013436599490544855,5.0,189.0,0.07406410492010654,0.0026699661444461757,16.82755013859017,0.14049795835810586,14.5,0.03803968104463945,0.001346514508301776,0.0,nan,0.0065128885808054,False
1.0,0.99,computed_torque_w20_z0.1,0,demo_00_filtered,3.40666240648945e-05,True,13.65,False,0.002160025105787433,2.0,True,0.0023695980920367837,0.16361679446931315,nan,21.09533617375962,0.22592755516178095,0.004481841602595748,0.0017605718059966013,-0.05999999999999994,4.07,0.000748340730372648,0.013436599490544855,5.0,189.0,0.07578578298176389,0.0017612844736684251,18.09369469097133,0.1512639287551974,13.65,0.043207284264319114,0.0016053224954937575,0.0,nan,0.004451844467184038,False
1.0,0.99,pd_w20_z0.1,0,demo_00_filtered,3.786811285341586e-06,True,13.72,False,0.0027650237605251577,2.0,True,0.0023705966785678824,0.16082986370445915,nan,21.867801591452942,0.2351283295424189,0.004169998037070571,0.001713534940525603,-0.030000000000000027,4.140000000000001,0.0007439431659573866,0.013436599490544855,5.0,189.0,0.07639060956342959,0.0017126334407937059,17.914435594938393,0.15052274756076775,13.72,0.04469116176141573,0.001685407358776949,0.0,nan,0.004139896008649769,False
1.25,0.5,computed_torque_w20_z0.1,0,demo_00_filtered,4.4416611533133055e-05,True,17.53,False,0.00313714258550399,2.0,True,0.002321820528470328,0.4039306720767591,nan,35.07441564001875,0.4184552077558661,0.009129597534971888,0.004621700759491176,-0.09999999999999998,7.950000000000001,0.00043322593180983066,0.013436599490544855,5.0,189.0,0.06626110457208367,0.004622351383646631,16.193830118047035,0.1341542472634025,17.53,0.030714159180117117,0.0007366718673361154,0.0,nan,0.0091032621455236,False
1.25,0.5,pd_w20_z0.1,0,demo_00_filtered,4.558536607852493e-06,True,17.61,False,0.0028726669420655357,2.0,True,0.002296070232213724,0.3979651298614463,nan,35.8032302386903,0.42940280847701057,0.00851560040451057,0.004524205936275298,-0.06999999999999995,8.03,0.000423088438535232,0.013436599490544855,5.0,189.0,0.06689851949485952,0.004521338807387179,16.233549403104224,0.1350132227985731,17.61,0.018446277469728073,0.0007484973720939423,0.0,nan,0.00851082046343763,False
1.25,0.75,computed_torque_w20_z0.1,0,demo_00_filtered,3.310151742613763e-05,True,15.97,False,0.0029594134149289334,1.9999999999999982,True,0.002342326208042667,0.22640413294750586,nan,29.363854016630842,0.3294682075855843,0.006660368654843684,0.0027753525105131322,-0.05999999999999994,6.390000000000001,0.0005461684310866876,0.013436599490544855,4.0,189.0,0.0693495459529835,0.0027763713017322366,15.733196887802908,0.13029436310986936,15.97,0.02970832951344738,0.0011102908084554507,0.0,nan,0.006630769713053096,False
1.25,0.75,pd_w20_z0.1,0,demo_00_filtered,3.798298808099379e-06,True,16.04,False,0.0028904074878961304,2.0,True,0.0023393102157803075,0.23128935580873464,nan,30.17894553118851,0.34026248135960924,0.006400436197572003,0.0027001476554534163,-0.020000000000000018,6.459999999999999,0.0005286299448471386,0.013436599490544855,4.0,189.0,0.0699403748814065,0.002705529589953095,15.608096782613238,0.12978953199968654,16.04,0.029712949907546762,0.0010922514657699023,0.0,nan,0.006370461285421831,False
1.25,0.9,computed_torque_w20_z0.1,0,demo_00_filtered,3.211217531067691e-05,True,14.63,False,0.002527770992490036,1.9999999999999982,True,0.0023620257703723343,0.19015246971549543,nan,25.167492831141637,0.2752129425045544,0.004198010383481605,0.0019110908704249533,-0.04999999999999993,5.050000000000001,0.0006796988652602077,0.013436599490544855,5.0,189.0,0.07314578611259805,0.0019119009368445596,16.685908973996394,0.1393454518823402,14.63,0.041852315073419764,0.0015045214970483194,0.0,nan,0.004151914218208115,False
1.25,0.9,pd_w20_z0.1,0,demo_00_filtered,3.6185530468510217e-06,True,14.72,False,0.0028148312518080374,1.9999999999999982,True,0.002362663898275417,0.19472045194474166,nan,25.983903827301507,0.2852862135574014,0.003992450728855359,0.001955130027379952,-0.010000000000000009,5.140000000000001,0.0006641166182946066,0.013436599490544855,5.0,189.0,0.07371172274758533,0.0019519318959994327,16.47766179319258,0.13822161483609763,14.72,0.04221221607158465,0.0015249152008983348,0.0,nan,0.003940074522569941,False
1.25,0.99,computed_torque_w20_z0.1,0,demo_00_filtered,3.229712055896594e-05,True,13.950000000000001,False,0.0023825573472591437,2.0,True,0.002365894636208765,0.16518648437790057,nan,22.778148192002433,0.24624744681150862,0.0034986555009488807,0.00160471973115896,-0.04999999999999993,4.370000000000001,0.000768018437264446,0.013436599490544855,5.0,189.0,0.07523622693998032,0.0016054134810069224,17.479352584067833,0.1467447009650176,13.950000000000001,0.04861578102111887,0.0017749762302607893,0.0,nan,0.003480366631115362,False
1.25,0.99,pd_w20_z0.1,0,demo_00_filtered,3.5511643383936077e-06,True,14.030000000000001,False,0.002851403482477151,2.0,True,0.0023665815314287417,0.17429530322289832,nan,23.583096640056276,0.25592779169765284,0.004063133206029188,0.0017355417507077984,-0.010000000000000009,4.450000000000001,0.0007556451947842667,0.013436599490544855,5.0,189.0,0.07585242736877808,0.0017276311791237032,17.241735035393567,0.14538115382963465,14.030000000000001,0.04934845889705042,0.001830856883292786,0.0,nan,0.004043042089633971,False
1.5,0.5,computed_torque_w20_z0.1,0,demo_00_filtered,4.288979539918606e-05,True,17.77,False,0.0035269443782780002,2.0,True,0.0023375584580068776,0.26806938592214724,nan,35.781283295676126,0.4283571396083824,0.005395995759478614,0.0030044291553106015,-0.08999999999999997,8.19,0.00045920010260072115,0.013436599490544855,5.0,189.0,0.06622567419898956,0.0030052086611253195,16.94839480688469,0.14062223160785303,17.77,0.02942735711104344,0.0009340757000064498,0.0,nan,0.005385296644065668,False
1.5,0.5,pd_w20_z0.1,0,demo_00_filtered,4.444704020755927e-06,True,17.830000000000002,False,0.0032605127165246405,2.0,True,0.002316499549460921,0.2544297558565326,nan,36.48704998709489,0.4388766295664924,0.0054689042114045286,0.0028811330470051716,-0.04999999999999993,8.250000000000002,0.00045134896888647394,0.013436599490544855,5.0,189.0,0.06695810054071587,0.0028814960357292957,16.957436822365683,0.1413591665302991,17.830000000000002,0.020646435010352515,0.0009527031241124862,0.0,nan,0.0054501549010124405,False
1.5,0.75,computed_torque_w20_z0.1,0,demo_00_filtered,3.320482824188217e-05,True,16.13,False,0.0030388853145925836,2.0,True,0.0023230108918964217,0.18838816772208283,nan,29.98360609871213,0.3379121867612886,0.004667990226630414,0.002051361889538368,-0.04999999999999993,6.549999999999999,0.0005650500625144556,0.013436599490544855,4.0,189.0,0.06911339886381485,0.0020524814096233596,15.610340873253314,0.12967557233133703,16.13,0.030083562687228876,0.001238400622217073,0.0,nan,0.004637909939646194,False
1.5,0.75,pd_w20_z0.1,0,demo_00_filtered,3.598561947761362e-06,True,16.2,False,0.002921101378129472,2.0,True,0.002319460912271075,0.1999868908325191,nan,30.8399847390512,0.3493465665299562,0.004417752455867628,0.0020679116383662656,0.0,6.619999999999999,0.0005468884509375906,0.013436599490544855,4.0,189.0,0.06976192226351756,0.0020682232254532456,15.482434990881599,0.12912969149512613,16.2,0.03016623739000078,0.0012203552273229602,0.0,nan,0.004387272517880276,False
1.5,0.9,computed_torque_w20_z0.1,0,demo_00_filtered,3.051984911531392e-05,True,14.99,False,0.0027177011677149113,2.0000000000000018,True,0.002349931298246357,0.19245367512755326,nan,26.482697080606446,0.291795664889866,0.0036973681003056942,0.0018763075878475098,-0.039999999999999925,5.41,0.0006983051558322338,0.013436599490544855,5.0,189.0,0.07238330968246004,0.001877253399995397,16.555932385214533,0.13727051491678766,14.99,0.04233830445349786,0.0016276996998235457,0.0,nan,0.0036887711246603155,False
1.5,0.9,pd_w20_z0.1,0,demo_00_filtered,3.357294478792884e-06,True,15.07,False,0.002857110574559513,2.0,True,0.002349898426903816,0.20535435978259234,nan,27.339362489741966,0.30259811854971336,0.004077293655081511,0.0020083898020780357,0.010000000000000009,5.49,0.0006788071644834677,0.013436599490544855,5.0,189.0,0.07302430992595034,0.002002096079541418,16.415979156644905,0.1352924455230966,15.07,0.04256904822467465,0.0016405150766625324,0.0,nan,0.004063834804085825,False
1.5,0.99,computed_torque_w20_z0.1,0,demo_00_filtered,3.0056683823504615e-05,True,14.36,False,0.0026069545487720004,2.0,True,0.0023682706867747053,0.1442140698629401,nan,24.42730586644395,0.2663560627383719,0.003050468788264866,0.001387597240608481,-0.039999999999999925,4.779999999999999,0.000790984590117297,0.013436599490544855,5.0,189.0,0.07432457301939112,0.0013884219957000588,17.933676369656634,0.1471985016537419,14.36,0.05051262888423828,0.001953701756023271,0.0,nan,0.00301548439166564,False
1.5,0.99,pd_w20_z0.1,0,demo_00_filtered,3.264696538641491e-06,True,14.450000000000001,False,0.0028880069968918137,1.9999999999999982,True,0.0023688374968461206,0.1555983670144247,nan,25.266837878184425,0.27668918147679505,0.0030526933915738627,0.0015237439229762396,0.010000000000000009,4.870000000000001,0.0007764668176917462,0.013436599490544855,5.0,189.0,0.07499776127144225,0.001513255911049782,17.82040590036746,0.14533000251240508,14.450000000000001,0.05171779937003962,0.0020122863766161687,0.0,nan,0.003047460744714173,False
2.0,0.5,computed_torque_w20_z0.1,0,demo_00_filtered,4.340112791123339e-05,True,19.35,False,0.003334471424960869,2.0,True,0.0026497991581074286,0.21908830844593377,nan,38.20091498356848,0.4642161133181086,0.007812681307708161,0.002716885815199637,-0.06999999999999995,9.770000000000001,0.00045162574451554,0.013436599490544855,5.0,189.0,0.06428211825858698,0.0027175977539660033,17.739418897123045,0.1477097782849336,19.35,0.031239670035871796,0.001154516279517294,0.0,nan,0.007810712830911786,False
2.0,0.5,pd_w20_z0.1,0,demo_00_filtered,4.221427627466671e-06,True,19.34,False,0.0032214847622357547,2.0,True,0.0025970696459026547,0.21109027284676948,nan,38.756852931796736,0.47293606160091967,0.008143922893490835,0.0026620660441192675,-0.030000000000000027,9.76,0.0004475270563449935,0.013436599490544855,5.0,189.0,0.06527891008264496,0.0026566226283232875,17.76310413859829,0.14874836970308486,19.34,0.030426375653542975,0.0011868005044187759,0.0,nan,0.00814160863799024,False
2.0,0.75,computed_torque_w20_z0.1,0,demo_00_filtered,3.392277150711913e-05,True,16.61,False,0.0030361369993921125,2.0,True,0.0023355874741439638,0.23767719000759635,nan,31.2134616345788,0.3529237884086466,0.005248273239694452,0.002549357005579768,-0.030000000000000027,7.029999999999999,0.0006475158914170906,0.013436599490544855,5.0,189.0,0.068208031242334,0.002550457359907807,15.378999210775737,0.13188040869727774,16.61,0.03809150970013285,0.001776186583577716,0.0,nan,0.005228349547791458,False
2.0,0.75,pd_w20_z0.1,0,demo_00_filtered,3.4534695873421945e-06,True,16.66,False,0.0028944029401216783,2.0,True,0.0023320544374444262,0.24643937095509183,nan,32.03192473170693,0.36424585153291383,0.005117856568545181,0.002573775421613054,0.020000000000000018,7.08,0.0006283623140039335,0.013436599490544855,5.0,189.0,0.06911394000848226,0.0025713802136679946,15.236242281073878,0.13214080545118365,16.66,0.03764261608479366,0.0017328053166354902,0.0,nan,0.005078921213252699,False
2.0,0.9,computed_torque_w20_z0.1,0,demo_00_filtered,3.12565363459847e-05,True,15.200000000000001,False,0.0030315404634291415,1.9999999999999982,True,0.002339468769714093,0.2672593194620012,nan,26.570860612070987,0.2906706558539022,0.0065679827220144526,0.0028272961695467304,-0.020000000000000018,5.620000000000001,0.0008288239130871474,0.013436599490544855,7.0,189.0,0.07151099086650534,0.0028284019044438682,18.140115288932012,0.15111992700890847,15.200000000000001,0.04700891666623886,0.002537721966953558,0.0,nan,0.0065608501596718955,False
2.0,0.9,pd_w20_z0.1,0,demo_00_filtered,3.104229951253967e-06,True,15.290000000000001,False,0.0029270224861428686,1.9999999999999982,True,0.002338601520026417,0.2805067923925963,nan,27.39256779288938,0.3013427729582057,0.006366157530799336,0.0028968923603066785,0.030000000000000027,5.710000000000001,0.0008053044976043842,0.013436599490544855,6.0,189.0,0.0724470103236011,0.002890290584398933,17.970369334142557,0.14811331918328088,15.290000000000001,0.04472565086001376,0.0024698274143572464,0.0,nan,0.006339991554036074,False
2.0,0.99,computed_torque_w20_z0.1,0,demo_00_filtered,3.0227302263117954e-05,True,14.41,False,0.0030262639615526487,2.0,True,0.0023424956830954396,0.21330445773757412,nan,24.29101437180106,0.2636737898861894,0.0054921029527243035,0.002265248964892599,-0.020000000000000018,4.83,0.0009329104177363551,0.013436599490544855,7.0,189.0,0.0739210074342057,0.002266472536666408,19.450126703773538,0.1631445409266774,14.41,0.05465802786510447,0.0030170166202914206,0.0,nan,0.005463198678168573,False
2.0,0.99,pd_w20_z0.1,0,demo_00_filtered,2.9174853848084052e-06,True,14.51,False,0.003038830688292681,2.0000000000000018,True,0.0023424059819591994,0.22147244564952986,nan,25.110297270101437,0.2739319358698302,0.005171882183121481,0.0023108876484039882,0.020000000000000018,4.93,0.0009089567716137206,0.013436599490544855,7.0,189.0,0.07480837548199737,0.0023011992353063533,19.30530723698621,0.1601304066288252,14.51,0.04994411015273728,0.002965051340572282,0.0,nan,0.0051645465800400645,False
3.0,0.5,computed_torque_w20_z0.1,0,demo_00_filtered,4.6377236857178666e-05,True,19.75,False,0.0033079296235137743,2.0,True,0.0029858319862093984,0.25802837860838324,nan,35.13024269347657,0.4188455961328258,0.009469607863667729,0.0029258218194604005,-0.06999999999999995,10.17,0.0006168804518993105,0.013436599490544855,9.0,189.0,0.06507904156314119,0.0029260902671051337,19.23487979451689,0.15946815405531295,19.75,0.04767175046492462,0.002269225306674741,0.0,nan,0.009425395132595564,False
3.0,0.5,pd_w20_z0.1,0,demo_00_filtered,4.1831074844478274e-06,True,19.55,False,0.003247598131694825,2.0,True,0.0027777521809235228,0.23925638715430608,nan,35.66579714028019,0.4280293157835377,0.009699339835007134,0.002846465996407323,-0.030000000000000027,9.97,0.000612530336386072,0.013436599490544855,8.0,189.0,0.06640039294457462,0.00284004712224722,19.27921315733541,0.1610017467016744,19.55,0.04994433472130515,0.0023159808390989895,0.0,nan,0.009653127776144115,False
3.0,0.75,computed_torque_w20_z0.1,0,demo_00_filtered,3.5232935099565127e-05,True,15.99,False,0.003872094150735398,2.0000000000000018,True,0.002373220838926674,0.14693829284379695,nan,29.04124126279102,0.3284077830216377,0.004929836946885166,0.001636337183779442,-0.04999999999999993,6.41,0.0009479064763345858,0.013436599490544855,9.0,189.0,0.07009886400368273,0.001636908460124823,18.4258902545665,0.15241724635156767,15.99,0.05994674415510907,0.0037502340703214868,0.0,nan,0.004938349855409507,False
3.0,0.75,pd_w20_z0.1,0,demo_00_filtered,3.4902493300461125e-06,True,15.97,False,0.0037485714877705727,1.9999999999999982,True,0.002370188374533038,0.14258046047297784,nan,29.76723664892104,0.3384268554406116,0.004983389582028931,0.001573413261527879,-0.010000000000000009,6.390000000000001,0.0009090350791063827,0.013436599490544855,8.0,189.0,0.07125032746928134,0.0015754168261046602,18.255345828190706,0.15214954116590995,15.97,0.05845521017337431,0.0035727769444782492,0.0,nan,0.004989498952259239,False
3.0,0.9,computed_torque_w20_z0.1,0,demo_00_filtered,2.9078907536271436e-05,True,14.73,False,0.003443800032784954,2.0,True,0.00235781871676944,0.16025635318827527,nan,23.923292501218526,0.2604531812123445,0.006042950686999773,0.0018384279730826374,-0.07999999999999996,5.15,0.0011329463111418479,0.013436599490544855,8.0,189.0,0.07276062359123588,0.0018388203444769506,18.649903429233476,0.15217697908814884,14.73,0.07165922794852424,0.0043659113245832085,0.0,nan,0.006049639461628284,False
3.0,0.9,pd_w20_z0.1,0,demo_00_filtered,3.0194514073894404e-06,True,14.74,False,0.0033405873834781094,2.0000000000000018,True,0.0023572616512538705,0.14912270486227674,nan,24.601070529490162,0.26900102465058107,0.006088454307061199,0.0017585327178032653,-0.030000000000000027,5.16,0.0010930573248740492,0.013436599490544855,8.0,189.0,0.07388235481334844,0.0017657472169902181,18.324540191772126,0.15056686181753334,14.74,0.06832533560665101,0.004101364668565716,0.0,nan,0.006090955177647902,False
3.0,0.99,computed_torque_w20_z0.1,0,demo_00_filtered,2.6742250820665282e-05,True,14.36,False,0.003058567885148721,2.0,True,0.0023592151124398183,0.17501462890439898,nan,21.888433879703772,0.23433919112677498,0.0069355479443761504,0.002046161357088114,-0.08999999999999997,4.779999999999999,0.0012051848417987598,0.013436599490544855,8.0,189.0,0.07365546845886413,0.0020464776037311923,19.71151075066726,0.15289671569654467,14.36,0.07918195994168911,0.004817570970173138,0.0,nan,0.006907220140278513,False
3.0,0.99,pd_w20_z0.1,0,demo_00_filtered,2.7688761553968733e-06,True,14.370000000000001,False,0.0030166912976528184,2.0,True,0.0023590869397774137,0.16139938278006358,nan,22.53259687636343,0.2422749237018265,0.007067422200827611,0.001956997391005262,-0.04999999999999993,4.790000000000001,0.0011895060283953424,0.013436599490544855,8.0,189.0,0.07483446433032014,0.001959922673095332,19.500528770302257,0.1514879185039209,14.370000000000001,0.07544801193307306,0.004683424809811226,0.0,nan,0.0070471611907157485,False
