teacher_noise_deg,ridge,one_step_error_deg,demonstrated_first_step_m,demonstrated_taught_path_distance_m,demonstrated_taught_joint_error_deg,other_first_step_m,other_taught_path_distance_m,other_taught_joint_error_deg,other_median_offset_retained,swings,largest_detour_m,jumps,largest_first_step_m,runs,failures,median_hold_error_m,max_hold_error_m
0.0,1e-06,0.05725029787104232,0.00022700227028484002,0.004890715128281839,5.650525607344576,0.00992141313228566,1.3210751666982796,286.7944162846148,0.19392415155639753,23,2.5891260083101333,2,0.04318849620744158,49,23,0.005831181987107555,0.0058387702604714466
0.0,1e-05,0.05809133261751736,0.0002476746598983767,0.004772962843545503,6.000853688488666,0.005098696062981626,0.44886053602113085,14.288123231589557,0.3196996083671567,23,0.9492113358757903,0,0.01409656743091467,49,0,0.005720444105295488,0.005767841594809263
0.0,0.0001,0.05964675986912744,0.00029328710198343546,0.005048650056587012,7.296755317111392,0.005699859232964057,0.42753756476898647,14.954861407503225,0.2995391279001046,23,0.6543383899655002,0,0.017994771517769462,49,0,0.00568391224342609,0.00568866421766546
0.0,0.001,0.06471406874072044,0.0004763279922392379,0.005567472507251491,8.550572583939582,0.009008151988120995,0.6444688217266388,18.204074904359697,1.1284819267327488,24,1.0631390863672874,0,0.024498608760284587,49,0,0.005664446636524665,0.005703824266737565
0.5,1e-06,0.1360331527628836,0.0021116603629558433,0.006020897729840261,5.903251846823282,0.10219800322209871,1.0528206124026536,704.5603741918152,0.17353978029224348,21,2.48163397483359,31,0.536104940047551,49,16,0.006478327535563434,0.006480846234134998
0.5,1e-05,0.13628742165899127,0.002357684629757719,0.005634973304697031,7.563233609370936,0.048525755369660355,0.3542445930174145,13.597641193611105,0.10773072378759099,20,2.025613027246463,28,0.20739187568931944,49,0,0.006242910014865405,0.006245732575376942
0.5,0.0001,0.13605388742710667,0.002571893464696075,0.005486750988853445,9.118138928232865,0.04731560983097912,0.505208626075332,18.600499592912787,0.10740206577970578,21,1.2223061980889622,32,0.1554185397856458,49,5,0.006223315564617534,0.006228433867450594
0.5,0.001,0.13802726139968025,0.0030994301451506955,0.005915304165229039,9.96060026216931,0.05259297430580071,0.9595380025056963,67.31608847718046,3.520020241772125,24,1.7249673121556557,34,0.14702353010624047,49,24,0.006215950794663261,0.006218641456800824
1.0,1e-06,0.19316279454222898,0.004103267574585405,0.006284635938712549,6.101943692349545,0.1158024259165283,1.053306309657054,790.7523606044198,0.11290500414369156,22,2.599758226195003,35,0.5668289510880292,49,19,0.007505035349022254,0.007506599574659635
1.0,1e-05,0.19250336232319976,0.004209291548793512,0.005917164440214194,8.371454596036894,0.08066178447643214,0.2587900496479117,16.624933304846557,0.08477755027094752,21,0.3221072470095073,39,0.3042536614724019,49,10,0.0066628048424299995,0.006665664059019116
1.0,0.0001,0.19267938131645448,0.004524246176756768,0.005479413715810023,9.643419069934792,0.08074232122526269,0.5171706597272728,31.295390890170818,0.06962613687064331,20,0.969195686291629,39,0.2508948034154661,49,20,0.006523363692851304,0.00652579682550676
1.0,0.001,0.1955714042009859,0.005283122055950235,0.005896534343303569,10.317427641030967,0.08936331501759315,0.9311292423149334,59.176661526735835,0.13783961747969048,23,1.733443122761977,42,0.24502776949886126,49,23,0.006455164411794053,0.006457553234260997
2.0,1e-06,0.27276475095847763,0.007164997667209995,0.006080656816048532,7.462937111499797,0.12287927651184061,1.3603650183781066,770.5274668350347,0.11451861850401918,23,2.6223609170533457,43,0.2808537919655845,49,23,0.009920605637884125,0.009922301655257617
2.0,1e-05,0.262238035904636,0.006752686127429273,0.005905914060918121,9.029780317681176,0.12043891452858861,0.30060842350465633,27.590149635167617,0.11838085723314243,23,0.3913337389862034,43,0.29670665651650147,49,23,0.007892180943584223,0.007894221241653645
2.0,0.0001,0.25902044158488885,0.006989977881842229,0.005745520365290293,9.788461250978392,0.12045109704450603,0.3476677756196029,31.773438696568746,0.11987436026128992,23,0.5157844096577088,44,0.33253989929003486,49,23,0.00726852892657289,0.0072712913498921995
2.0,0.001,0.25598996854462774,0.00751907537530031,0.005552554374063745,10.47934343369516,0.1267893383570061,0.681941019335158,50.04918602836914,0.12048927077784187,23,1.21708289604365,45,0.3361879380763925,49,23,0.0069513151461792376,0.006953749789413882
4.0,1e-06,0.3729877122515982,0.009886660429860658,0.005576423258425612,7.477975304016674,0.14771906182564498,0.25283681963552934,25.39435874959391,0.06859942872156469,21,0.3233441775025744,47,0.40120315005885626,49,22,0.013765762794172399,0.013766952143723822
4.0,1e-05,0.33539027546175637,0.00903964566519937,0.00557693395089165,9.13250471389464,0.14567984073999943,0.2909854540929067,27.74535671760616,0.06863179256765048,22,0.4102871404112302,46,0.3807845840183732,49,22,0.009904826417776475,0.009906113534177637
4.0,0.0001,0.32144483985371947,0.008886277689542347,0.005623211180869831,9.495999851100596,0.14432923213586546,0.23553150592932184,25.332411451065582,0.11361153670592,22,0.28544564696126173,45,0.3426114460371141,49,23,0.007865272806288761,0.00786617756034232
4.0,0.001,0.3023690009270297,0.008994087014499242,0.005680808876042069,10.461215174630206,0.14881105024405744,0.3963921381234585,34.71371500725393,0.1169350038758196,23,0.6211547961235793,46,0.3795974641577411,49,23,0.007501534061892191,0.007503485221705799
8.0,1e-06,0.4711481115399763,0.012470192272656864,0.06357627253513094,23.285878667893474,0.15755092330711556,0.16199854909942124,18.336405119257517,0.09294896006732203,1,0.06357627253513094,46,0.40959601426255404,49,24,0.01442604124381936,0.014426427228955449
8.0,1e-05,0.41832540674050916,0.011011510533335735,0.005232384962074901,4.866916107109364,0.153104017883702,0.16217686110592902,17.819992564036895,0.07308085165260217,0,0.013405040514758847,45,0.38665452813865325,49,22,0.010373387203222388,0.010374081591408211
8.0,0.0001,0.3956884682472914,0.010504560154803928,0.005318819069498784,6.490379456710897,0.15296382882061615,0.1618196801306846,17.917332538383796,0.07187790222244883,0,0.009408334550873393,45,0.3709457392153298,49,22,0.005894586593213936,0.006030568247993682
8.0,0.001,0.35348924635217976,0.00991880037425708,0.005546890699527474,9.935902740265927,0.15333635989244723,0.18470541922610842,22.133540306742688,0.11821036112098804,9,0.16390553585223072,45,0.37724307756021513,49,23,0.005098662942016266,0.005099236690771401
