law,omega,damping,arm,start,origin,replayed,first_step_m,arrived,arrival_time_s,left_goal,hold_error_m,hold_observed_s,success,final_distance_m,training_path_distance_deg,offset_retained,taught_joint_error_deg,taught_path_distance_m,onset_delay_s,taught_arrival_delay_s,jitter_deg,taught_jitter_deg,speed_peaks,taught_speed_peaks,tracking_error_deg,peak_reference_speed_dps,peak_hand_speed_mps,settling_time_s,peak_torque_nm,effort_n2m2s,peak_external_force_n,reference_lead
computed_torque,10.0,1.0,esn,0,demo_00,,0.0001783957229372209,True,2.31,True,1.2723688241963282,2.0000000000000004,False,1.216552506059644,2.2212403675509726,nan,144.28944357907642,0.1873825923334513,-0.040000000000000036,-4.98,0.08995622289438565,0.07245156496022,2.0,94.0,87.91576290130251,2095.3942052496345,24.735165598411072,nan,668.2442479435634,21014.21701752705,4.999999999999999,0.03598619479881157
computed_torque,10.0,1.0,replay,0,demo_00,demo_00,0.0,True,7.3,True,0.006580312302779806,2.000000000000001,False,0.005934010032489555,0.16869024614443637,nan,0.3664637264736632,0.0620638793717676,0.010000000000000009,0.009999999999999787,0.031682889189470126,0.07245156496022,68.0,94.0,0.3522541842201343,58.616099013208434,0.7511305463481771,7.8100000000000005,30.019484799837166,83.35623689483342,4.999999999999999,0.04942919668719051
computed_torque,10.0,0.5,esn,0,demo_00,,0.00014900783509142596,False,nan,False,nan,0.0,False,1.216552506059644,149.3691646178499,nan,137.8876580053245,2.4675269192194627,-0.030000000000000027,nan,1.2102161875129636,0.07245156496022,24.0,94.0,83.61735929639042,3051.993797385458,55.24794335275516,nan,1159.6243784065819,112013.43117852797,4.999999999999999,0.0
computed_torque,10.0,0.5,replay,0,demo_00,demo_00,0.0,True,7.3,True,0.006625130015357879,2.000000000000001,False,0.0059340099134431844,0.22302904059423223,nan,0.5176451476711299,0.09076013150636422,0.010000000000000009,0.009999999999999787,0.02908965241069829,0.07245156496022,54.0,94.0,0.49783865924698967,58.616099013208434,1.0178268569780924,7.82,23.6055822505436,57.74983543307867,4.999999999999999,0.04942919668719051
computed_torque,10.0,0.3,esn,0,demo_00,,0.00013678175180872944,False,nan,False,nan,0.0,False,1.216552506059644,163.57458274871908,nan,145.83373709963112,2.015993840702968,-0.020000000000000018,nan,1.043612866719968,0.07245156496022,12.0,94.0,91.2343500110891,3463.251111143979,51.265926399973594,nan,300.4018213755911,13353.106846403864,4.999999999999999,0.1939095437075703
computed_torque,10.0,0.3,replay,0,demo_00,demo_00,0.0,True,7.3,True,0.006571840506883809,2.000000000000001,False,0.005934057359479354,0.3323681838484142,nan,0.6695278581900423,0.10695577025626693,0.010000000000000009,0.009999999999999787,0.02912359735277719,0.07245156496022,48.0,94.0,0.6440712067110975,58.616099013208434,1.1731433482998144,7.83,21.20616229303468,49.065292122115345,4.999999999999999,0.2304363037347707
computed_torque,10.0,0.1,esn,0,demo_00,,0.0001242789312474835,False,nan,False,nan,0.0,False,1.3504109003535882,97.78468866542238,nan,97.09243081907954,2.2931575558443655,-0.010000000000000009,nan,7.9435143238988655,0.07245156496022,92.0,94.0,79.70094265245116,4430.465584647403,88.00376513283834,nan,2717.7249795662874,1606190.007295833,4.999999999999999,0.0
computed_torque,10.0,0.1,replay,0,demo_00,demo_00,0.0,True,7.3100000000000005,True,0.005223233829056963,2.0,False,0.005967176976508709,0.8683709266378209,nan,1.1609044492502865,0.1333156228367717,0.010000000000000009,0.020000000000000462,0.03417126118918261,0.07245156496022,39.0,94.0,1.1170584749057577,58.616099013208434,1.3944249674539306,7.84,18.897088910192995,42.70456043729852,4.999999999999999,0.2304363037347707
pd,20.0,1.0,esn,0,demo_00,,0.00015648236322808977,False,nan,False,nan,0.0,False,1.3899510483712492,156.27650527118004,nan,141.31377775607032,2.665374132284789,-0.030000000000000027,nan,1.8050147099197493,0.07245156496022,10.0,94.0,211.3707261478163,5134.953802612796,105.04756844799792,nan,4925.896345325596,13220554.77406235,4.999999999999999,0.0
pd,20.0,1.0,replay,0,demo_00,demo_00,0.0,True,7.3,True,0.0065032470889033875,2.000000000000001,False,0.005934010032486746,0.06440468056373902,nan,0.13862328949150898,0.02813406322137838,0.010000000000000009,0.009999999999999787,0.02677432299189389,0.07245156496022,72.0,94.0,0.13217405938684543,58.616099013208434,0.5639227093345325,7.82,28.3480965402565,56.506558483617276,4.999999999999999,0.020080422662724445
pd,20.0,0.5,esn,0,demo_00,,8.569135791172336e-05,False,nan,False,nan,0.0,False,1.389954475225933,164.90300039540446,nan,145.18322071574738,2.669878400816893,-0.020000000000000018,nan,2.4170829977042936,0.07245156496022,14.0,94.0,215.15413699027945,5045.654585674392,96.63963495633885,nan,4608.5321710115795,13169657.67908565,4.999999999999999,0.0
pd,20.0,0.5,replay,0,demo_00,demo_00,0.0,True,7.3100000000000005,True,0.006596381112490188,2.0,False,0.005934010032518776,0.09183875284410019,nan,0.20071615041011628,0.04171420005531164,0.020000000000000018,0.020000000000000462,0.021663661871341028,0.07245156496022,55.0,94.0,0.19212470637343887,58.616099013208434,0.5731246432576288,7.8500000000000005,13.550863713846457,17.733289506146754,4.999999999999999,0.020080422662724445
pd,20.0,0.3,esn,0,demo_00,,5.45688274299679e-05,False,nan,False,nan,0.0,False,1.3899426771358485,170.3005437124721,nan,147.90071340764848,2.6602640790516507,0.0,nan,2.75472417540533,0.07245156496022,11.0,94.0,219.7544790763802,6086.980705092496,120.61270730543177,nan,2782.7733958584863,2311801.825977099,4.999999999999999,-0.03598619479881157
pd,20.0,0.3,replay,0,demo_00,demo_00,0.0,True,7.3100000000000005,True,0.0067726903771896186,2.0,False,0.005934010132481733,0.1346336225337548,nan,0.2641579456952838,0.05103829062562268,0.020000000000000018,0.020000000000000462,0.02235694638689475,0.07245156496022,39.0,94.0,0.2533554791617778,58.616099013208434,0.796591970096741,7.86,9.39760865364442,9.62110381312532,4.999999999999999,0.04942919668719051
pd,20.0,0.1,esn,0,demo_00,,2.172833936317076e-05,False,nan,False,nan,0.0,False,1.389945339392088,178.15933541689878,nan,150.91944091198636,2.583492006673533,-0.10999999999999999,nan,1.865807160419288,0.07245156496022,11.0,94.0,201.5154090257181,2519.861127084332,66.85646057564583,nan,1955.0158210100358,3711986.1330045117,4.999999999999999,-0.03598619479881157
pd,20.0,0.1,replay,0,demo_00,demo_00,0.0,True,7.32,True,0.007767997030548863,2.0,False,0.005951444452345965,0.3253628939867141,nan,0.47847338262172895,0.06346681415842316,0.030000000000000027,0.03000000000000025,0.0330168160545958,0.07245156496022,31.0,94.0,0.4599352390896482,58.616099013208434,1.1799368410371716,8.370000000000001,6.237906192354754,12.337798772247487,4.999999999999999,0.04942919668719051
