law,omega,damping,arm,start,origin,replayed,first_step_m,reach_path_distance_m,reach_joint_error_deg,arrival_delay_s,arrived,arrival_time_s,left_goal,hold_error_m,hold_observed_s,success,tracking_error_deg,peak_reference_speed_dps,peak_hand_speed_mps,settling_time_s,final_distance_m,peak_torque_nm,effort_n2m2s,peak_external_force_n
,,,demonstrator,0,demo_00,,9.176897588927222e-09,0.0,0.0,0.0,True,1.1300000000000001,False,2.992152574697514e-11,1.9999999999999998,True,nan,nan,0.8099331149902511,1.1300000000000001,5.420799638382024e-15,1.9688947227907494,2.203143723593298,0.0
,,,demonstrator,1,demo_01,,9.734072963702719e-09,0.0,0.0,0.0,True,1.1500000000000001,False,4.072773153697655e-11,1.9999999999999998,True,nan,nan,0.8144861832835283,1.1500000000000001,5.512120354514498e-15,0.6440432431181581,0.23700618339893575,0.0
,,,demonstrator,2,demo_02,,4.9124732909935424e-09,0.0,0.0,0.0,True,1.1400000000000001,False,3.8218327019166197e-11,2.0,True,nan,nan,0.8603411267329856,1.1400000000000001,5.512120354514498e-15,2.2471852471618123,1.8809400420971243,0.0
,,,demonstrator,3,demo_03,,2.1900463395710052e-09,0.0,0.0,0.0,True,1.11,False,1.1799894015220625e-11,1.9999999999999998,True,nan,nan,0.8561378555469994,1.11,5.512120354514498e-15,2.8677332731363454,3.7570171483129586,0.0
,,,demonstrator,4,demo_04,,3.918380655919685e-09,0.0,0.0,0.0,True,1.12,False,3.243055570678355e-11,2.0,True,nan,nan,0.8441729382879565,1.12,5.420799638382024e-15,2.7212206268749326,3.5980573571941137,0.0
,,,demonstrator,5,demo_05,,7.558377858616283e-09,0.0,0.0,0.0,True,1.1500000000000001,False,4.062970960449347e-11,1.9999999999999998,True,nan,nan,0.8327666563200444,1.1500000000000001,5.512120354514498e-15,1.8512304711157996,1.5240571289439448,0.0
,,,demonstrator,6,demo_06,,1.0448265308051575e-08,0.0,0.0,0.0,True,1.1400000000000001,False,3.7478694746015517e-11,2.0,True,nan,nan,0.8062546284847484,1.1400000000000001,5.512120354514498e-15,0.9610441034535274,0.5782242464759633,0.0
,,,demonstrator,7,demo_07,,2.248695229651626e-09,0.0,0.0,0.0,True,1.11,False,1.055388501426935e-11,1.9999999999999998,True,nan,nan,0.8572022752378818,1.11,5.420799638382024e-15,2.7066665931740523,3.5913335976138443,0.0
computed_torque,10.0,1.0,esn,0,demo_00,,0.0001395660762158642,0.0012888371224319395,0.08498894410812012,0.010000000000000009,True,1.1400000000000001,False,3.669269852073667e-05,2.0,True,0.025101210150031868,33.374498187076455,0.8362572910188336,1.1400000000000001,0.0014541388986724082,2.2874437006578034,2.5143619349128175,0.0
computed_torque,10.0,1.0,replay,0,demo_00,demo_00,2.7962445759866057e-09,0.0007088029553951418,0.04632054034114135,0.0,True,1.1300000000000001,False,4.500815851238659e-09,1.9999999999999998,True,0.024205242124929714,32.88627384074034,0.8196271707987276,1.1300000000000001,1.1516390045942462e-14,2.1934480025864262,2.301503054268968,0.0
computed_torque,10.0,1.0,esn,1,demo_01,,0.00014475117944643222,0.001725109611498714,0.17154674027453612,0.019999999999999796,True,1.17,False,5.6308478476503986e-05,2.0,True,0.04551518349266213,72.76236218955358,0.844971259440359,1.17,0.001481473306728862,2.096470894212156,0.3712767522736342,0.0
computed_torque,10.0,1.0,replay,1,demo_01,demo_01,2.9660184088442345e-09,0.0007551060255209781,0.0838221524471286,0.009999999999999787,True,1.16,False,5.461720349396944e-09,2.0,True,0.04344830828195793,70.86607225795211,0.8242462677918718,1.16,1.1701139724933716e-14,0.7839818298070693,0.25959034085111043,0.0
computed_torque,10.0,1.0,esn,2,demo_02,,3.6751850833306954e-05,0.0010625370362509522,0.2651628630693878,0.029999999999999805,True,1.17,False,6.041062184795375e-05,2.0,True,0.06953777539013202,104.16751604073508,0.9027117152569639,1.17,0.0014706824051190876,2.534793270028836,2.175257045767415,0.0
computed_torque,10.0,1.0,replay,2,demo_02,demo_02,1.4968539443329586e-09,0.00027526765641060756,0.12824953762334118,0.010000000000000009,True,1.1500000000000001,False,5.119995678460379e-09,1.9999999999999998,True,0.06660812079570329,101.39577953371072,0.871580653961738,1.1500000000000001,7.520890379115718e-15,2.5473375335725255,2.0012964594379055,0.0
computed_torque,10.0,1.0,esn,3,demo_03,,5.130743937034633e-05,0.0022959486738656516,0.19947493758700244,0.020000000000000018,True,1.1300000000000001,False,6.402802733361405e-05,1.9999999999999998,True,0.05391573263335879,73.75002597032662,0.8902870827879213,1.1300000000000001,0.0012897549719062024,3.2956223200753145,4.242688961736901,0.0
computed_torque,10.0,1.0,replay,3,demo_03,demo_03,6.673176047346167e-10,0.0006790642943703163,0.09815309872719598,0.010000000000000009,True,1.12,False,2.6524763640277135e-09,2.0,True,0.0515231926471887,72.00049360960442,0.8670317161238703,1.12,7.520890379115718e-15,3.221328964977794,3.93293864201736,0.0
computed_torque,10.0,1.0,esn,4,demo_04,,0.0001057044881327413,0.0017453827453404085,0.11303852223592441,0.010000000000000009,True,1.1300000000000001,False,1.1706935737562532e-05,1.9999999999999998,True,0.03019812457614777,45.77346176931387,0.8761370077104659,1.1300000000000001,0.0013626152299773178,3.195821446127418,4.085772173478971,0.0
computed_torque,10.0,1.0,replay,4,demo_04,demo_04,1.1939493837230784e-09,0.0004083769341092029,0.0540580930847432,0.0,True,1.12,False,4.7056195107782655e-09,2.0,True,0.028825648292965952,44.74302463168224,0.8552738663583448,1.12,1.1274094790879466e-14,3.0476638572293804,3.771655599820795,0.0
computed_torque,10.0,1.0,esn,5,demo_05,,6.432122338549484e-05,0.002580283259627479,0.11924871485626411,0.019999999999999796,True,1.17,False,7.319058722482806e-05,2.0,True,0.02813363129258312,36.10016087717594,0.8645067066204918,1.17,0.0017708233021371774,2.1624822095343146,1.7991738061376246,0.0
computed_torque,10.0,1.0,replay,5,demo_05,demo_05,2.3030732734797858e-09,0.0007126817404007363,0.050088978553359774,0.009999999999999787,True,1.16,False,5.448362681102017e-09,2.0,True,0.026593372810796774,35.192492846887504,0.8449151548137408,1.16,1.1274094790879466e-14,2.0799780712597524,1.6251601464320269,0.0
computed_torque,10.0,1.0,esn,6,demo_06,,0.00013617880490686993,0.0017111949791763868,0.1403743144285976,0.010000000000000009,True,1.1500000000000001,False,4.318716832478476e-05,1.9999999999999998,True,0.03734767451713776,62.8807162186045,0.8341365103195518,1.1500000000000001,0.0019580381503473666,1.1130269786144407,0.6823698596620726,0.0
computed_torque,10.0,1.0,replay,6,demo_06,demo_06,3.1836360753755565e-09,0.0005763439337639364,0.06595880750950237,0.0,True,1.1400000000000001,False,5.4177985082878844e-09,2.0,True,0.035775071558802246,61.47224529048025,0.8151242316198409,1.1400000000000001,7.520890379115718e-15,1.0904473977250388,0.6132579460893728,0.0
computed_torque,10.0,1.0,esn,7,demo_07,,4.856802694620994e-05,0.0016980055757270616,0.13135498252142225,0.010000000000000009,True,1.12,False,6.621281591556197e-05,2.0,True,0.039147268039584814,53.258486963646696,0.8881111301809818,1.12,0.0016359261628168663,3.115178383754294,4.056191221884742,0.0
computed_torque,10.0,1.0,replay,7,demo_07,demo_07,6.85188059910264e-10,0.0006585458924721695,0.07039705429932146,0.0,True,1.11,False,2.703764097021894e-09,1.9999999999999998,True,0.0377287733862333,52.13113668892076,0.8688969390724383,1.11,7.026054108426267e-15,3.0211337908741043,3.763056423102332,0.0
computed_torque,10.0,0.5,esn,0,demo_00,,0.00011657460973223969,0.0022261690149713623,0.13663915775344257,0.029999999999999805,True,1.16,False,6.215665709045643e-05,2.0,True,0.04086014702834629,33.72641692167354,0.8545555072107112,1.16,0.0014543829412356178,2.269000676642254,2.6417867051471595,0.0
computed_torque,10.0,0.5,replay,0,demo_00,demo_00,2.3355983745715825e-09,0.0011996585496391167,0.0728982000302546,0.010000000000000009,True,1.1400000000000001,False,6.28117963311845e-08,2.0,True,0.03781764918232755,32.88627384074034,0.8255517701312389,1.1400000000000001,8.036356885378214e-12,2.1406371196739253,2.3461008453517773,0.0
computed_torque,10.0,0.5,esn,1,demo_01,,0.00012090544510215946,0.0036504703416411757,0.28262469408389695,0.039999999999999813,True,1.19,False,6.11105302906761e-05,2.0,True,0.07383729372476731,73.80414618984571,0.8667251630889375,1.19,0.0014819029577866909,1.7033826015473768,0.3867802679074977,0.0
computed_torque,10.0,0.5,replay,1,demo_01,demo_01,2.4774046949340006e-09,0.0014537996628904168,0.13321481763805917,0.009999999999999787,True,1.16,False,3.316457436374041e-08,2.0,True,0.06690686088763138,70.86607225795211,0.8311174517529218,1.16,3.6174229151383812e-12,0.7834113095494272,0.27623372485552,0.0
computed_torque,10.0,0.5,esn,2,demo_02,,3.069699900310708e-05,0.0019826826817699525,0.4413440769496421,0.05999999999999983,True,1.2,False,2.5695564513292432e-05,2.0,True,0.11291992126026011,105.76447971977836,0.9334994904558155,1.2,0.0014702921102408366,2.5102115690136313,2.3849842046511056,0.0
computed_torque,10.0,0.5,replay,2,demo_02,demo_02,1.2502660607945439e-09,0.0005667930061865832,0.2038597525409094,0.019999999999999796,True,1.16,False,4.8588572429061014e-08,2.0,True,0.10245499973537163,101.39577953371072,0.8819972579077244,1.16,4.487655157248269e-12,2.5200135347632324,2.07302663412427,0.0
computed_torque,10.0,0.5,esn,3,demo_03,,4.285513302615706e-05,0.0044547345767340955,0.32399498388401105,0.04999999999999982,True,1.16,False,3.486864792978676e-05,2.0,True,0.08614521590148977,74.84303328841665,0.91445459246908,1.16,0.0012882783076049687,3.2664859684843472,4.528939403154056,0.0
computed_torque,10.0,0.5,replay,3,demo_03,demo_03,5.573854062193464e-10,0.0011665958194696257,0.15088872572258763,0.010000000000000009,True,1.12,False,6.074464298614199e-08,2.0,True,0.07753368427746078,72.00049360960442,0.8748144310493933,1.12,8.257946852437707e-12,3.171280859377901,4.0181222364659686,0.0
computed_torque,10.0,0.5,esn,4,demo_04,,8.82908142893803e-05,0.0032590648483352426,0.18440865306739876,0.020000000000000018,True,1.1400000000000001,False,8.992747198812488e-05,2.0,True,0.048601643511858916,46.41424170373588,0.8964488375819175,1.1400000000000001,0.001361842366145686,3.168438236358059,4.376693582350691,0.0
computed_torque,10.0,0.5,replay,4,demo_04,demo_04,9.972615730117513e-10,0.0007153245083041628,0.08237493976755726,0.010000000000000009,True,1.1300000000000001,False,7.892704931021344e-08,1.9999999999999998,True,0.04333595431144561,44.74302463168224,0.8621642079634543,1.1300000000000001,8.762029078300006e-12,2.9954775936560285,3.857203874551973,0.0
computed_torque,10.0,0.5,esn,5,demo_05,,5.372508247158512e-05,0.004750324294899578,0.19064939421948615,0.05999999999999983,True,1.21,False,3.629106199291826e-05,2.0,True,0.04554441714077856,36.64702457736768,0.8877884664115764,1.21,0.0017710920606717835,2.153407491285321,2.010019109903252,0.0
computed_torque,10.0,0.5,replay,5,demo_05,demo_05,1.9236716549975816e-09,0.0013913792862519378,0.07718393295533206,0.009999999999999787,True,1.16,False,4.9924401059107855e-08,2.0,True,0.040036026018272684,35.192492846887504,0.8531254525912987,1.16,4.2358084424922634e-12,2.0576499704986055,1.6887471245453904,0.0
computed_torque,10.0,0.5,esn,6,demo_06,,0.00011374526551626398,0.0031835703766624306,0.21713019276855292,0.029999999999999805,True,1.17,False,2.9092530291254263e-05,2.0,True,0.05721519062124799,63.71836850558928,0.8518296809228082,1.17,0.0019584847031452624,1.196015595061266,0.7526576661819223,0.0
computed_torque,10.0,0.5,replay,6,demo_06,demo_06,2.6591727185010806e-09,0.000996137613081125,0.0966318877766437,0.010000000000000009,True,1.1500000000000001,False,4.971073371907623e-08,1.9999999999999998,True,0.05165623026772602,61.47224529048025,0.8205783189034159,1.1500000000000001,6.20871265236496e-12,1.0626001762888595,0.634745197966668,0.0
computed_torque,10.0,0.5,esn,7,demo_07,,4.056701921676661e-05,0.0031384852152018107,0.2065485362128062,0.030000000000000027,True,1.1400000000000001,False,2.2865305805466137e-05,2.0,True,0.061228155526766595,53.98111773495839,0.9094160427012276,1.1400000000000001,0.001635945341323517,3.110417385906784,4.362866366431636,0.0
computed_torque,10.0,0.5,replay,7,demo_07,demo_07,5.72312128842319e-10,0.0011268186153134466,0.10469017782498564,0.010000000000000009,True,1.12,False,7.469572104745051e-08,2.0,True,0.05604846172623066,52.13113668892076,0.8763927688824923,1.12,9.15602221850259e-12,2.9750774536823568,3.845898065885767,0.0
computed_torque,10.0,0.3,esn,0,demo_00,,0.00010700961251502585,0.0031048455404211984,0.1823708468494672,0.05999999999999983,True,1.19,False,0.00011148974866785331,2.0,True,0.057762249027185485,33.997579541694364,0.8696140396567565,1.19,0.001452623013705882,2.3197762142114664,2.7912069224840406,0.0
computed_torque,10.0,0.3,replay,0,demo_00,demo_00,2.1439601421314706e-09,0.0018479785801704305,0.09694038891592514,0.020000000000000018,True,1.1500000000000001,False,2.6153931526830454e-06,1.9999999999999998,True,0.050902618828584045,32.88627384074034,0.8304790903722009,1.1500000000000001,1.6721121539639827e-08,2.138800389455751,2.3810870482815507,0.0
computed_torque,10.0,0.3,esn,1,demo_01,,0.00011098506351831234,0.005882850144332884,0.38764670919469985,0.05999999999999983,True,1.21,False,0.00012184241061874249,2.0,True,0.10512213791330106,74.62927434712131,0.8851764634859485,1.21,0.0014766372076352914,1.546147284481465,0.4355404181145477,0.0
computed_torque,10.0,0.3,replay,1,demo_01,demo_01,2.2741305340787105e-09,0.0023647125974953867,0.18045137419126944,0.019999999999999796,True,1.17,False,2.8907228010231424e-06,2.0,True,0.08925959024063745,70.86607225795211,0.8376093098477819,1.17,1.369659089779907e-08,0.8032239035174824,0.29504226525616967,0.0
computed_torque,10.0,0.3,esn,2,demo_02,,2.81780972893538e-05,0.0032408279431283206,0.607929971940469,0.08999999999999986,True,1.23,False,0.0002772673030160929,2.0,True,0.1616178900302088,106.98972575221211,0.9602421167650845,1.23,0.0014608692133367032,2.5220238826496275,2.633495805835293,0.0
computed_torque,10.0,0.3,replay,2,demo_02,demo_02,1.1476803986761672e-09,0.0008280445899535334,0.27721560705143355,0.019999999999999796,True,1.16,False,3.6276731831959406e-06,2.0,True,0.13656183021910223,101.39577953371072,0.8923163522417412,1.16,1.0946364276713605e-08,2.533090125573868,2.140180310893739,0.0
computed_torque,10.0,0.3,esn,3,demo_03,,3.9338790716960734e-05,0.006773228487729419,0.43663053026419996,0.08999999999999986,True,1.2,False,0.00020381587716296204,2.0,True,0.1219621193085503,75.70203719203838,0.9346566213990607,1.2,0.0012840773592478199,3.288667209937866,4.834844945186256,0.0
computed_torque,10.0,0.3,replay,3,demo_03,demo_03,5.11651274351761e-10,0.0018743709530128756,0.19968375252096712,0.020000000000000018,True,1.1300000000000001,False,3.304593430157955e-06,1.9999999999999998,True,0.10117793066274486,72.00049360960442,0.8816090266575403,1.1300000000000001,1.3309275384795503e-08,3.1833752122334684,4.087048881739451,0.0
computed_torque,10.0,0.3,esn,4,demo_04,,8.104635895122165e-05,0.004841993364665289,0.24743479980550684,0.05999999999999983,True,1.18,False,0.0002280857764538362,2.0,True,0.06959845103805844,46.915559473160364,0.9129748985545956,1.18,0.0013606389267525835,3.1910629048700847,4.696912578734082,0.0
computed_torque,10.0,0.3,replay,4,demo_04,demo_04,9.154348338184718e-10,0.001123862012122641,0.10771906192702069,0.020000000000000018,True,1.1400000000000001,False,2.701815469873458e-06,2.0,True,0.05632436717588511,44.74302463168224,0.867751133412663,1.1400000000000001,1.172920615741139e-08,3.005078391518006,3.927692938405769,0.0
computed_torque,10.0,0.3,esn,5,demo_05,,4.9316854460829864e-05,0.007119577353849452,0.25264852069519267,0.09999999999999987,True,1.25,False,0.00027153605385849,2.0,True,0.06561899402942793,37.08235743027361,0.9069546071324927,1.25,0.0017702545110283847,2.287301833511446,2.2876268547610015,0.0
computed_torque,10.0,0.3,replay,5,demo_05,demo_05,1.7658317724083826e-09,0.00221581182219087,0.10194893593505372,0.019999999999999796,True,1.17,False,4.671360400578787e-06,2.0,True,0.05239665014176876,35.192492846887504,0.8600994065431704,1.17,1.0864032499426973e-08,2.071349169176557,1.7524786116165192,0.0
computed_torque,10.0,0.3,esn,6,demo_06,,0.00010441238810393006,0.0048120565679774545,0.2820123649726627,0.05999999999999983,True,1.2,False,0.00013678727116520973,2.0,True,0.07812732586304368,64.39392392489648,0.8665501242628484,1.2,0.001955944025254475,1.3095252553161207,0.8407784788865039,0.0
computed_torque,10.0,0.3,replay,6,demo_06,demo_06,2.4409839277610226e-09,0.0016322251767982143,0.12254446603569862,0.010000000000000009,True,1.1500000000000001,False,1.20982341306989e-06,1.9999999999999998,True,0.0649348446267487,61.47224529048025,0.8251205734939019,1.1500000000000001,1.278636576970927e-08,1.0582128250241367,0.6560033792744511,0.0
computed_torque,10.0,0.3,esn,7,demo_07,,3.7238425483581654e-05,0.004912770744620699,0.26874344082415896,0.06999999999999984,True,1.18,False,0.00018111405042747468,2.0,True,0.08445325796257247,54.55507662345718,0.9269838833613651,1.18,0.0016354764802711441,3.1470488738824143,4.712954058233808,0.0
computed_torque,10.0,0.3,replay,7,demo_07,demo_07,5.253530996380712e-10,0.0018255358043943186,0.13333628946673137,0.020000000000000018,True,1.1300000000000001,False,3.3044595967154767e-06,1.9999999999999998,True,0.072100376806096,52.13113668892076,0.8825387725675867,1.1300000000000001,1.3978325496020733e-08,2.9889367134289078,3.9138620908749373,0.0
computed_torque,10.0,0.1,esn,0,demo_00,,9.722812239994658e-05,0.006271533587582831,0.2750478325039235,0.1299999999999999,True,1.26,False,0.004441738050755534,2.0,True,0.12498621708155205,34.46161310176507,0.8962421899360911,1.26,0.003699714588156072,2.5821866980548642,3.6388405247126068,0.0
computed_torque,10.0,0.1,replay,0,demo_00,demo_00,1.9479832986302836e-09,0.003615836757445928,0.1479572022198557,0.029999999999999805,True,1.16,False,0.0004094416225842236,2.0,True,0.08941893199987913,32.88627384074034,0.840554640900557,1.16,6.453964359226878e-05,2.1657777304128722,2.4587232135391197,0.0
computed_torque,10.0,0.1,esn,1,demo_01,,0.0001008401522367459,0.011237162964596857,0.6142325503712364,0.08999999999999986,True,1.24,False,0.005510908786254308,2.0,True,0.24767586119923488,75.94246930636511,0.9182597635211281,1.24,0.0008386319802595108,1.3924858093464387,0.842608728435104,0.0
computed_torque,10.0,0.1,replay,1,demo_01,demo_01,2.066255741775162e-09,0.0047678535597657995,0.2877042407346866,0.019999999999999796,True,1.17,False,0.0004252951861928059,2.0,True,0.15468324316162615,70.86607225795211,0.8516601632555485,1.17,2.4578500732528132e-05,0.8540832517267715,0.3663409306430006,0.0
computed_torque,10.0,0.1,esn,2,demo_02,,2.5602219995992824e-05,0.005667594541185677,0.9650916474236337,0.10999999999999988,True,1.25,True,0.010127908826878924,2.0,False,0.40467596353086666,108.94685906492296,1.0089166508915537,1.52,0.0028183554514092054,2.802970719053918,4.11344009042598,0.0
computed_torque,10.0,0.1,replay,2,demo_02,demo_02,1.0427729865473494e-09,0.0015049097560087593,0.44747847186596934,0.029999999999999805,True,1.17,False,0.0005912177682665665,2.0,True,0.2363033515656229,101.39577953371072,0.9151684750618535,1.17,1.5739168519056507e-05,2.5746770919512176,2.345872275983913,0.0
computed_torque,10.0,0.1,esn,3,demo_03,,3.5742871084009555e-05,0.012031546883110866,0.6672555581399697,0.1399999999999999,True,1.25,False,0.00997671614403033,2.0,True,0.3117494211835492,77.04423419536126,0.9709288224611196,1.25,0.003977141628419543,3.4604358780410482,6.3644510267765195,0.0
computed_torque,10.0,0.1,replay,3,demo_03,demo_03,4.6488211279540734e-10,0.003783512594229913,0.31033185580570255,0.040000000000000036,True,1.1500000000000001,False,0.0002930371987468247,1.9999999999999998,True,0.16608266207533912,72.00049360960442,0.8964720153180392,1.1500000000000001,5.056470566993443e-05,3.2370082333290355,4.242210683196535,0.0
computed_torque,10.0,0.1,esn,4,demo_04,,7.363796235926061e-05,0.008390363358557407,0.37304598141624223,0.15999999999999992,True,1.28,False,0.006663091212719119,2.0,True,0.1968898145363173,47.73874826893711,0.9416538372614749,1.28,0.0025720007254515158,3.4750566949524355,6.445891125334224,0.0
computed_torque,10.0,0.1,replay,4,demo_04,demo_04,8.317563782208138e-10,0.0022980384298301403,0.16316420233728177,0.039999999999999813,True,1.16,False,0.0003269154462043949,2.0,True,0.09091070976468932,44.74302463168224,0.8787250368755973,1.16,7.352925554940254e-05,3.0581485369958497,4.094045663868772,0.0
computed_torque,10.0,0.1,esn,5,demo_05,,4.4808862605121666e-05,0.01255328272705167,0.37532508545650217,0.1499999999999999,True,1.3,False,0.008925193958523047,2.0,True,0.1863798235398071,37.80970123537829,0.9405289814183195,1.3,0.0035923864095197882,2.7339471735567837,4.366719228549642,0.0
computed_torque,10.0,0.1,replay,5,demo_05,demo_05,1.6044198536549427e-09,0.004350874428164553,0.1559575346374663,0.029999999999999805,True,1.18,False,0.0003070341513878008,2.0,True,0.08700220589060195,35.192492846887504,0.8745262519133423,1.18,4.5802600144339416e-05,2.113309717677924,1.9748059024282933,0.0
computed_torque,10.0,0.1,esn,6,demo_06,,9.486827694507173e-05,0.008587813277602597,0.41034014604443436,0.10999999999999988,True,1.25,False,0.00750116559995609,2.0,True,0.18749119650717927,65.55439294850359,0.8928621212108305,1.25,0.005507570908898438,1.560615036771207,1.4177792392281001,0.0
computed_torque,10.0,0.1,replay,6,demo_06,demo_06,2.217857490502613e-09,0.003320160829862167,0.17719686092774312,0.019999999999999796,True,1.16,False,0.0003923795541912733,2.0,True,0.0963753573081114,61.47224529048025,0.835164658992336,1.16,5.67790047912555e-05,1.154804381813943,0.724181111940031,0.0
computed_torque,10.0,0.1,esn,7,demo_07,,3.383450245237495e-05,0.008813523061995952,0.3866810075056315,0.1499999999999999,True,1.26,False,0.0074075933272516135,2.0,True,0.19807674208620496,55.50515754631329,0.9580494886998044,1.26,0.005485470906511866,3.632297664252415,6.848046696409722,0.0
computed_torque,10.0,0.1,replay,7,demo_07,demo_07,4.773314014465421e-10,0.003692302688363835,0.19158850499412988,0.040000000000000036,True,1.1500000000000001,False,0.00037965447870993237,1.9999999999999998,True,0.11332006421758961,52.13113668892076,0.8952024727366938,1.1500000000000001,7.379346389818883e-05,3.046539307946907,4.1005851366946064,0.0
pd,10.0,1.0,esn,0,demo_00,,3.451206695796262e-05,0.020710393892654135,1.216671009298612,-0.10000000000000009,True,1.03,True,0.0043037804684442895,2.0,False,0.3064693565602285,35.24723220964344,0.9134810734285334,1.49,0.0013742368609590298,2.7511375806044036,3.673545027987502,0.0
pd,10.0,1.0,replay,0,demo_00,demo_00,9.32868856987017e-10,0.005540719660307673,0.5193632417481173,-0.07000000000000006,True,1.06,False,7.796755137400977e-08,2.0,True,0.2746546368456832,32.88627384074034,0.8822637711243582,1.06,3.5416408571611707e-13,2.40163884116439,2.8614956885324867,0.0
pd,10.0,1.0,esn,1,demo_01,,2.512966473630596e-05,0.008526386081432719,0.9571787427091584,-0.10000000000000009,True,1.05,True,0.0019117444411855947,2.0,False,0.2606984803007627,69.84192810650862,0.8305339513561604,1.37,0.0014907631467983423,1.03121555138772,0.4875001065568255,0.0
pd,10.0,1.0,replay,1,demo_01,demo_01,1.6693636400629633e-09,0.005261012948809877,0.4519060896900816,-0.07000000000000006,True,1.08,False,5.955386998188746e-08,2.0,True,0.25068302451668034,70.86607225795211,0.836950825502428,1.08,2.4891685496644673e-13,0.9437110001374132,0.3552593577073751,0.0
pd,10.0,1.0,esn,2,demo_02,,5.939857159798195e-05,0.034529421202855425,0.7907034796728954,0.09999999999999987,True,1.24,False,0.000533183591112454,2.0,True,0.21070170250212375,103.90028687058764,0.9165520656266778,1.24,0.0015363595272509458,2.1770902302398545,2.2846136013328544,0.0
pd,10.0,1.0,replay,2,demo_02,demo_02,1.4101716831872648e-09,0.01836709587859306,0.33160821828273196,-0.030000000000000027,True,1.11,False,1.235633558438629e-07,1.9999999999999998,True,0.18998489714968564,101.39577953371072,0.869486433132661,1.11,7.00133267625345e-13,2.5976539989298755,2.334113778078581,0.0
pd,10.0,1.0,esn,3,demo_03,,4.03817894702892e-05,0.054147282896039296,1.0273157006085911,0.3799999999999999,True,1.49,False,0.0015265192822278698,2.0,True,0.26459466799914155,76.32096526343025,0.9363684661787062,1.49,0.0013785217316686844,3.2893410370045215,5.23943784847695,0.0
pd,10.0,1.0,replay,3,demo_03,demo_03,7.114414243541576e-10,0.02545760893423515,0.42345305008903605,-0.020000000000000018,True,1.09,False,1.4095291671473047e-07,1.9999999999999998,True,0.22870972266206804,72.00049360960442,0.9096925774567943,1.09,7.33024405195351e-13,3.3605124341146215,4.741887737657992,0.0
pd,10.0,1.0,esn,4,demo_04,,2.6905871392957205e-05,0.029110042780559755,1.0441175665668025,-0.1100000000000001,True,1.01,True,0.004994375386896612,2.0,False,0.3059704658429116,46.933771751465976,0.9551356779376221,1.86,0.0014381736583879182,3.2619859963756914,5.251160322904521,0.0
pd,10.0,1.0,replay,4,demo_04,demo_04,3.12775150774148e-10,0.011546546916714993,0.46622914831085127,-0.08000000000000007,True,1.04,False,8.846369207158136e-08,2.0,True,0.2628958622677707,44.74302463168224,0.9248794432278803,1.04,3.5438381552541236e-13,3.1690686479222725,4.4722967254590555,0.0
pd,10.0,1.0,esn,5,demo_05,,2.8499128585853577e-05,0.01375570013724649,1.0735844375183023,-0.13000000000000012,True,1.02,True,0.0034984927080469624,2.0,False,0.2952927051305534,37.525626563883264,0.9230507587987079,1.42,0.001863222047650347,1.9993751321050555,2.1317661173655273,0.0
pd,10.0,1.0,replay,5,demo_05,demo_05,8.714463321161376e-10,0.004452397636785101,0.4582748961260038,-0.10000000000000009,True,1.05,False,6.506157927055824e-08,2.0,True,0.25737546481492934,35.192492846887504,0.9003021195612738,1.05,2.2672319947320242e-13,2.118464883797553,1.807753917879138,0.0
pd,10.0,1.0,esn,6,demo_06,,4.910873519229463e-05,0.009041567209013055,1.3380433624893648,-0.09000000000000008,True,1.05,False,0.0004529829283174043,2.0,True,0.30304329644820954,64.26892912771335,0.8941723404603239,1.05,0.0020245894235486044,1.1363256534176995,0.7306174280750306,0.0
pd,10.0,1.0,replay,6,demo_06,demo_06,1.2664920086473433e-09,0.0033192914891917763,0.552759742024425,-0.050000000000000044,True,1.09,False,1.3797937194259075e-07,1.9999999999999998,True,0.28724965638903155,61.47224529048025,0.8679222879035398,1.09,6.90812883488278e-13,1.148743517625317,0.6813015102537056,0.0
pd,10.0,1.0,esn,7,demo_07,,2.2635395104731267e-05,0.013574906202368021,0.9767498048770362,-0.09000000000000008,True,1.02,True,0.00339251824970121,2.0,False,0.26319082849918707,54.2404793555113,0.9571902519658788,1.43,0.0015780703832109788,3.1879460710886276,5.009970350365188,0.0
pd,10.0,1.0,replay,7,demo_07,demo_07,3.188829988748285e-10,0.006156927879341269,0.42888257752101094,-0.050000000000000044,True,1.06,False,1.7670806047307992e-07,2.0,True,0.231483444244029,52.13113668892076,0.9106549484366315,1.06,7.547845170246429e-13,3.1418460200611307,4.256529402954531,0.0
pd,10.0,0.5,esn,0,demo_00,,1.7805239498306305e-05,0.0259967507842398,1.600759544411307,-0.1200000000000001,True,1.01,True,0.020832921178582247,2.0,False,0.4959934573542541,36.509254620496264,1.0014053176905715,3.0300000000000002,0.002283921123161932,3.4084632161915707,5.70497928866196,0.0
pd,10.0,0.5,replay,0,demo_00,demo_00,4.857759813502986e-10,0.00982446482931598,0.7347768969007971,-0.1100000000000001,True,1.02,False,2.5029193852575473e-06,2.0,True,0.37647514471654414,32.88627384074034,0.9555788330814321,1.02,1.2352973225799343e-09,2.69770342267903,3.6465231370926827,0.0
pd,10.0,0.5,esn,1,demo_01,,1.2796897485311567e-05,0.012186527801611696,1.2808870304509576,-0.1200000000000001,True,1.03,True,0.009060436213600311,2.0,False,0.364090446091906,70.65354958291847,0.8657502014591685,1.9100000000000001,0.0017585536716008907,1.1378817512037773,0.8487712320353594,0.0
pd,10.0,0.5,replay,1,demo_01,demo_01,8.967756605981434e-10,0.007680797846911184,0.6377797165040276,-0.1100000000000001,True,1.04,False,1.993086984069969e-06,2.0,True,0.3322789160831538,70.86607225795211,0.8647372187186964,1.04,1.555380655709898e-09,1.0381657257642238,0.4935958291696543,0.0
pd,10.0,0.5,esn,2,demo_02,,3.308266472716368e-05,0.044121559247952954,1.2410115868741167,0.31999999999999984,True,1.46,True,0.006590252784639705,2.0,False,0.3342181390045351,106.08025136785659,0.971753530662806,1.92,0.0014347291353846794,2.484255389627326,3.023143115852919,0.0
pd,10.0,0.5,replay,2,demo_02,demo_02,7.78484587955261e-10,0.025707990981158172,0.4818766805696507,-0.020000000000000018,True,1.12,False,4.1058089350044635e-06,2.0,True,0.25204092745762885,101.39577953371072,0.8905540922640736,1.12,2.5226948447902014e-09,2.5345670282823516,2.894225315984318,0.0
pd,10.0,0.5,esn,3,demo_03,,2.2037546108563945e-05,0.07064464229003825,1.4951331339103437,-0.1100000000000001,True,1.0,True,0.021756590150438425,2.0,False,0.48748335148176414,78.93990192125246,0.997820702468936,3.04,0.002416064330506864,3.9051813260075847,7.533334243933768,0.0
pd,10.0,0.5,replay,3,demo_03,demo_03,3.871539095252562e-10,0.03588885527405759,0.6547392878203442,0.06999999999999984,True,1.18,False,6.986318079531845e-06,2.0,True,0.3352799316124022,72.00049360960442,0.9625321981925972,1.18,1.2713444083171183e-09,3.50056216444388,5.9763013098170505,0.0
pd,10.0,0.5,esn,4,demo_04,,1.3856756283276505e-05,0.038910264933873596,1.4780184452869116,-0.14000000000000012,True,0.98,True,0.024991108241915125,2.0,False,0.5459414411878559,48.47656155529349,1.0514015609928307,3.06,0.0037445440228279243,3.929875456718434,7.91873722870795,0.0
pd,10.0,0.5,replay,4,demo_04,demo_04,1.6218140735397627e-10,0.016645135845347794,0.726144271070566,-0.1200000000000001,True,1.0,False,7.194470196557553e-07,2.0,True,0.3783765232559954,44.74302463168224,1.0043457445587693,1.0,5.862115332564602e-10,3.3219579292819184,5.598378161203374,0.0
pd,10.0,0.5,esn,5,demo_05,,1.4903211085578547e-05,0.06485714777202534,1.5463278798451814,0.2799999999999998,True,1.43,True,0.013688919226185585,2.0,False,0.4886090238045998,39.66632809774949,1.0101825710154353,2.91,0.004546112143588043,2.421677610598369,3.344719881212998,0.0
pd,10.0,0.5,replay,5,demo_05,demo_05,4.5337307013810497e-10,0.0067337204684491826,0.6977846090974703,-0.14000000000000012,True,1.01,False,2.949870155696218e-06,2.0,True,0.35621189076079185,35.192492846887504,0.9651661160683813,1.01,1.4632392832585373e-09,2.1866396798848857,2.2436417864562914,0.0
pd,10.0,0.5,esn,6,demo_06,,2.5507716123417095e-05,0.01471742572187411,1.841297232902533,-0.13000000000000012,True,1.01,True,0.0021033633781112056,2.0,False,0.44017687342971823,66.58453254689229,0.9695865907391057,1.68,0.002763750089226917,1.1986985343592897,0.9425687610280149,0.0
pd,10.0,0.5,replay,6,demo_06,demo_06,6.605297091992135e-10,0.0063517957530964475,0.7901827217606127,-0.08000000000000007,True,1.06,False,2.210999245439034e-06,2.0,True,0.39022663077457953,61.47224529048025,0.9257182025226833,1.06,1.6552645163510063e-09,1.168434641421518,0.7960976033354598,0.0
pd,10.0,0.5,esn,7,demo_07,,1.1852341221748747e-05,0.01790467140474249,1.4537885331000906,-0.13000000000000012,True,0.98,True,0.017044331977636308,2.0,False,0.4379075061506316,55.89883883204358,1.039248020037407,2.5,0.00125656253188463,3.768088486153782,7.00362785396007,0.0
pd,10.0,0.5,replay,7,demo_07,demo_07,1.6696808183572145e-10,0.01067117442351981,0.6295175295645642,-0.06000000000000005,True,1.05,False,7.125739094478275e-08,2.0,True,0.3191170840256911,52.13113668892076,0.9610071751973758,1.05,1.4159960900667692e-09,3.233327592114318,5.053268053199105,0.0
pd,10.0,0.3,esn,0,demo_00,,1.0948821524015036e-05,0.029401336645857108,1.846868517572073,-0.14000000000000012,True,0.99,True,0.0459074979171521,2.0,False,0.7361228032704038,37.43390438768074,1.0675367380245229,4.69,0.017134543127367192,4.014595764014448,8.58973620990638,0.0
pd,10.0,0.3,replay,0,demo_00,demo_00,2.9982358156604287e-10,0.013917324187275421,0.9013898397690128,-0.14000000000000012,True,0.99,False,0.00029270529408323735,2.0,True,0.45465718356067614,32.88627384074034,1.0184746733149137,0.99,4.878234535467518e-07,3.143419001888925,4.510994521609725,0.0
pd,10.0,0.3,esn,1,demo_01,,7.826703683510146e-06,0.015079559943884473,1.4657872918419186,-0.14000000000000012,True,1.01,True,0.019685338454908347,2.0,False,0.4505393022499424,71.5411774281616,0.89179087168973,3.0100000000000002,0.007611938725953792,1.414983570912987,1.4415718953859082,0.0
pd,10.0,0.3,replay,1,demo_01,demo_01,5.605409962335451e-10,0.009494637537683858,0.7443777113118534,-0.1200000000000001,True,1.03,False,0.000174735319904353,2.0,True,0.3796082289169612,70.86607225795211,0.8836477115453624,1.03,9.29992224624541e-07,1.1515969374699546,0.6684730252540685,0.0
pd,10.0,0.3,esn,2,demo_02,,2.0979853438132746e-05,0.050021377004552475,1.5587117161635562,0.8799999999999999,True,2.02,True,0.015198969789209036,2.0000000000000004,False,0.48018345210488317,107.90559197794477,1.0150569376745817,3.0100000000000002,0.007139634627442897,2.8000659868082294,3.9161953912848997,0.0
pd,10.0,0.3,replay,2,demo_02,demo_02,4.920122283050476e-10,0.030776280968515205,0.5907613764330846,0.0,True,1.1400000000000001,False,0.00011516552835652825,2.0,True,0.30893440767338487,101.39577953371072,0.9094901703319755,1.1400000000000001,1.675670380343582e-06,2.925280790934133,3.54655342744629,0.0
pd,10.0,0.3,esn,3,demo_03,,1.3860211407829342e-05,0.08129832947532625,1.8332792371722115,-0.13000000000000012,True,0.98,True,0.049475188637198464,2.0,False,0.778496256572335,80.94542259254648,1.0433702686426682,4.72,0.016166382314935432,4.445472287226746,10.65435330306598,0.0
pd,10.0,0.3,replay,3,demo_03,demo_03,2.432178644911507e-10,0.043435808437544035,0.8673823109700993,0.07999999999999985,True,1.19,False,0.00011956305733466597,2.0,True,0.4443854208053872,72.00049360960442,1.006052673190521,1.19,6.738100978978687e-07,4.093492129175759,7.379996552872958,0.0
pd,10.0,0.3,esn,4,demo_04,,8.514034593622671e-06,0.04552915575768226,1.7845119055521692,-0.15000000000000013,True,0.97,True,0.053769531880013696,2.0,False,0.8557905984446199,49.66771201125672,1.1276443578864912,nan,0.021542356549220147,4.528082233343198,11.782286526512072,0.0
pd,10.0,0.3,replay,4,demo_04,demo_04,9.993883461340203e-11,0.022231910546782394,0.9494237078958055,-0.13000000000000012,True,0.99,True,0.00035433074463548644,2.0,False,0.4829479975041649,44.74302463168224,1.074339561748096,1.1500000000000001,3.213052874499562e-07,3.809694857150647,6.837666416293519,0.0
pd,10.0,0.3,esn,5,demo_05,,9.213570714470438e-06,0.08580012253366466,1.8797030565727297,0.8199999999999998,True,1.97,True,0.029130109303037915,2.0,False,0.7158917367889833,41.406477814095474,1.0782454747290182,4.59,0.019702805089592938,2.816555760596081,5.282697788387084,0.0
pd,10.0,0.3,replay,5,demo_05,demo_05,2.797070021805818e-10,0.00792350082710627,0.8690052129164013,-0.16000000000000014,True,0.99,False,0.00018014487357744048,2.0,True,0.4305936775935934,35.192492846887504,1.0210077364384753,0.99,8.360368746803648e-07,2.3315931664993506,2.733378439838243,0.0
pd,10.0,0.3,esn,6,demo_06,,1.572661186940145e-05,0.018471841322091637,2.182581275102935,-0.14000000000000012,True,1.0,True,0.0075921857563600315,2.0,False,0.5527052438997342,68.37021962398188,1.0276947955937594,2.2,0.005087389731869992,1.3438406455419003,1.1973071483776072,0.0
pd,10.0,0.3,replay,6,demo_06,demo_06,4.0792314972543424e-10,0.00872729396706825,0.9511008890276796,-0.09000000000000008,True,1.05,False,7.255537979998963e-05,2.0,True,0.4604140904400412,61.47224529048025,0.975668970891487,1.05,1.0108817467653171e-06,1.228147254118423,0.9066149220685333,0.0
pd,10.0,0.3,esn,7,demo_07,,7.331265825339142e-06,0.02110317380157116,1.802559801959975,-0.15000000000000013,True,0.96,True,0.03813102806811363,2.0,False,0.6484288295002824,57.19769190104969,1.1043561562445456,4.13,0.012451635124126868,4.3219881553101445,9.443597801000518,0.0
pd,10.0,0.3,replay,7,demo_07,demo_07,1.0327684300736722e-10,0.01883754631591136,0.7665018236856517,0.0,True,1.11,False,0.00012775910051735005,1.9999999999999998,True,0.38262561238546144,52.13113668892076,1.0031323180116014,1.11,9.136324081480679e-07,3.4147834310613963,5.798784893264788,0.0
pd,10.0,0.1,esn,0,demo_00,,3.989865844704952e-06,0.03476592100900118,2.202211927864941,-0.14000000000000012,True,0.99,True,0.09248156149649392,2.0,False,1.559561769570326,38.909107028032174,1.1697878353699322,nan,0.12696586088456405,5.10926974699527,21.474653309308884,0.0
pd,10.0,0.1,replay,0,demo_00,demo_00,1.0966413367098913e-10,0.026990451586671543,1.1950482482729252,0.010000000000000009,True,1.1400000000000001,True,0.007413625259985545,2.0,False,0.6875997257655473,32.88627384074034,1.1299922722196403,1.83,0.0019388307744498876,4.185864719975346,7.292566274235205,0.0
pd,10.0,0.1,esn,1,demo_01,,2.83645202076016e-06,0.01976335913982377,1.685876481362565,-0.15000000000000013,True,1.0,True,0.04413979314362706,2.0,False,0.7390205228679593,73.29893487925108,0.9283821860240555,nan,0.055589242747220304,2.031045280082456,4.206677233094518,0.0
pd,10.0,0.1,replay,1,demo_01,demo_01,2.0765886667319426e-10,0.012394488262763835,0.8625778221145063,-0.15000000000000013,True,1.0,False,0.0035263551586733567,2.0,True,0.47276322885187977,70.86607225795211,0.9006827665270726,1.0,0.0010347732335377856,1.564954756549173,1.3218749951539193,0.0
pd,10.0,0.1,esn,2,demo_02,,7.885399912678212e-06,0.08336722470775997,2.027847656462289,1.4,True,2.54,True,0.05777493695455518,2.0,False,0.9275616771571944,111.07724718043482,1.0825216153337587,nan,0.058198029144776876,3.3204028821888905,7.1748422709569795,0.0
pd,10.0,0.1,replay,2,demo_02,demo_02,1.8431304429708373e-10,0.043366301873017384,0.8327954532863837,0.010000000000000009,True,1.1500000000000001,True,0.008622057069944426,1.9999999999999998,False,0.5750710367781148,101.39577953371072,0.9367006522884335,2.09,0.0017008465813705591,3.6836669482929727,5.80243705788759,0.0
pd,10.0,0.1,esn,3,demo_03,,5.166131236107213e-06,0.0969924260818672,2.3548713937949572,-0.15000000000000013,True,0.96,True,0.11530884363307148,2.0,False,1.6938401870406723,84.29405628587409,1.1109463397360666,nan,0.12336865364231234,5.341752910798294,24.298942136816212,0.0
pd,10.0,0.1,replay,3,demo_03,demo_03,9.055139227754499e-11,0.0731997053155606,1.3248644441862578,0.07999999999999985,True,1.19,True,0.01243058046767394,2.0,False,0.8551334077002887,72.00049360960442,1.0827755302797182,2.5100000000000002,0.0029956551775320245,5.212415863050853,12.348120423946447,0.0
pd,10.0,0.1,esn,4,demo_04,,3.099957884522366e-06,0.05566699420636601,2.2628292343918863,-0.17000000000000004,True,0.9500000000000001,True,0.1183590935516516,2.0,False,1.8652814107915063,51.605760352899644,1.2553675653545564,nan,0.14137531857277522,5.54600037966869,29.69557870410519,0.0
pd,10.0,0.1,replay,4,demo_04,demo_04,3.649779139181258e-11,0.04303937460281948,1.3996756557001269,0.030000000000000027,True,1.1500000000000001,True,0.010863450838269067,1.9999999999999998,False,0.8253957909602763,44.74302463168224,1.2063861691981723,2.17,0.0025011066814438817,4.709435700343866,10.90838789417636,0.0
pd,10.0,0.1,esn,5,demo_05,,3.3754893018017478e-06,0.1374942794647222,2.4012332714409466,nan,False,nan,False,nan,0.0,False,1.470581740307956,44.370051180879884,1.1876602147700033,nan,0.10128333409772186,3.510346807723819,15.39727845628218,0.0
pd,10.0,0.1,replay,5,demo_05,demo_05,1.0226043178609499e-10,0.008551762519323498,1.1488331012372426,-0.21000000000000008,True,0.9400000000000001,True,0.00015382233719683815,2.0,False,0.6228451853324347,35.192492846887504,1.1252542978467617,1.7,0.0010479327034862156,2.960962570736245,4.2826317275604575,0.0
pd,10.0,0.1,esn,6,demo_06,,5.745827296902745e-06,0.048164368483392485,2.6960107475675703,0.11999999999999988,True,1.26,True,0.02372387842212439,2.0,False,0.796493741356516,71.30057950493558,1.1212990301604873,4.93,0.007769472799464185,1.6590530065957372,2.234104354109746,0.0
pd,10.0,0.1,replay,6,demo_06,demo_06,1.4928824191329523e-10,0.012732682071690518,1.2068535863373022,0.11999999999999988,True,1.26,False,0.0015340841948161396,2.0,True,0.6014035323724515,61.47224529048025,1.068638007427029,1.26,5.453460419321307e-05,1.3910279001717463,1.2640989506031561,0.0
pd,10.0,0.1,esn,7,demo_07,,2.6872888355583852e-06,0.026665819226064365,2.3585482110486624,-0.16000000000000003,True,0.9500000000000001,True,0.08139765521731467,2.0,False,1.3132421038563244,59.3682158520685,1.2124954488009927,nan,0.09435627450037352,5.32423461349648,18.124579519932347,0.0
pd,10.0,0.1,replay,7,demo_07,demo_07,3.785578196195097e-11,0.029077656672551397,0.995024444992375,0.08999999999999986,True,1.2,True,0.004332781928952063,2.0,False,0.5438874610125954,52.13113668892076,1.0812250441401159,1.46,0.0010638490167276058,3.9513479741060595,7.410061302745215,0.0
