start,origin,offset_q1_deg,offset_q2_deg,offset_deg,warmup_distance,distance_0.25s,distance_0.5s,distance_1s,join_time_s,phase_lead_s
0,"demo_00_filtered -15,-15 deg",-15.0,-15.0,21.213203435596423,1.2057838739872595,1.575014106877529,1.928657414629569,2.197163724649595,7.01,7.400000000000007
1,"demo_00_filtered -15,-12.5 deg",-15.0,-12.5,19.52562418976663,1.077813835844193,1.4302449845510616,1.8607706377174893,2.1825456017615013,7.01,7.400000000000007
2,"demo_00_filtered -15,-10 deg",-15.0,-10.0,18.027756377319946,0.9471044059725842,1.2212361856153524,1.749053325184539,2.1567484088136086,7.01,7.400000000000007
3,"demo_00_filtered -15,-7.5 deg",-15.0,-7.5,16.77050983124842,0.8194967860805058,0.9223815905295091,1.5342408768509794,2.1013126460206912,7.01,7.400000000000007
4,"demo_00_filtered -15,-5 deg",-15.0,-5.0,15.811388300841893,0.7029738285932778,0.5605735533992973,1.073143465490785,1.9363222388470005,7.01,7.400000000000007
5,"demo_00_filtered -15,-2.5 deg",-15.0,-2.5,15.206906325745548,0.6057876760163092,0.29191460166822325,0.3888688952224811,1.1934673962897224,7.01,7.230000000000007
6,"demo_00_filtered -15,+0 deg",-15.0,0.0,14.999999999999998,0.5354560452567279,0.19902391437374026,0.11520832772016262,0.16327091345393463,7.01,5.9900000000000055
7,"demo_00_filtered -15,+2.5 deg",-15.0,2.5,15.206906325745548,0.4969396040025291,0.1962015951469364,0.11019777931573341,0.034108919182970286,7.48,-0.39000000000000035
8,"demo_00_filtered -15,+5 deg",-15.0,5.0,15.811388300841893,0.48938254467180947,0.21081369052307672,0.1299717566764257,0.00891595656780419,8.24,-1.170000000000001
9,"demo_00_filtered -15,+7.5 deg",-15.0,7.5,16.770509831248418,0.5065475579588113,0.2247426163779501,0.1433765790918745,0.01426438696859502,8.48,-1.3900000000000012
10,"demo_00_filtered -15,+10 deg",-15.0,10.0,18.02775637731994,0.540956248033206,0.2359309787178317,0.15225508022681078,0.020867277138993882,8.6,-1.4700000000000013
11,"demo_00_filtered -15,+12.5 deg",-15.0,12.5,19.525624189766642,0.586574857128304,0.2448520831885944,0.15847441889756633,0.02557415681062133,8.65,-1.4900000000000013
12,"demo_00_filtered -15,+15 deg",-15.0,15.0,21.21320343559643,0.6390854841013538,0.2521484142228717,0.16305328406477693,0.029081458102806733,8.68,-1.5100000000000013
13,"demo_00_filtered -12.5,-15 deg",-12.5,-15.0,19.52562418976663,1.187079996677931,1.5956714116593513,1.9371618541912994,2.1988509383766597,7.01,7.400000000000007
14,"demo_00_filtered -12.5,-12.5 deg",-12.5,-12.5,17.677669529663685,1.0485353414416125,1.4547967761826388,1.8713074344420517,2.1847386677747656,7.01,7.400000000000007
15,"demo_00_filtered -12.5,-10 deg",-12.5,-10.0,16.007810593582125,0.9065033383516797,1.249773638857703,1.763179866730356,2.159833054041204,7.01,7.400000000000007
16,"demo_00_filtered -12.5,-7.5 deg",-12.5,-7.5,14.577379737113253,0.7670493664064322,0.9508687909237254,1.5547153213577793,2.106115966760773,7.01,7.400000000000007
17,"demo_00_filtered -12.5,-5 deg",-12.5,-5.0,13.462912017836258,0.6391388722229047,0.5737884814400822,1.0964834522201714,1.9433393902364977,7.01,7.400000000000007
18,"demo_00_filtered -12.5,-2.5 deg",-12.5,-2.5,12.747548783981962,0.5332620886135885,0.2811648746187687,0.383972282351644,1.1715787578364738,7.01,7.230000000000007
19,"demo_00_filtered -12.5,+0 deg",-12.5,0.0,12.5,0.46022648162646224,0.18212806647322677,0.10511865725570502,0.14017325945129808,7.01,4.120000000000004
20,"demo_00_filtered -12.5,+2.5 deg",-12.5,2.5,12.747548783981962,0.4272045396723096,0.1849565437674651,0.10929628540988985,0.026060552854766,7.7,-0.6500000000000006
21,"demo_00_filtered -12.5,+5 deg",-12.5,5.0,13.462912017836258,0.4318861713733954,0.20398376208974955,0.1309317963767842,0.008496710639680247,8.34,-1.2600000000000011
22,"demo_00_filtered -12.5,+7.5 deg",-12.5,7.5,14.577379737113246,0.4641278309424971,0.22047952657146958,0.14461250644611695,0.01699467447204868,8.540000000000001,-1.4500000000000013
23,"demo_00_filtered -12.5,+10 deg",-12.5,10.0,16.007810593582114,0.513345562844378,0.23330392504919983,0.15347890309257084,0.02338880502389974,8.64,-1.4900000000000013
24,"demo_00_filtered -12.5,+12.5 deg",-12.5,12.5,17.677669529663696,0.5720817779008821,0.2433929869688653,0.15961916423394856,0.027811078184684177,8.67,-1.5000000000000013
25,"demo_00_filtered -12.5,+15 deg",-12.5,15.0,19.525624189766642,0.6355277761810441,0.25158210691502847,0.16409464780244848,0.031070900001794355,8.700000000000001,-1.5100000000000013
26,"demo_00_filtered -10,-15 deg",-10.0,-15.0,18.027756377319943,1.1710454199612805,1.614481825877509,1.9447078807058227,2.2003146452428974,7.01,7.400000000000007
27,"demo_00_filtered -10,-12.5 deg",-10.0,-12.5,16.00781059358212,1.021149720954486,1.4768358788968343,1.8802880996870155,2.186554404822585,7.01,7.400000000000007
28,"demo_00_filtered -10,-10 deg",-10.0,-10.0,14.142135623730953,0.8668143011428817,1.2755095520522157,1.7748060438771323,2.1622583024562316,7.01,7.400000000000007
29,"demo_00_filtered -10,-7.5 deg",-10.0,-7.5,12.500000000000002,0.7141520662970536,0.977640496661459,1.571385822356143,2.1096537703937757,7.01,7.400000000000007
30,"demo_00_filtered -10,-5 deg",-10.0,-5.0,11.180339887498945,0.5729189561401381,0.5877417488859573,1.1170343734111499,1.9477943256452581,7.01,7.400000000000007
31,"demo_00_filtered -10,-2.5 deg",-10.0,-2.5,10.30776406404415,0.4561583345052008,0.2693916397468898,0.38026854012468075,1.1488515115883005,7.01,7.230000000000007
32,"demo_00_filtered -10,+0 deg",-10.0,0.0,10.0,0.37957283709977263,0.1618045773247155,0.09443750488616867,0.1201398069055657,7.01,3.440000000000003
33,"demo_00_filtered -10,+2.5 deg",-10.0,2.5,10.30776406404415,0.3546800651487647,0.17200266021050836,0.10816349115363023,0.01869244496494503,7.91,-0.8600000000000008
34,"demo_00_filtered -10,+5 deg",-10.0,5.0,11.180339887498945,0.37657769156116905,0.1965720390900702,0.1316818062005394,0.010409646330590027,8.43,-1.3500000000000012
35,"demo_00_filtered -10,+7.5 deg",-10.0,7.5,12.499999999999995,0.42799998286241914,0.21619170448600067,0.14569564205625612,0.01989597931596958,8.6,-1.4700000000000013
36,"demo_00_filtered -10,+10 deg",-10.0,10.0,14.142135623730942,0.49415370199198155,0.2309660345504975,0.1545855534579255,0.02592870638966,8.66,-1.5000000000000013
37,"demo_00_filtered -10,+12.5 deg",-10.0,12.5,16.00781059358213,0.5665179084608607,0.24239543082585502,0.16065858024936489,0.030023679726386598,8.69,-1.5100000000000013
38,"demo_00_filtered -10,+15 deg",-10.0,15.0,18.027756377319953,0.6402110229215311,0.2515380630428737,0.16502748924248184,0.03300188984966924,8.71,-1.5200000000000014
39,"demo_00_filtered -7.5,-15 deg",-7.5,-15.0,16.770509831248418,1.1590623487437495,1.631166750959052,1.9511548991099388,2.201524630042571,7.01,7.400000000000007
40,"demo_00_filtered -7.5,-12.5 deg",-7.5,-12.5,14.57737973711325,0.9973862389283707,1.4956713088853213,1.8873532417110346,2.187909376961595,7.01,7.400000000000007
41,"demo_00_filtered -7.5,-10 deg",-7.5,-10.0,12.500000000000002,0.8300849086454862,1.2971598763374885,1.7831576480804276,2.163820747451279,7.01,7.400000000000007
42,"demo_00_filtered -7.5,-7.5 deg",-7.5,-7.5,10.606601717798215,0.6630901958263385,1.0007727032656126,1.5824448978098047,2.111348430397357,7.01,7.400000000000007
43,"demo_00_filtered -7.5,-5 deg",-7.5,-5.0,9.01387818865997,0.5064747600075161,0.6013007489106416,1.131323161584704,1.9475813747591841,7.01,7.400000000000007
44,"demo_00_filtered -7.5,-2.5 deg",-7.5,-2.5,7.905694150420946,0.3755634961079764,0.25684089584724823,0.377151814971101,1.1216167378123805,7.01,7.250000000000006
45,"demo_00_filtered -7.5,+0 deg",-7.5,0.0,7.499999999999999,0.2933712075043886,0.1369590384526419,0.08252553006539234,0.10259406284505047,7.01,1.8400000000000016
46,"demo_00_filtered -7.5,+2.5 deg",-7.5,2.5,7.905694150420946,0.28118424365607964,0.1572898786862658,0.10664811005102678,0.01191483581768793,8.1,-1.040000000000001
47,"demo_00_filtered -7.5,+5 deg",-7.5,5.0,9.01387818865997,0.32777863031577453,0.18889337325220815,0.1321802207050565,0.013515231868839272,8.51,-1.4200000000000013
48,"demo_00_filtered -7.5,+7.5 deg",-7.5,7.5,10.606601717798206,0.4023718937892509,0.21224301236694645,0.1466054562247589,0.022858525262866965,8.64,-1.4900000000000013
49,"demo_00_filtered -7.5,+10 deg",-7.5,10.0,12.499999999999991,0.4861981108053003,0.22923324973420534,0.15555312453809228,0.02844106514602035,8.68,-1.5100000000000013
50,"demo_00_filtered -7.5,+12.5 deg",-7.5,12.5,14.57737973711326,0.5711236250210444,0.2420794597603029,0.16156619017427143,0.03216769833799063,8.71,-1.5200000000000014
51,"demo_00_filtered -7.5,+15 deg",-7.5,15.0,16.77050983124843,0.6531173251365138,0.25212952695707896,0.16582769355936702,0.034835832413373145,8.73,-1.5200000000000014
52,"demo_00_filtered -5,-15 deg",-5.0,-15.0,15.811388300841893,1.1526179656667639,1.6454363532497047,1.956334368006947,2.2024422240605914,7.01,7.400000000000007
53,"demo_00_filtered -5,-12.5 deg",-5.0,-12.5,13.462912017836258,0.9793313689071013,1.5105209280124032,1.8920362021911596,2.188689312678011,7.01,7.400000000000007
54,"demo_00_filtered -5,-10 deg",-5.0,-10.0,11.18033988749895,0.7990609329209807,1.3131919043642606,1.787170276728352,2.164220323749411,7.01,7.400000000000007
55,"demo_00_filtered -5,-7.5 deg",-5.0,-7.5,9.013878188659977,0.6173621397836048,1.017830237087086,1.5853744986906582,2.1102900433230407,7.01,7.400000000000007
56,"demo_00_filtered -5,-5 deg",-5.0,-5.0,7.071067811865472,0.4438170085071304,0.6127030358504009,1.1343948250198277,1.9391331365337898,7.01,7.400000000000007
57,"demo_00_filtered -5,-2.5 deg",-5.0,-2.5,5.590169943749474,0.29419252365200665,0.2444029431863005,0.37335659567418,1.0830661010258602,7.01,7.2800000000000065
58,"demo_00_filtered -5,+0 deg",-5.0,0.0,5.000000000000001,0.20146635211033284,0.10616632116706738,0.06849920245737498,0.08703895542137774,7.0,1.3100000000000012
59,"demo_00_filtered -5,+2.5 deg",-5.0,2.5,5.590169943749474,0.21159784659169534,0.1412518753750371,0.10462418010800091,0.005865503943989755,8.26,-1.190000000000001
60,"demo_00_filtered -5,+5 deg",-5.0,5.0,7.071067811865472,0.29269709624357587,0.18159980483665503,0.1323851926304633,0.017043037395709733,8.58,-1.4700000000000013
61,"demo_00_filtered -5,+7.5 deg",-5.0,7.5,9.013878188659966,0.391836260030051,0.20915381795369473,0.147310644047076,0.02579893198908094,8.67,-1.5000000000000013
62,"demo_00_filtered -5,+10 deg",-5.0,10.0,11.18033988749894,0.4913522648606674,0.2284452291866822,0.15634785940375656,0.030870432752207196,8.700000000000001,-1.5200000000000014
63,"demo_00_filtered -5,+12.5 deg",-5.0,12.5,13.46291201783627,0.5859489586318665,0.2426138721924921,0.16231130988644257,0.03419766946547182,8.73,-1.5200000000000014
64,"demo_00_filtered -5,+15 deg",-5.0,15.0,15.811388300841905,0.6735145949150252,0.25340629651090035,0.16647564212686908,0.03654433081762784,8.74,-1.5300000000000014
65,"demo_00_filtered -2.5,-15 deg",-2.5,-15.0,15.206906325745546,1.153152343024223,1.6570342363493622,1.960058579242409,2.203019436316026,7.01,7.400000000000007
66,"demo_00_filtered -2.5,-12.5 deg",-2.5,-12.5,12.74754878398196,0.9692689521442341,1.520542365362634,1.893729519586512,2.1887331392260436,7.01,7.400000000000007
67,"demo_00_filtered -2.5,-10 deg",-2.5,-10.0,10.307764064044154,0.7771239819049685,1.321848192631647,1.7853339289972707,2.162987107423254,7.01,7.400000000000007
68,"demo_00_filtered -2.5,-7.5 deg",-2.5,-7.5,7.905694150420953,0.581944067649831,1.0260166599230558,1.5765530602337956,2.104914842321005,7.01,7.400000000000007
69,"demo_00_filtered -2.5,-5 deg",-2.5,-5.0,5.59016994374947,0.39208252069767546,0.6198279842663812,1.1196926300115069,1.9158560256051498,7.01,7.400000000000007
70,"demo_00_filtered -2.5,-2.5 deg",-2.5,-2.5,3.535533905932736,0.2195866606196055,0.234493416063064,0.36705484538169286,1.0227635596502076,7.01,7.400000000000007
71,"demo_00_filtered -2.5,+0 deg",-2.5,0.0,2.5000000000000004,0.10370027500036359,0.06768964866875431,0.05117845647795875,0.07317917613613847,6.97,0.7600000000000007
72,"demo_00_filtered -2.5,+2.5 deg",-2.5,2.5,3.535533905932736,0.16016149200292776,0.125533677984255,0.10202248943570366,0.0032766568773839153,8.39,-1.3100000000000012
73,"demo_00_filtered -2.5,+5 deg",-2.5,5.0,5.59016994374947,0.2807777948145699,0.17580462048188217,0.13225014703066715,0.020644106923812938,8.64,-1.4900000000000013
74,"demo_00_filtered -2.5,+7.5 deg",-2.5,7.5,7.90569415042094,0.3996270574341081,0.20754607844440506,0.14776448534340472,0.028634479958863424,8.69,-1.5100000000000013
75,"demo_00_filtered -2.5,+10 deg",-2.5,10.0,10.307764064044141,0.5097979069105237,0.22888785279207371,0.15692762134665805,0.03315972180366587,8.72,-1.5200000000000014
76,"demo_00_filtered -2.5,+12.5 deg",-2.5,12.5,12.747548783981973,0.6100661696544051,0.24408371147929867,0.16286571144294076,0.036079260140623445,8.75,-1.5300000000000014
77,"demo_00_filtered -2.5,+15 deg",-2.5,15.0,15.206906325745557,0.7004216909283599,0.25536139218216414,0.166957819196849,0.03811355529121263,8.76,-1.5300000000000014
78,"demo_00_filtered +0,-15 deg",0.0,-15.0,14.999999999999996,1.1619180173190617,1.6658271298633867,1.962142546689291,2.20319822992724,7.01,7.400000000000007
79,"demo_00_filtered +0,-12.5 deg",0.0,-12.5,12.499999999999998,0.9694415313718829,1.5249189818005726,1.891639285299098,2.1878041007900872,7.01,7.400000000000007
80,"demo_00_filtered +0,-10 deg",0.0,-10.0,10.000000000000002,0.7680043606409196,1.321273457049762,1.7754373958547571,2.1593290770695055,7.01,7.400000000000007
81,"demo_00_filtered +0,-7.5 deg",0.0,-7.5,7.500000000000004,0.5630702906568633,1.0226525560925446,1.5506449129791409,2.0922277948628163,7.01,7.400000000000007
82,"demo_00_filtered +0,-5 deg",0.0,-5.0,4.999999999999995,0.36240191481966066,0.6212145246321454,1.0797104251885532,1.8641835257027815,7.01,7.400000000000007
83,"demo_00_filtered +0,-2.5 deg",0.0,-2.5,2.4999999999999973,0.1733310421452572,0.23248727394387275,0.3569173668616808,0.928668906542885,7.01,7.400000000000007
84,demo_00_filtered,0.0,0.0,0.0,0.0,0.01976049592017087,0.02907001318924543,0.06114085049583839,6.86,0.19000000000000017
85,"demo_00_filtered +0,+2.5 deg",0.0,2.5,2.4999999999999973,0.15688861577459343,0.1143047547188882,0.0989071600396177,0.0075714404677881915,8.5,-1.4100000000000013
86,"demo_00_filtered +0,+5 deg",0.0,5.0,4.999999999999995,0.298459116675388,0.17307744259972416,0.1317245181435104,0.024117376448556323,8.68,-1.5000000000000013
87,"demo_00_filtered +0,+7.5 deg",0.0,7.5,7.499999999999991,0.4259538286936209,0.20802028248672408,0.14790795379693691,0.031283395730579505,8.72,-1.5200000000000014
88,"demo_00_filtered +0,+10 deg",0.0,10.0,9.99999999999999,0.5402397398989576,0.2307380482426699,0.15724958735030495,0.035264200022753926,8.74,-1.5300000000000014
89,"demo_00_filtered +0,+12.5 deg",0.0,12.5,12.50000000000001,0.6421978249406992,0.24649836906567243,0.16320617438767132,0.037795000081247365,8.76,-1.5300000000000014
90,"demo_00_filtered +0,+15 deg",0.0,15.0,15.000000000000009,0.7329451569726506,0.2579543576626051,0.16726414690360158,0.03954180082899908,8.78,-1.5400000000000014
91,"demo_00_filtered +2.5,-15 deg",2.5,-15.0,15.206906325745546,1.1798980120544444,1.6719267368998094,1.9624268210240718,2.202904908730367,7.01,7.400000000000007
92,"demo_00_filtered +2.5,-12.5 deg",2.5,-12.5,12.74754878398196,0.9817783560211656,1.5230263501741985,1.8847036265280048,2.1855281743696,7.01,7.400000000000007
93,"demo_00_filtered +2.5,-10 deg",2.5,-10.0,10.307764064044154,0.7751811728853588,1.3098708252582496,1.754138053612998,2.151777928608212,7.01,7.400000000000007
94,"demo_00_filtered +2.5,-7.5 deg",2.5,-7.5,7.905694150420953,0.5668926992185666,1.0063145507294609,1.4999478467528873,2.065691417552656,7.01,7.400000000000007
95,"demo_00_filtered +2.5,-5 deg",2.5,-5.0,5.59016994374947,0.36687930704494537,0.6181504349658657,1.0092622928702515,1.7542225888580287,7.01,7.400000000000007
96,"demo_00_filtered +2.5,-2.5 deg",2.5,-2.5,3.535533905932736,0.19045979119867082,0.24722399343157478,0.344896674051388,0.7954304188294845,7.01,7.100000000000007
97,"demo_00_filtered +2.5,+0 deg",2.5,0.0,2.5000000000000004,0.1094794049852888,0.039540787043425,0.0014138063774619377,0.051856343521429704,7.09,-0.30000000000000027
98,"demo_00_filtered +2.5,+2.5 deg",2.5,2.5,3.535533905932736,0.21101294355459144,0.11486812228926416,0.09564046298742007,0.012603800310717884,8.6,-1.4800000000000013
99,"demo_00_filtered +2.5,+5 deg",2.5,5.0,5.59016994374947,0.3436641496304406,0.17516345152251495,0.1307713507839562,0.027307948847353904,8.700000000000001,-1.5200000000000014
100,"demo_00_filtered +2.5,+7.5 deg",2.5,7.5,7.90569415042094,0.46833065967520493,0.21104099394326759,0.1476812921998377,0.033679039690562795,8.74,-1.5300000000000014
101,"demo_00_filtered +2.5,+10 deg",2.5,10.0,10.307764064044141,0.5808418829428178,0.23407238100431335,0.15727473525387617,0.03715885208744949,8.77,-1.5300000000000014
102,"demo_00_filtered +2.5,+12.5 deg",2.5,12.5,12.747548783981973,0.6812128465482099,0.24982796350237763,0.1633117828406072,0.039341528124701736,8.78,-1.5400000000000014
103,"demo_00_filtered +2.5,+15 deg",2.5,15.0,15.206906325745557,0.7704146422664218,0.2611370213350212,0.16738388530544426,0.04083457836456065,8.8,-1.5400000000000014
104,"demo_00_filtered +5,-15 deg",5.0,-15.0,15.811388300841893,1.207776337272879,1.675791298083938,1.960761059481054,2.2020251969120928,7.01,7.400000000000007
105,"demo_00_filtered +5,-12.5 deg",5.0,-12.5,13.462912017836258,1.0076266603378596,1.5146979326233225,1.8714123879136597,2.181243596790321,7.01,7.400000000000007
106,"demo_00_filtered +5,-10 deg",5.0,-10.0,11.18033988749895,0.8010346568598601,1.2871399608456082,1.7163025859794068,2.1372565767947433,7.01,7.400000000000007
107,"demo_00_filtered +5,-7.5 deg",5.0,-7.5,9.013878188659977,0.5970807812751538,0.9790821576040513,1.415258117993682,2.0088020403567852,7.01,7.400000000000007
108,"demo_00_filtered +5,-5 deg",5.0,-5.0,7.071067811865472,0.410143969923846,0.6171513119771581,0.9142336548548674,1.5342973563464128,7.01,7.400000000000007
109,"demo_00_filtered +5,-2.5 deg",5.0,-2.5,5.590169943749474,0.26673650475613003,0.2868192691309696,0.3393584827034246,0.639435792386251,7.01,2.8900000000000023
110,"demo_00_filtered +5,+0 deg",5.0,0.0,5.000000000000001,0.22421361502524126,0.10966303478602088,0.036353116439774937,0.04745406024467648,7.73,-0.7100000000000006
111,"demo_00_filtered +5,+2.5 deg",5.0,2.5,5.590169943749474,0.2964485405361715,0.13342139411842446,0.09320405234641875,0.01723914163114867,8.66,-1.5000000000000013
112,"demo_00_filtered +5,+5 deg",5.0,5.0,7.071067811865472,0.40894975783670034,0.18351390687061833,0.12941825509193913,0.030096278075204437,8.73,-1.5300000000000014
113,"demo_00_filtered +5,+7.5 deg",5.0,7.5,9.013878188659966,0.523471308741961,0.21693296980495402,0.14703844890348147,0.0357788825938331,8.77,-1.5300000000000014
114,"demo_00_filtered +5,+10 deg",5.0,10.0,11.18033988749894,0.6300036229337616,0.23893057528960915,0.15696703845962434,0.0388349227541951,8.790000000000001,-1.5400000000000014
115,"demo_00_filtered +5,+12.5 deg",5.0,12.5,13.46291201783627,0.7263178543144748,0.25404699979631284,0.16315930699780176,0.04072319684903323,8.8,-1.5400000000000014
116,"demo_00_filtered +5,+15 deg",5.0,15.0,15.811388300841905,0.8124005124596313,0.2648753041122417,0.1673017937334877,0.04200009646536716,8.81,-1.5400000000000014
117,"demo_00_filtered +7.5,-15 deg",7.5,-15.0,16.770509831248418,1.2459130423179403,1.6782297066959098,1.9568745642460457,2.2003276741458007,7.01,7.400000000000007
118,"demo_00_filtered +7.5,-12.5 deg",7.5,-12.5,14.57737973711325,1.047526421108786,1.5006409277847872,1.849432965276263,2.173602124910197,7.01,7.400000000000007
119,"demo_00_filtered +7.5,-10 deg",7.5,-10.0,12.500000000000002,0.8461112059282805,1.255408196772894,1.654571296942873,2.1082879106429444,7.01,7.400000000000007
120,"demo_00_filtered +7.5,-7.5 deg",7.5,-7.5,10.606601717798217,0.6530914618816779,0.94959552590533,1.2942165893263338,1.8763194944944448,7.01,7.400000000000007
121,"demo_00_filtered +7.5,-5 deg",7.5,-5.0,9.013878188659971,0.48601091269415764,0.6295613486882197,0.8207019761190426,1.2262761982634725,7.01,5.840000000000005
122,"demo_00_filtered +7.5,-2.5 deg",7.5,-2.5,7.905694150420948,0.37200597710260014,0.3514229491251358,0.3520623202824021,0.5026986822687671,nan,-0.18000000000000016
123,"demo_00_filtered +7.5,+0 deg",7.5,0.0,7.500000000000001,0.3433020572358715,0.18918877973136786,0.08215172549044794,0.05068909585211044,8.040000000000001,-0.9800000000000009
124,"demo_00_filtered +7.5,+2.5 deg",7.5,2.5,7.905694150420948,0.39583080571628515,0.16943948908322795,0.0937182864959709,0.021396518897051693,8.700000000000001,-1.5100000000000013
125,"demo_00_filtered +7.5,+5 deg",7.5,5.0,9.013878188659971,0.48763213706630515,0.19902805924948447,0.12786482814095324,0.03240734791209699,8.76,-1.5300000000000014
126,"demo_00_filtered +7.5,+7.5 deg",7.5,7.5,10.606601717798208,0.5886929597624128,0.2260023555898681,0.14596669145899901,0.03755956220000476,8.790000000000001,-1.5400000000000014
127,"demo_00_filtered +7.5,+10 deg",7.5,10.0,12.499999999999993,0.6866114618292245,0.2454017627234303,0.15629293544168166,0.040291005027142716,8.81,-1.5400000000000014
128,"demo_00_filtered +7.5,+12.5 deg",7.5,12.5,14.577379737113262,0.7770288704587468,0.25917573880069417,0.16271984878357404,0.04194583312975379,8.82,-1.5400000000000014
129,"demo_00_filtered +7.5,+15 deg",7.5,15.0,16.770509831248432,0.8586558580548118,0.2691676430272562,0.16699532489292296,0.04304575225413408,8.83,-1.5400000000000014
130,"demo_00_filtered +10,-15 deg",10.0,-15.0,18.027756377319943,1.2942904252880785,1.6802960967445995,1.950064235410661,2.1972718284840185,7.01,7.400000000000007
131,"demo_00_filtered +10,-12.5 deg",10.0,-12.5,16.007810593582118,1.1011148379730524,1.4831983336881955,1.8151305228315837,2.159454623346475,7.01,7.400000000000007
132,"demo_00_filtered +10,-10 deg",10.0,-10.0,14.142135623730951,0.9090015802505113,1.222548860001209,1.5624441066128085,2.0439523909499604,7.01,7.400000000000007
133,"demo_00_filtered +10,-7.5 deg",10.0,-7.5,12.500000000000002,0.730813443883101,0.9335632369372284,1.1624135449938429,1.5977799488429594,7.01,7.400000000000007
134,"demo_00_filtered +10,-5 deg",10.0,-5.0,11.180339887498945,0.584213701534451,0.6647344082205668,0.761545050607407,0.9819876912867916,nan,-0.9000000000000008
135,"demo_00_filtered +10,-2.5 deg",10.0,-2.5,10.30776406404415,0.4905156265057211,0.4329636167376502,0.3873268444176394,0.42066158919945523,nan,-0.2200000000000002
136,"demo_00_filtered +10,+0 deg",10.0,0.0,9.999999999999998,0.46567532401997125,0.2748949330993541,0.13715297782020727,0.06325418792009267,8.21,-1.140000000000001
137,"demo_00_filtered +10,+2.5 deg",10.0,2.5,10.30776406404415,0.5026068943498317,0.2187246223558566,0.10085645688306798,0.025459617839082845,8.73,-1.5200000000000014
138,"demo_00_filtered +10,+5 deg",10.0,5.0,11.180339887498945,0.5755844619781347,0.22223751615950582,0.1266993694475516,0.034216239995473324,8.790000000000001,-1.5400000000000014
139,"demo_00_filtered +10,+7.5 deg",10.0,7.5,12.499999999999993,0.6621667209811936,0.23871502509477022,0.14453251926139332,0.03900468304654079,8.82,-1.5400000000000014
140,"demo_00_filtered +10,+10 deg",10.0,10.0,14.142135623730942,0.7499047892661866,0.2537147802411656,0.1552302229729541,0.04152398134426345,8.83,-1.5400000000000014
141,"demo_00_filtered +10,+12.5 deg",10.0,12.5,16.00781059358213,0.8330004785831681,0.2653213737843741,0.16195979148758063,0.04301172340172918,8.84,-1.5500000000000014
142,"demo_00_filtered +10,+15 deg",10.0,15.0,18.027756377319953,0.9089807929098693,0.27406445052492895,0.1664340725346971,0.043975475743294,8.84,-1.5500000000000014
143,"demo_00_filtered +12.5,-15 deg",12.5,-15.0,19.525624189766635,1.3524347214190375,1.683273049182558,1.9388033817261894,2.1915884659934215,7.01,7.400000000000007
144,"demo_00_filtered +12.5,-12.5 deg",12.5,-12.5,17.67766952966369,1.1672340488315438,1.4676593132951836,1.7643154966231187,2.1306889241731475,7.01,7.400000000000007
145,"demo_00_filtered +12.5,-10 deg",12.5,-10.0,16.007810593582125,0.9869700344012673,1.2032832280264445,1.4501867303514897,1.8913023522049663,7.01,7.400000000000007
146,"demo_00_filtered +12.5,-7.5 deg",12.5,-7.5,14.577379737113255,0.8247688627107432,0.946145805649867,1.0710003092441704,1.3029071365308653,7.82,0.30000000000000027
147,"demo_00_filtered +12.5,-5 deg",12.5,-5.0,13.46291201783626,0.6961348760516898,0.7225659160938792,0.7473892457381559,0.8378430241646083,nan,-0.7100000000000006
148,"demo_00_filtered +12.5,-2.5 deg",12.5,-2.5,12.747548783981964,0.6155745670017535,0.5219491424083536,0.439718466554313,0.39492670392136014,7.48,0.3600000000000003
149,"demo_00_filtered +12.5,+0 deg",12.5,0.0,12.500000000000002,0.5903413105048012,0.3636030030307758,0.20082643151684842,0.08620203175934851,8.27,-1.200000000000001
150,"demo_00_filtered +12.5,+2.5 deg",12.5,2.5,12.747548783981964,0.6141456186951173,0.2779466752480883,0.11917159472010345,0.030636809419439068,8.75,-1.5300000000000014
151,"demo_00_filtered +12.5,+5 deg",12.5,5.0,13.46291201783626,0.6704208760912002,0.2536560510791377,0.1273150198272395,0.03557897455256328,8.82,-1.5400000000000014
152,"demo_00_filtered +12.5,+7.5 deg",12.5,7.5,14.577379737113247,0.7425468164737566,0.25585188134234554,0.14299732679891977,0.04009638768179085,8.84,-1.5500000000000014
153,"demo_00_filtered +12.5,+10 deg",12.5,10.0,16.007810593582118,0.8191603916651053,0.26432820522581785,0.15380083242624273,0.042522148341610354,8.85,-1.5500000000000014
154,"demo_00_filtered +12.5,+12.5 deg",12.5,12.5,17.6776695296637,0.8937756990874938,0.2727261265315858,0.16085141943029613,0.04391587553395233,8.85,-1.5500000000000014
155,"demo_00_filtered +12.5,+15 deg",12.5,15.0,19.525624189766646,0.963035305338447,0.2796946898926863,0.1655840060168021,0.04478783195318387,8.85,-1.5500000000000014
156,"demo_00_filtered +15,-15 deg",15.0,-15.0,21.213203435596423,1.4193575856198966,1.6891055532445496,1.9210282910165812,2.1805287756429714,7.01,7.400000000000007
157,"demo_00_filtered +15,-12.5 deg",15.0,-12.5,19.52562418976663,1.244183487749562,1.4629637342949746,1.6989570130193572,2.0675667755342166,7.01,7.400000000000007
158,"demo_00_filtered +15,-10 deg",15.0,-10.0,18.027756377319946,1.0768702903836596,1.2128258331699657,1.361638979984941,1.6491941600296587,7.01,7.190000000000007
159,"demo_00_filtered +15,-7.5 deg",15.0,-7.5,16.77050983124842,0.9299125009794393,0.9905272440573512,1.041931399242292,1.146186775917478,nan,-0.9000000000000008
160,"demo_00_filtered +15,-5 deg",15.0,-5.0,15.811388300841893,0.8158438669414809,0.7958031805334073,0.7688891742714216,0.7747086156218096,nan,-0.6500000000000006
161,"demo_00_filtered +15,-2.5 deg",15.0,-2.5,15.206906325745548,0.7437193435480257,0.6124737044998511,0.5028546151833286,0.4108537687934266,6.97,1.130000000000001
162,"demo_00_filtered +15,+0 deg",15.0,0.0,14.999999999999998,0.7164106824963183,0.453166726116633,0.2723456760352416,0.12180984843718883,8.2,-1.130000000000001
163,"demo_00_filtered +15,+2.5 deg",15.0,2.5,15.206906325745548,0.7289928974166401,0.34508594513248664,0.15214023943336688,0.03953854118563344,8.76,-1.5300000000000014
164,"demo_00_filtered +15,+5 deg",15.0,5.0,15.811388300841893,0.7704398763311793,0.2938630534827519,0.13251372773451445,0.03677737338411331,8.84,-1.5500000000000014
165,"demo_00_filtered +15,+7.5 deg",15.0,7.5,16.770509831248418,0.8285009024144113,0.278557079830017,0.14207266865418255,0.040825294248786934,8.86,-1.5500000000000014
166,"demo_00_filtered +15,+10 deg",15.0,10.0,18.02775637731994,0.8933889649599351,0.2780082484697456,0.15215372059961338,0.04326271771637933,8.86,-1.5500000000000014
167,"demo_00_filtered +15,+12.5 deg",15.0,12.5,19.525624189766642,0.9585789427064526,0.2818251730952483,0.15940318452656857,0.04464383032704831,8.870000000000001,-1.5500000000000014
168,"demo_00_filtered +15,+15 deg",15.0,15.0,21.21320343559643,1.0202004005332317,0.28630329240642605,0.16442069966892528,0.045474904234220515,8.870000000000001,-1.5500000000000014
