input_scaling,spectral_radius,runs,failures,worst_path_rmse_m,mean_path_rmse_m,latest_arrival_s,computed_torque_w20_z0.1_path_rmse_m,computed_torque_w20_z0.1_reference_path_rmse_m,computed_torque_w20_z0.1_tip_error_m,computed_torque_w20_z0.1_arrival_time_s,computed_torque_w20_z0.1_first_step_m,computed_torque_w20_z0.1_detour_m,computed_torque_w20_z0.1_peak_torque_nm,pd_w20_z0.1_path_rmse_m,pd_w20_z0.1_reference_path_rmse_m,pd_w20_z0.1_tip_error_m,pd_w20_z0.1_arrival_time_s,pd_w20_z0.1_first_step_m,pd_w20_z0.1_detour_m,pd_w20_z0.1_peak_torque_nm
0.03,0.5,2,2,0.042776074294943324,0.04269989732011931,nan,0.042776074294943324,0.04277485307176462,0.12605330037822812,nan,0.0004734690910012595,0.08699171012300927,3.9060275915443197,0.04262372034529529,0.042617618661503244,0.1303089940772146,nan,7.892249039938838e-05,0.08866376797173067,0.5826060634208752
0.03,0.7,2,2,0.04189391678487732,0.041860476013704725,nan,0.04189391678487732,0.041892935731200065,0.11664131821426578,nan,0.0003273998339541791,0.06934321761827411,2.6078528878963003,0.04182703524253214,0.04182930253579113,0.1207165502197063,nan,6.722699859145769e-05,0.07041064468885114,0.44604746278053015
0.03,0.85,2,2,0.04443402654012452,0.04426347044264669,nan,0.044092914345168856,0.04409223968914519,0.11157180284388336,nan,0.0005231023407934749,0.06714885737829138,0.36889869052708024,0.04443402654012452,0.04441886295120046,0.11581639568905476,nan,5.236534698552969e-05,0.0675531818151258,0.2064186882363659
0.03,0.95,2,2,0.04804141454280791,0.04764504231239815,20.94,0.04724867008198838,0.047248386209416786,0.11622055562789127,20.87,0.0015524699803796547,0.0714701908237844,4.90706205831837,0.04804141454280791,0.048025513300162706,0.12110764715635781,20.94,3.6551402821270904e-05,0.07285454441205448,0.21230697294765857
0.03,0.99,2,1,0.04868568043248012,0.048212505356346295,19.900000000000002,0.04773933028021247,0.04773858184620123,0.12290307669954616,19.900000000000002,0.002211808460023125,0.07253934962935853,7.995810981683392,0.04868568043248012,0.04867019217713457,0.1282036870098891,13.780000000000001,2.915771203716921e-05,0.07404673913578691,0.4802917203399436
0.1,0.5,2,0,0.021219046146220943,0.02110145049313403,17.0,0.021219046146220943,0.021217791258276608,0.14436761205529633,16.72,0.0002906002976386462,0.03523963324483139,0.1925423169362367,0.02098385484004712,0.020960040956591635,0.15264779365571435,17.0,3.136997129366536e-05,0.03696930222016134,0.13101420203116926
0.1,0.7,2,0,0.045927886278169926,0.04540448566345346,16.88,0.044881085048736995,0.044879855869208146,0.16719417896460487,16.6,0.0003284939054986004,0.062639351473941,0.48359910174390636,0.045927886278169926,0.045908996837856125,0.17710395733516957,16.88,2.1447955815019377e-05,0.0644695649223307,0.04944399327403521
0.1,0.85,2,0,0.08372919614299525,0.08237781675748176,16.41,0.0810264373719683,0.08102557861565672,0.21618515246896614,16.03,0.0003657588987294111,0.11813707480661022,0.8280478674840248,0.08372919614299525,0.08371409096538536,0.2280818308962785,16.41,1.6825116343984366e-05,0.12250201743054895,0.04107252919443728
0.1,0.95,2,2,0.20798332619347576,0.2078694960593469,nan,0.20798332619347576,0.2079838596731779,0.4580091709357803,nan,0.00040378119744379095,0.27668898017728594,1.1441977745602339,0.20775566592521805,0.2077706173184539,0.4606746274377196,nan,1.282209260823998e-05,0.2766401620927029,0.04540965055670217
0.1,0.99,2,2,0.3206008346155059,0.31873806019957973,nan,0.3206008346155059,0.3206002920140215,0.7158972498913688,nan,0.0003792539400817923,0.1921343280224115,1.1948423438194369,0.3168752857836536,0.31691122413416983,0.7106472332048641,nan,9.049655976584476e-06,0.19595748027668922,0.05099733971584066
0.3,0.5,2,2,0.01986698371873626,0.01899386665809593,nan,0.01986698371873626,0.019866858309803292,0.2625069999320313,nan,0.00012264948451238817,0.10569625186766499,0.08973959173263533,0.018120749597455604,0.018099541062785246,0.2716522726448771,nan,1.1646626440991242e-05,0.097719105079411,0.04388957238600297
0.3,0.7,2,2,0.0595946901055557,0.05540290629477791,nan,0.0595946901055557,0.05959520031321108,0.3541320115246814,nan,9.522661192727179e-05,0.2991133119140323,0.0670651414961398,0.05121112248400013,0.051210454493185516,0.36099578779025476,nan,9.545445694888217e-06,0.2695333626026227,0.03765584823159368
0.3,0.85,2,2,0.1651530141775794,0.1643795754485789,nan,0.1651530141775794,0.16515361467718206,0.4067165740366104,nan,8.33917852638543e-05,0.6083006385214067,0.05778227731573524,0.1636061367195784,0.16369828243865092,0.397655888561467,nan,8.5372001417885e-06,0.608616717151539,0.03424910280103854
0.3,0.95,2,2,0.2701548317074389,0.2680867356031217,nan,0.2701548317074389,0.27015539655484944,0.4287241078678124,nan,7.573995834240833e-05,0.652227169859919,0.05187795259999414,0.2660186394988045,0.2660878693630526,0.42371550861262997,nan,7.865601087889767e-06,0.6532556893401715,0.03346392953439503
0.3,0.99,2,2,0.22837255213182367,0.22667053594006803,nan,0.2249685197483124,0.22497071861773896,0.4023002076633994,nan,6.716280245558555e-05,0.5548944627289283,0.04764655936331027,0.22837255213182367,0.2284154118133072,0.40302368577817493,nan,7.541542730105974e-06,0.5594067484651409,0.04160233878727053
0.6,0.5,2,2,0.051731775188124045,0.051261976040238355,nan,0.051731775188124045,0.05173301391903445,0.3813965050191183,nan,7.670739026165034e-05,0.25760967245349947,0.05984880871815141,0.05079217689235266,0.050808324479859765,0.3902014109358394,nan,6.52816445231389e-06,0.2578993516487573,0.023995903535127178
0.6,0.7,2,2,0.02907475758002268,0.027939084284155466,nan,0.02907475758002268,0.029077054049437893,0.36691131131669896,nan,5.575537025753767e-05,0.1297643569156728,0.05758933320554265,0.026803410988288253,0.0268161961751626,0.3783740002585021,nan,5.362175393747276e-06,0.13029037327146756,0.04678203553267403
0.6,0.85,2,1,0.02460586684513593,0.023496832176956032,20.02,0.02460586684513593,0.024608249344170722,0.2909577701810375,19.7,4.4629229123673135e-05,0.05501679771352053,0.04695660713069503,0.022387797508776133,0.02237298927509244,0.3023758629769611,20.02,4.880676562962822e-06,0.05356434248242585,0.04515080117643368
0.6,0.95,2,0,0.019243890063994334,0.018522266436042524,14.71,0.019243890063994334,0.019245406022375858,0.2520320805726316,14.58,4.233771906994723e-05,0.04760558090532358,0.02710564109696521,0.01780064280809071,0.01779334427633528,0.26226945807457736,14.71,4.778197577859585e-06,0.04417062709525644,0.02581381882680959
0.6,0.99,2,0,0.014070360747436698,0.01358893674185991,14.59,0.014070360747436698,0.014071660641057993,0.23620047797030164,14.51,4.4442800288191475e-05,0.036120945232643545,0.029456057476952485,0.013107512736283123,0.013105361334981995,0.2458182679335465,14.59,4.79460459820114e-06,0.033985817367309934,0.026250166244574005
1.0,0.5,2,0,0.007928928916762222,0.007823150897104149,17.05,0.007928928916762222,0.00793024193745063,0.40937223574675957,16.9,4.76130475066039e-05,0.017354123346813563,0.03250843722774828,0.007717372877446074,0.007715561144682962,0.4212772924178023,17.05,4.96366161310577e-06,0.016652119274736775,0.020194344216196036
1.0,0.7,2,0,0.007222842211772845,0.007166360141414478,16.580000000000002,0.007222842211772845,0.007223954758519073,0.35128322387206845,16.490000000000002,3.605996891252691e-05,0.016544048799706768,0.023341190997253222,0.0071098780710561115,0.007112938017836389,0.3620918494449678,16.580000000000002,3.989591391246746e-06,0.016102741702102533,0.022284437948863825
1.0,0.85,2,0,0.0037785293018333657,0.0037144741670554087,15.0,0.0037785293018333657,0.0037796069642838277,0.2820328742695618,14.92,3.254968426406453e-05,0.008996031357653214,0.033306917717195336,0.0036504190322774518,0.0036569883082077847,0.29186961208760104,15.0,3.836759340706255e-06,0.008676515988177957,0.033727630540493464
1.0,0.95,2,0,0.0020930230739079517,0.0020484844630580083,14.05,0.0020930230739079517,0.002093862951787212,0.24040932402677043,13.97,3.336547839783556e-05,0.005268754308673619,0.04073768998126489,0.002003945852208065,0.0020063962946890996,0.2497722644489388,14.05,3.806455810852529e-06,0.004942419282390756,0.04188843174091768
1.0,0.99,2,0,0.0017605718059966013,0.0017370533732611023,13.72,0.0017605718059966013,0.0017612844736684251,0.22592755516178095,13.65,3.40666240648945e-05,0.004451844467184038,0.043207284264319114,0.001713534940525603,0.0017126334407937059,0.2351283295424189,13.72,3.786811285341586e-06,0.004139896008649769,0.04469116176141573
1.5,0.5,2,0,0.0030044291553106015,0.0029427811011578865,17.830000000000002,0.0030044291553106015,0.0030052086611253195,0.4283571396083824,17.77,4.288979539918606e-05,0.005385296644065668,0.02942735711104344,0.0028811330470051716,0.0028814960357292957,0.4388766295664924,17.830000000000002,4.444704020755927e-06,0.0054501549010124405,0.020646435010352515
1.5,0.7,2,0,0.0020823767325656296,0.002067286265556778,16.61,0.0020823767325656296,0.0020835022530528223,0.35590512462978685,16.54,3.447623168048345e-05,0.004841243189910462,0.026548596700351368,0.0020521957985479267,0.0020537693405239693,0.3674730386118316,16.61,3.7191105083481984e-06,0.004569990672156167,0.02679815724082242
1.5,0.85,2,0,0.0021082828834039125,0.0020564489867586134,15.43,0.0020046150901133143,0.0020056233380684923,0.30637322402528894,15.35,3.12118930444636e-05,0.004007666390300157,0.037944901506766125,0.0021082828834039125,0.0021045304575650135,0.31741360962933035,15.43,3.4211408421086107e-06,0.00410125857246451,0.037945965529427306
1.5,0.95,2,0,0.0017733056348415458,0.0017024153193512027,14.72,0.0016315250038608593,0.0016324114998834227,0.2775642613878109,14.64,3.0122039266091193e-05,0.0033398977778124252,0.046926575826910275,0.0017733056348415458,0.0017645430141948674,0.28810607176360103,14.72,3.303500121893713e-06,0.0035900533880592663,0.047646361836071044
1.5,0.99,2,0,0.0015237439229762396,0.0014556705817923604,14.450000000000001,0.001387597240608481,0.0013884219957000588,0.2663560627383719,14.36,3.0056683823504615e-05,0.00301548439166564,0.05051262888423828,0.0015237439229762396,0.001513255911049782,0.27668918147679505,14.450000000000001,3.264696538641491e-06,0.003047460744714173,0.05171779937003962
