start,origin,start_q1_deg,start_q2_deg,first_step_m,arrived,arrival_time_s,left_goal,hold_error_m,hold_observed_s,success,final_distance_m,training_path_distance_deg,offset_retained,taught_joint_error_deg,taught_path_distance_m,onset_delay_s,taught_arrival_delay_s,jitter_deg,taught_jitter_deg,speed_peaks,taught_speed_peaks
0,"demo_00 -15,-15 deg",3.2000000000000015,104.9,0.022608731103779603,True,3.11,False,0.006012829924675168,2.0000000000000004,True,0.005899077357182224,1.8947018895716212,0.09442707954104597,12.393460577933695,0.3720962667372529,-0.75,-4.18,0.005983223535378936,0.07245156496022,1.0,94.0
1,"demo_00 -15,-12.5 deg",3.2000000000000015,107.4,0.017267332833847463,True,4.01,False,0.006013870309437083,2.0,True,0.0058990773571917345,1.8328426430503013,0.10019788358541777,10.489137471299433,0.33999767274126996,-0.75,-3.2800000000000002,0.0038350765057277862,0.07245156496022,2.0,94.0
2,"demo_00 -15,-10 deg",3.2000000000000015,109.89999999999999,0.012888192580442059,True,6.2700000000000005,False,0.006013007471733636,1.9999999999999991,True,0.005899077359169946,2.28476899717356,0.13676165039794397,4.3033536541956865,0.30923078571714807,-0.75,-1.0199999999999996,0.0022907190102195957,0.07245156496022,2.0,94.0
3,"demo_00 -15,-7.5 deg",3.2000000000000015,112.39999999999999,0.009375562694792523,True,6.37,False,0.006012486580760477,2.000000000000001,True,0.005899077359675695,2.482309356679258,0.1619154981712823,4.156627964474696,0.2803024061034371,-0.75,-0.9199999999999999,0.00198320358615668,0.07245156496022,2.0,94.0
4,"demo_00 -15,-5 deg",3.2000000000000015,114.9,0.006689300202630379,True,6.3100000000000005,False,0.006012604784349569,2.0,True,0.005899077359355694,2.473216545681335,0.1736233072531947,4.356090363561403,0.25390581182980465,-0.75,-0.9799999999999995,0.0019329100753018484,0.07245156496022,2.0,94.0
5,"demo_00 -15,-2.5 deg",3.2000000000000015,117.4,0.004783857974938494,True,6.23,False,0.006013780403997316,2.0,True,0.0058990773590067444,2.3759517749003027,0.175497291186636,4.545311166464856,0.2309690209948578,-0.74,-1.0599999999999996,0.0018769599443415707,0.07245156496022,2.0,94.0
6,"demo_00 -15,+0 deg",3.2000000000000015,119.89999999999999,0.003490198039213128,True,6.140000000000001,False,0.00601297527249886,2.0,True,0.005899077358654137,2.200044304257248,0.16575733121417827,4.749781239002988,0.21266450422608676,-0.74,-1.1499999999999995,0.0016834863454046876,0.07245156496022,2.0,94.0
7,"demo_00 -15,+2.5 deg",3.2000000000000015,122.39999999999999,0.002558202241020383,True,6.01,False,0.006011799105063385,2.0,True,0.005899077358260405,1.9384519429050722,0.14386954483270015,5.06095859480456,0.20030508531816468,-0.73,-1.2800000000000002,0.0013100825276259117,0.07245156496022,3.0,94.0
8,"demo_00 -15,+5 deg",3.2000000000000015,124.89999999999999,0.002264484906468992,True,5.8100000000000005,False,0.0060120855203825525,2.0,True,0.005899077357863618,1.5733418946619129,0.11156761173372527,5.576554197084047,0.1950492555107683,-0.73,-1.4799999999999995,0.0009698866871008218,0.07245156496022,2.0,94.0
9,"demo_00 -15,+7.5 deg",3.2000000000000015,127.39999999999999,0.0035714769560400202,True,5.69,False,0.0060134251014720835,2.0,True,0.005899077357704618,1.1290287019855219,0.07483086770715475,5.85359428631363,0.19746717535840178,-0.74,-1.5999999999999996,0.0015238095967878484,0.07245156496022,2.0,94.0
10,"demo_00 -15,+10 deg",3.2000000000000015,129.89999999999998,0.006246089399653022,True,6.26,False,0.006013220049171543,2.0,True,0.005899077359128822,0.740392692538896,0.045150133784637274,3.9367309732619735,0.2064470296201555,-0.75,-1.0300000000000002,0.00286334224409332,0.07245156496022,1.0,94.0
11,"demo_00 -15,+12.5 deg",3.2000000000000015,132.4,0.009836781059306831,True,7.42,False,0.006012288634900843,2.0,True,0.005899077385349027,0.783589829911637,0.043621777889788785,1.4736690787332938,0.2219717034376806,-0.75,0.1299999999999999,0.004453303988312339,0.07245156496022,1.0,94.0
12,"demo_00 -15,+15 deg",3.2000000000000015,134.9,0.01418369268727483,True,7.95,False,0.006012171487857422,2.000000000000001,True,0.005899077452925883,1.1023287008089808,0.05589396810965475,2.902045969250112,0.24276286358367036,-0.75,0.6600000000000001,0.006487288634034891,0.07245156496022,2.0,94.0
13,"demo_00 -12.5,-15 deg",5.7,104.9,0.021518755177518174,True,2.56,False,0.0060116975949121515,2.0000000000000004,True,0.005899077357182121,1.7093943051527842,0.09251435171438016,13.38017833220564,0.3356215935405569,-0.75,-4.73,0.007251663414131122,0.07245156496022,0.0,94.0
14,"demo_00 -12.5,-12.5 deg",5.7,107.4,0.016391326889987574,True,2.74,False,0.006013533239869381,2.0,True,0.005899077357182121,1.6204049405077154,0.09800067206443434,13.050375102810934,0.30297080863872006,-0.75,-4.55,0.005338407734879898,0.07245156496022,1.0,94.0
15,"demo_00 -12.5,-10 deg",5.7,109.89999999999999,0.012119187342962178,True,3.04,False,0.006013280057699499,2.0,True,0.005899077357181534,1.5349882847457286,0.10398975151326639,12.495971152158695,0.27148084410034806,-0.75,-4.25,0.0036548697909183315,0.07245156496022,1.0,94.0
16,"demo_00 -12.5,-7.5 deg",5.7,112.39999999999999,0.008619048119444715,True,3.7600000000000002,False,0.00601297802707771,1.9999999999999996,True,0.005899077357186343,1.484703067520106,0.11228007361324754,11.02150385808163,0.24174355944885542,-0.75,-3.53,0.0021624774504542072,0.07245156496022,2.0,94.0
17,"demo_00 -12.5,-5 deg",5.7,114.9,0.00587039362969142,True,5.83,False,0.006013310158957596,2.0,True,0.005899077357903698,1.819185596253581,0.15223199342996563,5.4842400713958,0.21456032007806816,-0.75,-1.46,0.0012310079411123225,0.07245156496022,2.0,94.0
18,"demo_00 -12.5,-2.5 deg",5.7,117.4,0.003876441867484474,True,6.15,False,0.006012261876873772,2.0,True,0.0058990773586791515,2.011401955467394,0.1812290757422636,4.577927099691033,0.19108638710331036,-0.74,-1.1399999999999997,0.0011081049120927433,0.07245156496022,2.0,94.0
19,"demo_00 -12.5,+0 deg",5.7,119.89999999999999,0.002551674787052104,True,6.0600000000000005,False,0.006011734768136671,2.0,True,0.005899077358392379,1.8930445283119446,0.1757220368941532,4.8412060844699125,0.17289217330777673,-0.73,-1.2299999999999995,0.0010494189154235628,0.07245156496022,2.0,94.0
20,"demo_00 -12.5,+2.5 deg",5.7,122.39999999999999,0.0017021931204429883,True,5.87,False,0.006012642583766998,2.0,True,0.005899077357968464,1.621869403782692,0.14717995975917392,5.35827015968063,0.16180799006303542,-0.71,-1.42,0.0008784672315896315,0.07245156496022,3.0,94.0
21,"demo_00 -12.5,+5 deg",5.7,124.89999999999999,0.0016942465804781605,True,5.68,False,0.006013963025642092,2.0,True,0.005899077357694695,1.2364102734931226,0.10513508247499305,5.869175223762821,0.15934690292307313,-0.72,-1.6100000000000003,0.0008441374210428578,0.07245156496022,2.0,94.0
22,"demo_00 -12.5,+7.5 deg",5.7,127.39999999999999,0.0032063188742869502,True,5.94,False,0.006012858292564156,2.0,True,0.005899077358108308,0.8357615204056422,0.06465921979627906,4.985934202838359,0.1654308761943808,-0.74,-1.3499999999999996,0.0015726694270945946,0.07245156496022,2.0,94.0
23,"demo_00 -12.5,+10 deg",5.7,129.89999999999998,0.005774334503370477,True,7.1000000000000005,False,0.006012157791501836,1.9999999999999991,True,0.005899077370614089,0.6946600551388684,0.048126498440222626,1.414245788463877,0.17906640822999648,-0.75,-0.1899999999999995,0.0028343569965273885,0.07245156496022,1.0,94.0
24,"demo_00 -12.5,+12.5 deg",5.7,132.4,0.009126135256484112,True,7.8100000000000005,False,0.006012894136163572,2.0,True,0.005899077426907758,1.0061256773776244,0.06214545753466133,2.4249713275831026,0.19918190854928874,-0.75,0.5200000000000005,0.0045791511349143055,0.07245156496022,2.0,94.0
25,"demo_00 -12.5,+15 deg",5.7,134.9,0.013174896623553933,True,8.28,False,0.006013434508088826,2.0,True,0.005899077564697828,1.2852127244864464,0.07092283601511559,3.988853797072866,0.22400636978371752,-0.75,0.9899999999999993,0.006683567170048457,0.07245156496022,2.0,94.0
26,"demo_00 -10,-15 deg",8.200000000000001,104.9,0.02063227740808899,True,2.32,False,0.006013260197347164,2.0000000000000004,True,0.005899077357182121,1.5458581823030546,0.09082409034174695,13.758051374094311,0.3004808259872032,-0.75,-4.970000000000001,0.008103095917175661,0.07245156496022,0.0,94.0
27,"demo_00 -10,-12.5 deg",8.200000000000001,107.4,0.015726455803014825,True,2.44,False,0.00601377454595549,2.0000000000000004,True,0.005899077357181406,1.4313648038515931,0.0955490972018573,13.555634310069312,0.2672373607282366,-0.75,-4.85,0.006112425052704042,0.07245156496022,0.0,94.0
28,"demo_00 -10,-10 deg",8.200000000000001,109.89999999999999,0.011577042264054045,True,2.6,False,0.006013520094623389,2.0000000000000004,True,0.0058990773571818275,1.3151250914087422,0.10111136047121741,13.282390113902647,0.23507266432805285,-0.75,-4.6899999999999995,0.004451781559926808,0.07245156496022,0.0,94.0
29,"demo_00 -10,-7.5 deg",8.200000000000001,112.39999999999999,0.008109848150771636,True,2.84,False,0.006013626037142396,2.0,True,0.005899077357181741,1.203873725616385,0.10717898429504889,12.850756852326178,0.20434277555371183,-0.75,-4.45,0.003037727283524546,0.07245156496022,1.0,94.0
30,"demo_00 -10,-5 deg",8.200000000000001,114.9,0.005315969309929268,True,3.29,False,0.006012956673088833,2.0,True,0.00589907735718263,1.112680388117603,0.11404045921577301,11.98796168852956,0.17593038777828454,-0.75,-4.0,0.0018025686540624679,0.07245156496022,1.0,94.0
31,"demo_00 -10,-2.5 deg",8.200000000000001,117.4,0.003230137054193335,True,4.3500000000000005,False,0.006013749676592039,2.0,True,0.005899077357205772,1.1262676997989483,0.12955635386284714,9.603466409644826,0.151418530188668,-0.74,-2.9399999999999995,0.0009736573649215724,0.07245156496022,2.0,94.0
32,"demo_00 -10,+0 deg",8.200000000000001,119.89999999999999,0.0018457744084474734,True,5.42,False,0.006011729275135445,2.0,True,0.005899077357458003,1.296025570166936,0.1566501178186548,6.675031127101525,0.13303929400725847,-0.72,-1.87,0.0007460219063259128,0.07245156496022,3.0,94.0
33,"demo_00 -10,+2.5 deg",8.200000000000001,122.39999999999999,0.0010713557576426957,True,5.55,False,0.0060119812536188685,2.0,True,0.00589907735755555,1.1739655850778734,0.13663266040055694,6.263264689677674,0.12360056941232514,-0.7,-1.7400000000000002,0.0006893515231577366,0.07245156496022,2.0,94.0
34,"demo_00 -10,+5 deg",8.200000000000001,124.89999999999999,0.0013378630686427893,True,5.73,False,0.0060123951106651015,2.0,True,0.005899077357750238,0.8826792215333729,0.09292152790632136,5.656360365958708,0.1251603906928864,-0.72,-1.5599999999999996,0.0008312429772661338,0.07245156496022,2.0,94.0
35,"demo_00 -10,+7.5 deg",8.200000000000001,127.39999999999999,0.0028568657280311216,True,6.68,False,0.00601294760242823,2.0,True,0.005899077362307231,0.6732521173705102,0.06171582918523605,2.4669416245221996,0.13616942954168235,-0.74,-0.6100000000000003,0.0015707268385833839,0.07245156496022,2.0,94.0
36,"demo_00 -10,+10 deg",8.200000000000001,129.89999999999998,0.005206345162319731,True,7.63,False,0.00601276611331183,2.000000000000001,True,0.005899077403131418,0.8998422068994568,0.07107798009523296,1.840723571036736,0.15555420389228825,-0.75,0.33999999999999986,0.0028722596028064036,0.07245156496022,2.0,94.0
37,"demo_00 -10,+12.5 deg",8.200000000000001,132.4,0.008264329432191672,True,8.17,False,0.006011955040777973,2.0,True,0.005899077516051031,1.195363420467023,0.08170507380336603,3.575404131606723,0.1806898300611667,-0.75,0.8799999999999999,0.004659021963091612,0.07245156496022,2.0,94.0
38,"demo_00 -10,+15 deg",8.200000000000001,134.9,0.011988674336922038,True,8.6,False,0.006012243377693956,2.0,True,0.005899077787329735,1.478975738801279,0.08833634308907987,5.030224649305435,0.20947825247276505,-0.75,1.3099999999999996,0.0067367024961349055,0.07245156496022,2.0,94.0
39,"demo_00 -7.5,-15 deg",10.700000000000001,104.9,0.019695666886447395,True,2.18,False,0.006011647515254023,1.9999999999999996,True,0.005899077357181534,1.389952318620329,0.08977293687247358,13.982187965487693,0.26779255366340626,-0.75,-5.109999999999999,0.008627938513953567,0.07245156496022,1.0,94.0
40,"demo_00 -7.5,-12.5 deg",10.700000000000001,107.4,0.015029906317776615,True,2.2800000000000002,False,0.006012805155590024,2.0,True,0.005899077357182095,1.2626535000096548,0.09309711759139709,13.8172719750453,0.23376359107393288,-0.75,-5.01,0.00654828361913012,0.07245156496022,1.0,94.0
41,"demo_00 -7.5,-10 deg",10.700000000000001,109.89999999999999,0.011040009238953773,True,2.41,False,0.006012651661205533,2.0,True,0.005899077357181534,1.128692186231769,0.09830264868731978,13.605539569044742,0.20049713615976816,-0.75,-4.88,0.004823515254623965,0.07245156496022,1.0,94.0
42,"demo_00 -7.5,-7.5 deg",10.700000000000001,112.39999999999999,0.0076568289660899685,True,2.59,False,0.006012018650070052,2.0,True,0.005899077357180999,0.9923533838034889,0.10462971182819115,13.302870058292047,0.16852716833948475,-0.75,-4.7,0.0033958718372976327,0.07245156496022,1.0,94.0
43,"demo_00 -7.5,-5 deg",10.700000000000001,114.9,0.004877215044550962,True,2.86,False,0.006013266583805571,2.0000000000000004,True,0.005899077357181534,0.8560110032001906,0.1110240234112532,12.808663300524127,0.1387110089288843,-0.74,-4.43,0.002185746362290609,0.07245156496022,2.0,94.0
44,"demo_00 -7.5,-2.5 deg",10.700000000000001,117.4,0.002752396112801772,True,3.36,False,0.006012825844088034,2.0000000000000004,True,0.005899077357183484,0.7316066318594977,0.11501031098335206,11.834927942477272,0.11230869537774442,-0.73,-3.93,0.001207633001253593,0.07245156496022,3.0,94.0
45,"demo_00 -7.5,+0 deg",10.700000000000001,119.89999999999999,0.0013271819057141024,True,4.33,False,0.006012740922051201,2.0,True,0.00589907735720446,0.6864946548791181,0.11889046920940717,9.636991486283868,0.09312706628500865,-0.71,-2.96,0.0007412068514771132,0.07245156496022,3.0,94.0
46,"demo_00 -7.5,+2.5 deg",10.700000000000001,122.39999999999999,0.000625534504968079,True,5.33,False,0.006014066098486622,2.0,True,0.005899077357410443,0.7278614191927837,0.1174624878987314,6.8545635784003105,0.0861899663555027,-0.68,-1.96,0.00064975090119499,0.07245156496022,2.0,94.0
47,"demo_00 -7.5,+5 deg",10.700000000000001,124.89999999999999,0.0010584854007334098,True,6.29,False,0.0060125872673975735,2.000000000000001,True,0.005899077359256543,0.6519191574827039,0.0881722851965169,3.736740011940896,0.09343009817187051,-0.71,-1.0,0.0007996572864546941,0.07245156496022,2.0,94.0
48,"demo_00 -7.5,+7.5 deg",10.700000000000001,127.39999999999999,0.002408520342926537,True,7.390000000000001,False,0.006013538698988677,2.0,True,0.005899077383752001,0.7922215792548386,0.08672993056143963,1.2432982350835293,0.11195669234227537,-0.73,0.10000000000000053,0.0015061340531587917,0.07245156496022,2.0,94.0
49,"demo_00 -7.5,+10 deg",10.700000000000001,129.89999999999998,0.004467417700694159,True,8.02,False,0.006012604203446836,2.0,True,0.00589907747016297,1.0958671075050301,0.09813282130940275,3.055562853788305,0.13795777603710319,-0.74,0.7299999999999995,0.002803642154705544,0.07245156496022,2.0,94.0
50,"demo_00 -7.5,+12.5 deg",10.700000000000001,132.4,0.007201497804674067,True,8.5,False,0.0060133846134149795,2.0,True,0.005899077702021749,1.3933683026645918,0.10429813554089695,4.6933394289825285,0.16796117071883332,-0.75,1.21,0.004527144746204435,0.07245156496022,2.0,94.0
51,"demo_00 -7.5,+15 deg",10.700000000000001,134.9,0.010599584530273373,True,8.88,False,0.006011802727809009,2.0,True,0.005899078175440116,1.6759087355114277,0.10712560858234743,5.937150861776664,0.20013158086799554,-0.75,1.5900000000000007,0.006495407975669749,0.07245156496022,2.0,94.0
52,"demo_00 -5,-15 deg",13.2,104.9,0.018543818679268926,True,2.07,False,0.006012665700963651,2.0000000000000004,True,0.005899077357182224,1.262893943745991,0.08965654233138404,14.13934167896734,0.2386411308206876,-0.75,-5.220000000000001,0.008822543270453198,0.07245156496022,1.0,94.0
53,"demo_00 -5,-12.5 deg",13.2,107.4,0.01413332930767058,True,2.17,False,0.006012827042499125,2.0,True,0.005899077357181534,1.1126096056782895,0.0928530355727487,13.987679099728878,0.2039423658408937,-0.75,-5.12,0.006706532649625865,0.07245156496022,1.0,94.0
54,"demo_00 -5,-10 deg",13.2,109.89999999999999,0.010340894688315791,True,2.29,False,0.00601367473292531,2.0,True,0.005899077357181025,0.966065021581912,0.09623558745227641,13.794383417186456,0.16958214096258542,-0.75,-5.0,0.004935504438865774,0.07245156496022,1.0,94.0
55,"demo_00 -5,-7.5 deg",13.2,112.39999999999999,0.007097972897026601,True,2.46,False,0.006012379815957886,2.0,True,0.005899077357182095,0.8148097716203818,0.10176803665717046,13.523260632840085,0.13590755000625884,-0.75,-4.83,0.003444336781680623,0.07245156496022,1.0,94.0
56,"demo_00 -5,-5 deg",13.2,114.9,0.004400714896510644,True,2.7,False,0.006013661385630644,2.0,True,0.005899077357181534,0.6575927595913951,0.11000493383469966,13.097790603092294,0.10368389352879506,-0.74,-4.59,0.0022003841003273685,0.07245156496022,1.0,94.0
57,"demo_00 -5,-2.5 deg",13.2,117.4,0.0023061956111591494,True,3.13,False,0.0060119188811713214,2.0,True,0.005899077357182059,0.48438887013021564,0.11505323878910556,12.301912787177592,0.07475861608373909,-0.73,-4.16,0.0012163620149624524,0.07245156496022,2.0,94.0
58,"demo_00 -5,+0 deg",13.2,119.89999999999999,0.0008839287152487622,True,4.0600000000000005,False,0.006011924858852904,2.0,True,0.005899077357193365,0.329731547170173,0.10064457920894293,10.290082060160188,0.053183425979137076,-0.69,-3.2299999999999995,0.0007335786876947466,0.07245156496022,2.0,94.0
59,"demo_00 -5,+2.5 deg",13.2,122.39999999999999,0.0002823540868167709,True,5.82,False,0.006012184169558069,2.0,True,0.00589907735787978,0.44827835878802946,0.1144950184857121,5.2824099621785665,0.05142632725596606,-0.63,-1.4699999999999998,0.0006078222166570238,0.07245156496022,2.0,94.0
60,"demo_00 -5,+5 deg",13.2,124.89999999999999,0.0007555053024277259,True,7.11,False,0.006013517244202726,1.9999999999999991,True,0.005899077371092873,0.6847161644116162,0.12180765075412564,1.1782697734080494,0.06860907628628012,-0.69,-0.17999999999999972,0.0006756520344362753,0.07245156496022,2.0,94.0
61,"demo_00 -5,+7.5 deg",13.2,127.39999999999999,0.0018018095676698238,True,7.8500000000000005,False,0.0060116920921411444,1.9999999999999991,True,0.005899077432853001,0.9883380184016168,0.1272038575349471,2.4545961603698943,0.0967231785390574,-0.73,0.5600000000000005,0.0012801644299029222,0.07245156496022,3.0,94.0
62,"demo_00 -5,+10 deg",13.2,129.89999999999998,0.003523443194112738,True,8.38,False,0.006011971257711604,2.0,True,0.005899077615301985,1.293101594049421,0.12826387465989122,4.25614010290817,0.12876460242142176,-0.74,1.0900000000000007,0.0024597968959967154,0.07245156496022,4.0,94.0
63,"demo_00 -5,+12.5 deg",13.2,132.4,0.0059281374109500864,True,8.790000000000001,False,0.006014132761264762,2.0,True,0.005899078035502258,1.5952923183101488,0.12796876776594887,5.658636808177594,0.16238319173133697,-0.75,1.5000000000000009,0.004049500553100042,0.07245156496022,2.0,94.0
64,"demo_00 -5,+15 deg",13.2,134.9,0.0090288048000356,True,9.1,False,0.006013349387854498,2.0,True,0.005899078736111384,1.8590102573882248,0.12485937533299202,6.660957980226668,0.19658510189643652,-0.75,1.8099999999999996,0.005874754453478647,0.07245156496022,2.0,94.0
65,"demo_00 -2.5,-15 deg",15.7,104.9,0.017118310120422506,True,1.98,False,0.006013743522410223,2.0,True,0.005899077357181266,1.1497359851696882,0.08967043791792517,14.263131085385183,0.21365568895552817,-0.75,-5.3100000000000005,0.008667996034510158,0.07245156496022,1.0,94.0
66,"demo_00 -2.5,-12.5 deg",15.7,107.4,0.012970446514854463,True,2.09,False,0.00601189368222253,2.0,True,0.005899077357181025,0.9837146905649469,0.0919170854238571,14.114733287193411,0.17875353110194295,-0.75,-5.2,0.006578263110653536,0.07245156496022,1.0,94.0
67,"demo_00 -2.5,-10 deg",15.7,109.89999999999999,0.00940304958616558,True,2.21,False,0.006013472134919038,2.0,True,0.00589907735718086,0.8209914366012758,0.09646243615773473,13.924429780853222,0.1439136041630369,-0.75,-5.08,0.00481207023115841,0.07245156496022,1.0,94.0
68,"demo_00 -2.5,-7.5 deg",15.7,112.39999999999999,0.006344545310294373,True,2.38,False,0.00601323994193718,2.0,True,0.0058990773571818275,0.6548639598457847,0.10033791864959175,13.654917018474395,0.10929343247508683,-0.75,-4.91,0.003270612771090893,0.07245156496022,1.0,94.0
69,"demo_00 -2.5,-5 deg",15.7,114.9,0.0037830119017424513,True,2.63,False,0.0060138386405633485,2.0,True,0.005899077357181292,0.48556610240504133,0.10588484319715999,13.225909886698824,0.07520220098562598,-0.74,-4.66,0.001968216012854657,0.07245156496022,1.0,94.0
70,"demo_00 -2.5,-2.5 deg",15.7,117.4,0.0017712515263771586,True,3.09,False,0.006012407741335219,2.0,True,0.005899077357182224,0.2960893613008807,0.11894393365051399,12.38094931203106,0.04130210392087671,-0.72,-4.2,0.0010339190243601436,0.07245156496022,2.0,94.0
71,"demo_00 -2.5,+0 deg",15.7,119.89999999999999,0.0003848332542043082,True,4.38,False,0.0060124210900409,2.0,True,0.005899077357207403,0.10973216795116536,0.1387105022141722,9.496245725268373,0.013343816499823654,-0.64,-2.91,0.0006905062319055276,0.07245156496022,1.0,94.0
72,"demo_00 -2.5,+2.5 deg",15.7,122.39999999999999,0.0003971945947717584,True,6.84,False,0.0060124956034560955,2.0,True,0.005899077364569971,0.48191862663133395,0.22085337875060002,1.7873456124621077,0.027031885539560537,-0.59,-0.4500000000000002,0.0005608430098338517,0.07245156496022,2.0,94.0
73,"demo_00 -2.5,+5 deg",15.7,124.89999999999999,0.0006619594965760749,True,7.65,False,0.006013868190780186,2.0,True,0.0058990774057696765,0.8712928840440868,0.1899912698613963,1.8130244105116875,0.05979870506757273,-0.65,0.3600000000000003,0.0005253779581852412,0.07245156496022,2.0,94.0
74,"demo_00 -2.5,+7.5 deg",15.7,127.39999999999999,0.0011253818615495354,True,8.23,False,0.006012039765966826,2.0,True,0.005899077539810978,1.1863699489754596,0.16811350378719242,3.734815360085452,0.09384960350248912,-0.71,0.9400000000000004,0.0008005789966954492,0.07245156496022,3.0,94.0
75,"demo_00 -2.5,+10 deg",15.7,129.89999999999998,0.002419793308277538,True,8.69,False,0.006011653493733835,2.0,True,0.005899077884005577,1.4964924436968086,0.1568145076851323,5.287313582026271,0.1285304575985092,-0.73,1.3999999999999995,0.0017587660261723687,0.07245156496022,3.0,94.0
76,"demo_00 -2.5,+12.5 deg",15.7,132.4,0.004505168956969874,True,9.03,False,0.006013749647309618,2.0,True,0.005899078534287084,1.7831697610029749,0.14816602753545494,6.431034177541915,0.16339582499906352,-0.74,1.7399999999999993,0.003179665668937341,0.07245156496022,3.0,94.0
77,"demo_00 -2.5,+15 deg",15.7,134.9,0.007371252102123868,True,9.27,False,0.006012966124394488,2.0,True,0.005899079392683603,2.013288380555923,0.13856454905689822,7.195060408532559,0.1982995833155524,-0.75,1.9799999999999995,0.004871354225325946,0.07245156496022,3.0,94.0
78,"demo_00 +0,-15 deg",18.2,104.9,0.015441520468561294,True,1.9100000000000001,False,0.006012115290815124,2.0,True,0.005899077357181534,1.033452263099423,0.09076614248794458,14.370080596396114,0.18844257990692398,-0.75,-5.38,0.008192837253084072,0.07245156496022,1.0,94.0
79,"demo_00 +0,-12.5 deg",18.2,107.4,0.01155845424825243,True,2.02,False,0.006011817041699077,2.0000000000000004,True,0.005899077357181534,0.8628309903812867,0.09153927154058494,14.220044940030522,0.15365121678907825,-0.75,-5.27,0.006196231985115009,0.07245156496022,1.0,94.0
80,"demo_00 +0,-10 deg",18.2,109.89999999999999,0.008231880079080284,True,2.15,False,0.006012637767809392,2.0000000000000004,True,0.005899077357181025,0.6899194935468609,0.09529236502765959,14.025985465261071,0.11914304276776726,-0.75,-5.140000000000001,0.0044676435381096145,0.07245156496022,1.0,94.0
81,"demo_00 +0,-7.5 deg",18.2,112.39999999999999,0.005384079459334878,True,2.33,False,0.0060127279049995395,2.0,True,0.005899077357182069,0.5136438967143462,0.10016853922517793,13.745862096814703,0.0851657390379268,-0.75,-4.96,0.0029062617163378665,0.07245156496022,1.0,94.0
82,"demo_00 +0,-5 deg",18.2,114.9,0.002987946384368249,True,2.61,False,0.0060117725256929235,2.0000000000000004,True,0.005899077357181266,0.32767526222542936,0.1094608730292477,13.282424675427096,0.05177574101230625,-0.74,-4.68,0.0015808481784651345,0.07245156496022,1.0,94.0
83,"demo_00 +0,-2.5 deg",18.2,117.4,0.0010835844834571116,True,3.16,False,0.0060122174978746,2.0,True,0.005899077357182327,0.13311809863030483,0.12276319508076725,12.252337718088617,0.018840617245048052,-0.71,-4.13,0.0008379749013132608,0.07245156496022,2.0,94.0
84,demo_00,18.2,119.89999999999999,0.0002856509748332706,True,5.8,False,0.006013408571174801,2.0,True,0.005899077357855758,0.10548640225220941,nan,5.298332601305212,0.005809009035523698,-0.5700000000000001,-1.4900000000000002,0.000618171571128289,0.07245156496022,2.0,94.0
85,"demo_00 +0,+2.5 deg",18.2,122.39999999999999,0.001052004800570676,True,7.46,False,0.006011738434972306,2.000000000000001,True,0.005899077387926876,0.7220947853821408,0.31246715397236613,1.1999640164527279,0.03851084794704917,-0.71,0.16999999999999993,0.0007554332725992095,0.07245156496022,3.0,94.0
86,"demo_00 +0,+5 deg",18.2,124.89999999999999,0.0012672473853188536,True,8.06,False,0.006013241420719269,2.0,True,0.005899077481795571,1.0706837883593618,0.230918912171275,3.157147291784649,0.06979101978453763,-0.71,0.7700000000000005,0.0008389411191977253,0.07245156496022,3.0,94.0
87,"demo_00 +0,+7.5 deg",18.2,127.39999999999999,0.001124229147654763,True,8.55,False,0.006013143853066397,2.0,True,0.005899077743438939,1.3900189338185442,0.19627229659964515,4.831416834612347,0.10384753664276115,-0.7,1.2600000000000007,0.0005801161467852064,0.07245156496022,2.0,94.0
88,"demo_00 +0,+10 deg",18.2,129.89999999999998,0.0015204934439187797,True,8.94,False,0.006012438174956666,2.0,True,0.005899078302392493,1.6900624654818288,0.17686195298845908,6.116642114886506,0.13787229828113745,-0.71,1.6499999999999995,0.0007730383941261023,0.07245156496022,2.0,94.0
89,"demo_00 +0,+12.5 deg",18.2,132.4,0.0031772297493502964,True,9.21,False,0.006013670027140043,2.0,True,0.005899079140102245,1.9448172893446816,0.16152407618342063,7.005267403921173,0.17198715963102415,-0.74,1.9200000000000008,0.0019689421674955565,0.07245156496022,2.0,94.0
90,"demo_00 +0,+15 deg",18.2,134.9,0.005865110802165072,True,9.39,False,0.006012718806854765,2.0,True,0.005899080037228187,2.1367562951702106,0.1470552689411433,7.571320223229227,0.20609858334871872,-0.75,2.1000000000000005,0.003557669429356777,0.07245156496022,3.0,94.0
91,"demo_00 +2.5,-15 deg",20.7,104.9,0.013578275231261783,True,1.84,False,0.006011538398510267,1.9999999999999998,True,0.005899077357181025,0.9282459945338281,0.09331028695199864,14.468769637233738,0.16671922980980355,-0.75,-5.45,0.007499555325168368,0.07245156496022,1.0,94.0
92,"demo_00 +2.5,-12.5 deg",20.7,107.4,0.009960605294469866,True,1.95,False,0.006013388012968544,2.0,True,0.005899077357181534,0.7465615641108307,0.09430538829507153,14.314585525608647,0.13200371923441936,-0.75,-5.34,0.005609372307989571,0.07245156496022,1.0,94.0
93,"demo_00 +2.5,-10 deg",20.7,109.89999999999999,0.006882760880484933,True,2.09,False,0.0060140716540019665,2.0,True,0.005899077357181586,0.5649149163480824,0.09524038520595192,14.113802304837211,0.09710256476199383,-0.75,-5.2,0.003940476808345889,0.07245156496022,1.0,94.0
94,"demo_00 +2.5,-7.5 deg",20.7,112.39999999999999,0.004257604821462927,True,2.29,False,0.006012657095571186,2.0,True,0.005899077357181266,0.3819473013949255,0.09955952885538379,13.818338043407858,0.062222027649275674,-0.74,-5.0,0.0023873531931077633,0.07245156496022,1.0,94.0
95,"demo_00 +2.5,-5 deg",20.7,114.9,0.002037188563866183,True,2.6,False,0.006012340478031549,2.0000000000000004,True,0.005899077357182095,0.19589923601489226,0.11429719398824682,13.305543483438026,0.027632924284163977,-0.73,-4.6899999999999995,0.0011406926821156268,0.07245156496022,1.0,94.0
96,"demo_00 +2.5,-2.5 deg",20.7,117.4,0.000283914870039169,True,3.3200000000000003,False,0.006013842682628042,2.0,True,0.005899077357182389,0.09831296944538626,0.34628176869620725,11.927029148940793,0.0053102321732070145,-0.64,-3.9699999999999998,0.0008174177965576551,0.07245156496022,1.0,94.0
97,"demo_00 +2.5,+0 deg",20.7,119.89999999999999,0.001125204792645052,True,7.24,False,0.006012788270165474,2.0,True,0.005899077375847013,0.4120912627625407,0.18630794012981244,0.7089886918774284,0.037326215473269066,-0.71,-0.04999999999999982,0.0007133709403426625,0.07245156496022,2.0,94.0
98,"demo_00 +2.5,+2.5 deg",20.7,122.39999999999999,0.0019692707454937457,True,7.88,False,0.006011749619262623,2.000000000000001,True,0.005899077438326006,0.9402468849293057,0.265941979329216,2.5064365273983573,0.06020083781240649,-0.73,0.5899999999999999,0.0013248211782824414,0.07245156496022,3.0,94.0
99,"demo_00 +2.5,+5 deg",20.7,124.89999999999999,0.002330037936257713,True,8.4,False,0.006011744732936967,2.0,True,0.005899077626969075,1.2743644098816453,0.2279652358881413,4.300881772238717,0.08922641072168001,-0.73,1.1100000000000003,0.0017157174499278067,0.07245156496022,3.0,94.0
100,"demo_00 +2.5,+7.5 deg",20.7,127.39999999999999,0.002251149062830219,True,8.82,False,0.0060123154319919134,2.0,True,0.005899078072745755,1.586309641122165,0.20089297574738055,5.7184831716507025,0.12085930655967728,-0.73,1.5300000000000002,0.0015888109202571899,0.07245156496022,3.0,94.0
101,"demo_00 +2.5,+10 deg",20.7,129.89999999999998,0.002036334781608402,True,9.13,False,0.006013484709616119,2.0,True,0.005899078836826095,1.860789599158524,0.18289748814024695,6.742766510984591,0.1534547144733868,-0.72,1.8400000000000007,0.0009544943099731057,0.07245156496022,2.0,94.0
102,"demo_00 +2.5,+12.5 deg",20.7,132.4,0.002741281067347738,True,9.34,False,0.0060132480818633205,2.0,True,0.005899079755912836,2.075858177408847,0.1655834665311161,7.413606103584485,0.1864630370508947,-0.73,2.05,0.0006823549605786235,0.07245156496022,1.0,94.0
103,"demo_00 +2.5,+15 deg",20.7,134.9,0.0050360239484885105,True,9.47,False,0.006013319259997514,2.0,True,0.005899080598317245,2.2336546653559477,0.14946776458149116,7.832827947603041,0.2193203196306808,-0.75,2.1800000000000006,0.0020683890561715036,0.07245156496022,1.0,94.0
104,"demo_00 +5,-15 deg",23.2,104.9,0.01160620933460308,True,1.76,False,0.006013807901858455,2.0,True,0.005899077357181266,0.8259529213677861,0.09701449653464511,14.56348615994684,0.14477487542419568,-0.75,-5.53,0.006665516321657194,0.07245156496022,1.0,94.0
105,"demo_00 +5,-12.5 deg",23.2,107.4,0.008254129471139907,True,1.8900000000000001,False,0.006012991292237306,2.0,True,0.005899077357181266,0.6328906781630562,0.09678748789857104,14.403943899585771,0.11016667177745242,-0.75,-5.4,0.004850345863761648,0.07245156496022,1.0,94.0
106,"demo_00 +5,-10 deg",23.2,109.89999999999999,0.0054301970257154344,True,2.04,False,0.0060138900395565985,2.0,True,0.005899077357180604,0.4413167707271849,0.10031157236887309,14.195267112796557,0.07620598488983654,-0.75,-5.25,0.003258477650430608,0.07245156496022,1.0,94.0
107,"demo_00 +5,-7.5 deg",23.2,112.39999999999999,0.0030380739981076712,True,2.25,False,0.006013906184527111,2.0,True,0.005899077357181292,0.2517386153910145,0.1050300853612346,13.883377923648446,0.04227064841812219,-0.74,-5.04,0.0017614031006228284,0.07245156496022,1.0,94.0
108,"demo_00 +5,-5 deg",23.2,114.9,0.0010346068673870617,True,2.6,False,0.006012454842435506,2.0000000000000004,True,0.005899077357181025,0.08495759070412326,0.1708011551048294,13.315656161434218,0.0077920561411143575,-0.71,-4.6899999999999995,0.0008476608829727456,0.07245156496022,2.0,94.0
109,"demo_00 +5,-2.5 deg",23.2,117.4,0.0008715445968475553,True,3.63,False,0.006012604709465803,2.0,True,0.005899077357184919,0.23011095479993127,0.14512682768802507,11.29275952347199,0.024477506752462894,-0.69,-3.66,0.0009875566952669604,0.07245156496022,2.0,94.0
110,"demo_00 +5,+0 deg",23.2,119.89999999999999,0.0021675987176148137,True,7.640000000000001,False,0.006011929350136052,2.0,True,0.005899077403860906,0.7548992714168522,0.2046837661879516,1.670814287324016,0.05923358315390428,-0.73,0.35000000000000053,0.0011136396077396577,0.07245156496022,2.0,94.0
111,"demo_00 +5,+2.5 deg",23.2,122.39999999999999,0.003124743888977114,True,8.21,False,0.006013255733909828,2.0,True,0.005899077533433693,1.146523047033416,0.20509627767495253,3.665171583689667,0.09293732017957512,-0.74,0.9200000000000008,0.002164190498023116,0.07245156496022,3.0,94.0
112,"demo_00 +5,+5 deg",23.2,124.89999999999999,0.003683430084634414,True,8.67,False,0.006013358489324215,2.0,True,0.005899077867806087,1.4716152470258397,0.20811782409389762,5.232994907280808,0.11840443716586918,-0.74,1.38,0.002876745645519655,0.07245156496022,4.0,94.0
113,"demo_00 +5,+7.5 deg",23.2,127.39999999999999,0.003834690380692727,True,9.03,False,0.006012113914047733,2.0,True,0.005899078517555657,1.7620788192119077,0.19548509335623318,6.402105353234899,0.14529662439833216,-0.74,1.7399999999999993,0.002983718610142783,0.07245156496022,4.0,94.0
114,"demo_00 +5,+10 deg",23.2,129.89999999999998,0.003713335966354918,True,9.27,False,0.006013887179520423,2.0,True,0.0058990794090852975,2.001701202713167,0.17903759839638925,7.196036120887013,0.17429161346317143,-0.74,1.9799999999999995,0.0024663193131723364,0.07245156496022,2.0,94.0
115,"demo_00 +5,+12.5 deg",23.2,132.4,0.003935310050440348,True,9.43,False,0.00601318744281756,2.0,True,0.005899080308801261,2.179492110707343,0.16188860982080652,7.700117239102469,0.2044537695868019,-0.74,2.1399999999999997,0.001459926251434932,0.07245156496022,1.0,94.0
116,"demo_00 +5,+15 deg",23.2,134.9,0.005543569853483247,True,9.53,False,0.006012546428251824,2.0,True,0.00589908105517115,2.308082394205842,0.14655741489297133,8.016664125152248,0.23528853643134554,-0.75,2.2399999999999993,0.0009473407283743465,0.07245156496022,1.0,94.0
117,"demo_00 +7.5,-15 deg",25.7,104.9,0.0095985861831364,True,1.69,False,0.0060132408856233355,2.0,True,0.005899077357181534,0.7176026635509045,0.10252118070327786,14.656142008213093,0.1199839651100773,-0.75,-5.6,0.005700543707477828,0.07245156496022,1.0,94.0
118,"demo_00 +7.5,-12.5 deg",25.7,107.4,0.0065117480678794585,True,1.83,False,0.006012777469780317,2.0,True,0.005899077357182095,0.5128872833041792,0.10282524423600098,14.490769737221573,0.08510621268916044,-0.75,-5.46,0.003984180728078295,0.07245156496022,1.0,94.0
119,"demo_00 +7.5,-10 deg",25.7,109.89999999999999,0.003953063918041634,True,1.99,False,0.006014178890732395,2.0,True,0.005899077357181534,0.31999593956232425,0.10507390001590403,14.273747994150728,0.05020254760433478,-0.74,-5.3,0.002480110030467884,0.07245156496022,1.0,94.0
120,"demo_00 +7.5,-7.5 deg",25.7,112.39999999999999,0.0018520006257075746,True,2.22,False,0.006013059037738303,1.9999999999999996,True,0.005899077357181292,0.12935878190481243,0.13439494979066818,13.945749219537927,0.015389184215540858,-0.73,-5.07,0.001115632137407617,0.07245156496022,1.0,94.0
121,"demo_00 +7.5,-5 deg",25.7,114.9,0.0007881586014305041,True,2.6,False,0.00601317317084499,2.0000000000000004,True,0.005899077357181534,0.1374225164225576,0.15293951407279832,13.323156285312095,0.014151508427294625,-0.68,-4.6899999999999995,0.0010533385789429305,0.07245156496022,1.0,94.0
122,"demo_00 +7.5,-2.5 deg",25.7,117.4,0.0020378679804223285,True,4.2700000000000005,False,0.006013288302783264,2.0,True,0.0058990773572013535,0.36188184257298645,0.13018926382516197,9.810555815827438,0.04844207958889112,-0.73,-3.0199999999999996,0.0012131910028487629,0.07245156496022,2.0,94.0
123,"demo_00 +7.5,+0 deg",25.7,119.89999999999999,0.0033964869637644543,True,7.95,False,0.00601162703040425,2.000000000000001,True,0.005899077452467262,0.9616655098806012,0.19533904432779498,2.741951000328527,0.07999982004599673,-0.74,0.6600000000000001,0.0017087086938446744,0.07245156496022,2.0,94.0
124,"demo_00 +7.5,+2.5 deg",25.7,122.39999999999999,0.004500394471727921,True,8.49,False,0.006011884408260866,2.0,True,0.005899077689738828,1.3363747969685007,0.18787551039606928,4.609921580316493,0.11257013672815284,-0.74,1.2000000000000002,0.003151815171795185,0.07245156496022,3.0,94.0
125,"demo_00 +7.5,+5 deg",25.7,124.89999999999999,0.005274907484797354,True,8.89,False,0.00601388438330363,2.0,True,0.005899078209973892,1.6512369330095007,0.18318829015094323,5.968977128638231,0.14584193345672294,-0.75,1.6000000000000005,0.004172472460323849,0.07245156496022,4.0,94.0
126,"demo_00 +7.5,+7.5 deg",25.7,127.39999999999999,0.005678607587342524,True,9.18,False,0.00601400515786062,2.0,True,0.005899079025553296,1.9125605633354752,0.1803179391685972,6.909982328519771,0.17450102488327288,-0.75,1.8899999999999997,0.004510784808087099,0.07245156496022,4.0,94.0
127,"demo_00 +7.5,+10 deg",25.7,129.89999999999998,0.005799139219756756,True,9.370000000000001,False,0.006014113131076565,2.0,True,0.005899079947486533,2.113664617197982,0.1690931693758387,7.519200178688084,0.1998017210383359,-0.75,2.080000000000001,0.004135995522849694,0.07245156496022,3.0,94.0
128,"demo_00 +7.5,+12.5 deg",25.7,132.4,0.00607065398847318,True,9.49,False,0.006013968838552899,2.0,True,0.0058990807708342325,2.2608711436790796,0.1550944809321951,7.90327705306497,0.22677381360346685,-0.75,2.2,0.003158783056036887,0.07245156496022,2.0,94.0
129,"demo_00 +7.5,+15 deg",25.7,134.9,0.007341513216503828,True,9.57,False,0.0060126326302455575,2.0,True,0.005899081416298386,2.3670174782105864,0.14114165293890657,8.14918996904997,0.2548442867216327,-0.75,2.2800000000000002,0.0019225965143766564,0.07245156496022,1.0,94.0
130,"demo_00 +10,-15 deg",28.200000000000003,104.9,0.007616225179852759,True,1.62,False,0.006012310716399293,2.0,True,0.005899077357181025,0.607796681363381,0.10967833464649861,14.747332088331333,0.09499767659709164,-0.75,-5.67,0.00467093539478893,0.07245156496022,1.0,94.0
131,"demo_00 +10,-12.5 deg",28.200000000000003,107.4,0.004796998374667177,True,1.77,False,0.006012564079614711,2.0,True,0.005899077357181025,0.39310041114663286,0.11264055604861602,14.576031678960055,0.06025914668954708,-0.74,-5.52,0.0030578855493922402,0.07245156496022,1.0,94.0
132,"demo_00 +10,-10 deg",28.200000000000003,109.89999999999999,0.002554769314413846,True,1.95,False,0.006012138227454809,2.0,True,0.005899077357181292,0.1934818271588489,0.1282457043525794,14.350244831198513,0.026470472397243185,-0.73,-5.34,0.0016620771581217263,0.07245156496022,1.0,94.0
133,"demo_00 +10,-7.5 deg",28.200000000000003,112.39999999999999,0.0011665400470506231,True,2.19,False,0.006012649218416636,2.0000000000000004,True,0.005899077357181025,0.09098130759218039,0.35078598357830165,14.006344965309506,0.006063691021865677,-0.71,-5.1,0.0007884644335850102,0.07245156496022,2.0,94.0
134,"demo_00 +10,-5 deg",28.200000000000003,114.9,0.0018662963519536866,True,2.6,False,0.0060140755130539975,2.0000000000000004,True,0.005899077357181534,0.25353574484615704,0.11127946320456461,13.33093737375751,0.03836250192602888,-0.72,-4.6899999999999995,0.0016649463431666696,0.07245156496022,2.0,94.0
135,"demo_00 +10,-2.5 deg",28.200000000000003,117.4,0.003337532842296605,True,6.33,False,0.006012639487164232,2.0,True,0.00589907735945872,0.4266530532886552,0.09848367871034566,3.6106653870504153,0.07240450861469995,-0.74,-0.96,0.0013270566559106286,0.07245156496022,2.0,94.0
136,"demo_00 +10,+0 deg",28.200000000000003,119.89999999999999,0.004793629140683974,True,8.21,False,0.006012378258265798,2.0,True,0.005899077532084634,1.1339710542087988,0.1796606519925889,3.6661725942558117,0.1058543260919547,-0.74,0.9200000000000008,0.0024169384222772375,0.07245156496022,2.0,94.0
137,"demo_00 +10,+2.5 deg",28.200000000000003,122.39999999999999,0.006073682828196138,True,8.71,False,0.006013883439126021,2.0,True,0.005899077919810365,1.5081543714746282,0.1814970259729911,5.3794852231821695,0.13870252535074024,-0.75,1.4200000000000008,0.004195104168215518,0.07245156496022,3.0,94.0
138,"demo_00 +10,+5 deg",28.200000000000003,124.89999999999999,0.007071925277723861,True,9.07,False,0.006011929908436303,2.0,True,0.005899078627844353,1.8046533328469823,0.17167278701775474,6.533549894952226,0.16915632331885433,-0.75,1.7800000000000002,0.005493499624540885,0.07245156496022,3.0,94.0
139,"demo_00 +10,+7.5 deg",28.200000000000003,127.39999999999999,0.007729334885521636,True,9.3,False,0.006012680960073698,2.0,True,0.005899079533335473,2.033394789907379,0.16267158319259037,7.280442938072486,0.1998996243484283,-0.75,2.0100000000000007,0.006044809146433202,0.07245156496022,4.0,94.0
140,"demo_00 +10,+10 deg",28.200000000000003,129.89999999999998,0.008126643562653656,True,9.450000000000001,False,0.006011944327600318,2.0,True,0.00589908041484006,2.2005483843261686,0.15560226848861355,7.751135361066852,0.22838490988506888,-0.75,2.160000000000001,0.0057987174519489575,0.07245156496022,3.0,94.0
141,"demo_00 +10,+12.5 deg",28.200000000000003,132.4,0.008627802119213178,True,9.540000000000001,False,0.006012613243757916,2.0,True,0.0058990811438273455,2.323531836954221,0.14514988313803348,8.05078963829417,0.25224035825029306,-0.75,2.250000000000001,0.004873891255917097,0.07245156496022,2.0,94.0
142,"demo_00 +10,+15 deg",28.200000000000003,134.9,0.009911426762881015,True,9.6,False,0.006012415923775169,2.0,True,0.005899081699361602,2.4138699005867243,0.13389741075176298,8.247667338494193,0.2774571283956704,-0.75,2.3099999999999996,0.0035529127032376887,0.07245156496022,1.0,94.0
143,"demo_00 +12.5,-15 deg",30.7,104.9,0.005706127809622665,True,1.54,False,0.006013666325807471,2.0,True,0.005899077357182059,0.4881263837198357,0.11460342920056177,14.83683332071567,0.06979513934927224,-0.75,-5.75,0.003629484714834232,0.07245156496022,1.0,94.0
144,"demo_00 +12.5,-12.5 deg",30.7,107.4,0.003179085251472221,True,1.71,False,0.00601240205638273,2.0,True,0.005899077357181292,0.27066845257623484,0.12413090395718174,14.659578566146248,0.03511043564960371,-0.74,-5.58,0.0021210075435176114,0.07245156496022,1.0,94.0
145,"demo_00 +12.5,-10 deg",30.7,109.89999999999999,0.0015327766840771892,True,1.9000000000000001,False,0.0060132148407269735,1.9999999999999998,True,0.005899077357181292,0.07495364058187294,nan,14.424182070711172,0.003656421475664076,-0.72,-5.39,0.0009614446279065634,0.07245156496022,1.0,94.0
146,"demo_00 +12.5,-7.5 deg",30.7,112.39999999999999,0.0018156653572784377,True,2.16,False,0.006012989830866222,2.0,True,0.005899077357181534,0.21231991214118806,0.11757111718101432,14.063574146655197,0.03162118032285779,-0.72,-5.13,0.0012646085880269802,0.07245156496022,1.0,94.0
147,"demo_00 +12.5,-5 deg",30.7,114.9,0.0031856560118486738,True,2.61,False,0.006012970240453632,2.0000000000000004,True,0.0058990773571811796,0.3764690304813432,0.10083047804608107,13.33604648947069,0.06517990314131415,-0.74,-4.68,0.002442897868873077,0.07245156496022,2.0,94.0
148,"demo_00 +12.5,-2.5 deg",30.7,117.4,0.004746073279789771,True,7.640000000000001,False,0.006013567895196241,2.0,True,0.005899077404536035,0.5453420854394296,0.09449993340967293,1.8090742355449323,0.09815520019078573,-0.74,0.35000000000000053,0.0016399627326044964,0.07245156496022,2.0,94.0
149,"demo_00 +12.5,+0 deg",30.7,119.89999999999999,0.006339266875051203,True,8.43,False,0.006012246188723585,2.0,True,0.005899077647614947,1.290204691370265,0.16430626069541607,4.432202056542877,0.13036033312299372,-0.75,1.1399999999999997,0.003177120375048812,0.07245156496022,3.0,94.0
150,"demo_00 +12.5,+2.5 deg",30.7,122.39999999999999,0.007819096268274628,True,8.9,False,0.006012350246746137,2.0,True,0.0058990782182865575,1.6575045095185224,0.16833784259125636,5.993379555749104,0.1629235498800576,-0.75,1.6100000000000003,0.005214599005893572,0.07245156496022,3.0,94.0
151,"demo_00 +12.5,+5 deg",30.7,124.89999999999999,0.009047006946983755,True,9.200000000000001,False,0.006012106178188052,2.0,True,0.005899079075689459,1.931611153972778,0.1640380015980458,6.958176254185629,0.1948522095664307,-0.75,1.910000000000001,0.006758429638211568,0.07245156496022,3.0,94.0
152,"demo_00 +12.5,+7.5 deg",30.7,127.39999999999999,0.00995989647509563,True,9.38,False,0.006013595644209972,2.0,True,0.005899079996149535,2.1311903622964743,0.15345814724259757,7.55052970396929,0.2252961431955169,-0.75,2.0900000000000007,0.007496112794807633,0.07245156496022,2.0,94.0
153,"demo_00 +12.5,+10 deg",30.7,129.89999999999998,0.010650171875020887,True,9.5,False,0.006012394927267701,2.0,True,0.005899080802938439,2.2720268559488956,0.14193239248219253,7.920805939716091,0.25385915395449044,-0.75,2.21,0.00736040160207342,0.07245156496022,3.0,94.0
154,"demo_00 +12.5,+12.5 deg",30.7,132.4,0.01145190079662149,True,9.57,False,0.006013323204700793,2.0,True,0.00589908144089401,2.3760315751760586,0.13440864312962755,8.160959193257483,0.2799546929467543,-0.75,2.2800000000000002,0.0064865104137996985,0.07245156496022,2.0,94.0
155,"demo_00 +12.5,+15 deg",30.7,134.9,0.01293181050512739,True,9.620000000000001,False,0.00601283272521924,2.0,True,0.005899081921383587,2.4531117929515402,0.125635512038443,8.32306692746476,0.30240424173805164,-0.75,2.330000000000001,0.005152922675433132,0.07245156496022,1.0,94.0
156,"demo_00 +15,-15 deg",33.199999999999996,104.9,0.003908946376196813,True,1.47,False,0.006012241332017187,2.0,True,0.005899077357180974,0.34758261489285414,0.12845444995733524,14.923757452850989,0.04794521873159675,-0.74,-5.82,0.0025883497185236796,0.07245156496022,1.0,94.0
157,"demo_00 +15,-12.5 deg",33.199999999999996,107.4,0.001826719494044397,True,1.6500000000000001,False,0.006012587527596307,1.9999999999999998,True,0.005899077357182095,0.13182340210578852,0.174249282058081,14.740304172352953,0.013446520144044445,-0.73,-5.64,0.0012641363234611896,0.07245156496022,1.0,94.0
158,"demo_00 +15,-10 deg",33.199999999999996,109.89999999999999,0.0017159903698895037,True,1.86,False,0.00601256391670383,1.9999999999999998,True,0.0058990773571807225,0.14917663195749914,0.13493791809495453,14.493758768115356,0.019182665093992766,-0.72,-5.43,0.0009510655391903838,0.07245156496022,2.0,94.0
159,"demo_00 +15,-7.5 deg",33.199999999999996,112.39999999999999,0.0030570550696527744,True,2.14,False,0.006012064245326313,1.9999999999999996,True,0.005899077357181292,0.3351793596645474,0.10128869439389533,14.114258946572063,0.05338138732815144,-0.74,-5.15,0.002124544229902587,0.07245156496022,1.0,94.0
160,"demo_00 +15,-5 deg",33.199999999999996,114.9,0.004587858668229534,True,2.62,False,0.006013576188494402,2.0,True,0.005899077357181292,0.5070182653749179,0.09515237519451496,13.33158845481961,0.08739712396499735,-0.74,-4.67,0.003314725435271305,0.07245156496022,2.0,94.0
161,"demo_00 +15,-2.5 deg",33.199999999999996,117.4,0.006252458558599549,True,7.84,False,0.006014123592499027,2.0,True,0.005899077432716238,0.8221587957142068,0.11338729214254147,2.5184208381962963,0.12167360500653591,-0.75,0.5499999999999998,0.002156822504905822,0.07245156496022,2.0,94.0
162,"demo_00 +15,+0 deg",33.199999999999996,119.89999999999999,0.008014559049015319,True,8.61,False,0.006013737662144831,2.0,True,0.005899077803176099,1.4320023886696756,0.15479502915761922,5.072419269495826,0.15601286161541092,-0.75,1.3199999999999994,0.003944577258804462,0.07245156496022,3.0,94.0
163,"demo_00 +15,+2.5 deg",33.199999999999996,122.39999999999999,0.009710803469438145,True,9.040000000000001,False,0.006013753883594579,2.0,True,0.005899078561844251,1.7882753848645385,0.15836569798762665,6.47342923895219,0.18913882826863296,-0.75,1.7500000000000009,0.006160554147200654,0.07245156496022,3.0,94.0
164,"demo_00 +15,+5 deg",33.199999999999996,124.89999999999999,0.01117577675914963,True,9.290000000000001,False,0.006014011359939919,2.0,True,0.005899079508444191,2.036066207412178,0.1526454661559407,7.274474627193185,0.2195866169314041,-0.75,2.000000000000001,0.00789860638114252,0.07245156496022,3.0,94.0
165,"demo_00 +15,+7.5 deg",33.199999999999996,127.39999999999999,0.012351923232402036,True,9.44,False,0.0060137935598470384,2.0,True,0.005899080393778318,2.2073934840785556,0.14452703675260384,7.749588838872708,0.2502196693626224,-0.75,2.1499999999999995,0.00878425766861614,0.07245156496022,2.0,94.0
166,"demo_00 +15,+10 deg",33.199999999999996,129.89999999999998,0.013350664276684007,True,9.540000000000001,False,0.006011826938033679,2.0,True,0.005899081117696262,2.327919256374567,0.13440662671642806,8.047825653430726,0.27980116496889296,-0.75,2.250000000000001,0.008739988482082638,0.07245156496022,2.0,94.0
167,"demo_00 +15,+12.5 deg",33.199999999999996,132.4,0.01449229002689488,True,9.6,False,0.006011809604457589,2.0,True,0.0058990816762150575,2.4175957468516205,0.12415216040951699,8.245474021266908,0.3064304698409309,-0.75,2.3099999999999996,0.007915660362733262,0.07245156496022,2.0,94.0
168,"demo_00 +15,+15 deg",33.199999999999996,134.9,0.01626648944043059,True,9.64,False,0.006011839362153412,2.0,True,0.005899082095649722,2.4851043747947936,0.11714894369158359,8.38231349283709,0.32911346955845616,-0.75,2.3500000000000005,0.006600537342564119,0.07245156496022,1.0,94.0
