ridge,warmup,runs,failures,worst_path_rmse_m,mean_path_rmse_m,latest_arrival_s,computed_torque_w20_z0.1_path_rmse_m,computed_torque_w20_z0.1_reference_path_rmse_m,computed_torque_w20_z0.1_tip_error_m,computed_torque_w20_z0.1_arrival_time_s,computed_torque_w20_z0.1_first_step_m,computed_torque_w20_z0.1_detour_m,computed_torque_w20_z0.1_peak_torque_nm,pd_w20_z0.1_path_rmse_m,pd_w20_z0.1_reference_path_rmse_m,pd_w20_z0.1_tip_error_m,pd_w20_z0.1_arrival_time_s,pd_w20_z0.1_first_step_m,pd_w20_z0.1_detour_m,pd_w20_z0.1_peak_torque_nm
1e-06,0.25,2,2,0.26380972663615765,0.2581976548830516,nan,0.25258558312994556,0.23879859484736127,0.48673937107696985,nan,7.487810294062995e-07,0.38915821845137216,59.11086013504952,0.26380972663615765,0.24253597602246818,0.48248459833977436,nan,1.4014323551760332e-07,0.39808126488761764,35.683618015023136
1e-06,0.5,2,2,0.26363136845742036,0.25445029547805803,nan,0.24526922249869573,0.2262852414736145,0.4804005235599151,nan,4.852736833332771e-06,0.37088509066699504,56.20281410228782,0.26363136845742036,0.26320221916489783,0.4806324539600613,nan,2.829015628600879e-07,0.41682403412973146,40.259916516388344
1e-06,1.0,2,2,0.22943650881011937,0.1812125764849764,nan,0.22943650881011937,0.22133603858076717,0.33804255550719964,nan,7.0099518028005945e-06,0.4218893393051667,53.67442460295685,0.1329886441598334,0.12633914492311757,0.2798266284878613,nan,2.545422536556556e-07,0.23594978858658736,32.57405903938213
1e-06,2.0,2,2,0.2296242299420091,0.21715860469200937,nan,0.20469297944200968,0.19228395047084987,0.46124661651893095,nan,1.4655064793067728e-06,0.318283841481708,53.905877393811636,0.2296242299420091,0.20500997992279285,0.4581699068442344,nan,1.3785365505190343e-07,0.443849529437788,44.25337758891171
0.0001,0.25,2,0,0.0020311924410251494,0.0018950778895137684,13.33,0.0017589633380023875,0.0017596724641016327,0.22113091462288897,13.22,3.309748993394212e-05,0.0045394622308411415,0.1535743723503489,0.0020311924410251494,0.0020070310008643327,0.23765276082058887,13.33,3.830239906787848e-07,0.008092941512185477,0.05227126916571094
0.0001,0.5,2,0,0.0020999169947657067,0.001989444104552127,13.27,0.0018789712143385472,0.0018798903098413524,0.21397418306486493,13.13,5.988302535248209e-06,0.005027249643859886,0.07146076453226115,0.0020999169947657067,0.00208007670365027,0.23310543896346872,13.27,9.802715665863684e-07,0.0077276498689391945,0.05239980222194239
0.0001,1.0,2,0,0.002345082927972154,0.002273854351766635,13.540000000000001,0.002202625775561116,0.002203516401620156,0.2343938340972114,13.530000000000001,8.359455540320994e-06,0.006040040903271335,0.0685485225321505,0.002345082927972154,0.0023276571638208435,0.2468839664046688,13.540000000000001,1.0837761915782908e-06,0.006849602005915569,0.054108843584186515
0.0001,2.0,2,0,0.0023506621568726276,0.002281249903379149,13.56,0.002211837649885671,0.002212733102453333,0.23604553807875894,13.56,6.261915096361586e-06,0.006113713156167204,0.06854227917837451,0.0023506621568726276,0.0023336401174067958,0.24829125398583077,13.56,9.390619452528355e-07,0.006724300836361365,0.05410042373469825
0.001,0.25,2,0,0.001477915651500937,0.001356028457398484,13.39,0.0012341412632960308,0.0012353383264653247,0.22228670675281126,13.290000000000001,4.3547100172198636e-05,0.002692788725351724,0.20150934467197795,0.001477915651500937,0.0014582061275400765,0.2354166857404461,13.39,9.570415827216718e-07,0.004949150057059704,0.05339241900637094
0.001,0.5,2,0,0.001521463486941502,0.0013938632182308919,13.35,0.0012662629495202818,0.0012675466063304642,0.2175362111771472,13.23,3.234705604048267e-05,0.0028934494003651483,0.16118163613823627,0.001521463486941502,0.0015023145365841671,0.23207984168593787,13.35,1.036464702728949e-06,0.004867233341765113,0.05253756665900507
0.001,1.0,2,0,0.0015214253678391475,0.0014130624972078002,13.200000000000001,0.0013046996265764527,0.0013056406813335129,0.20523797538985253,13.11,1.6807919415294055e-05,0.0031087524146676854,0.057212020595266234,0.0015214253678391475,0.0015047405554763466,0.21885898202702944,13.200000000000001,1.921915515427732e-06,0.004164452574817707,0.04924916345785056
0.001,2.0,2,0,0.001518536905893402,0.0014112140333961323,13.200000000000001,0.0013038911608988623,0.0013048316564745902,0.20533516296463886,13.11,1.5612922658079962e-05,0.0031206401940887117,0.057222805358517204,0.001518536905893402,0.001501986024225089,0.21893826861756313,13.200000000000001,1.9060797913000332e-06,0.004167475583556757,0.04926270756522025
0.01,0.25,2,0,0.001447367352001822,0.001402643274117312,14.77,0.001357919196232802,0.0013587281496390624,0.28702423120562953,14.67,8.824319032716877e-05,0.0031168997646675595,0.39205856155176716,0.001447367352001822,0.0014328440308534417,0.2975508116385012,14.77,1.5180502907216623e-06,0.003184613212224333,0.04979379807782701
0.01,0.5,2,0,0.0016329388958092263,0.001559681760241246,14.64,0.0014864246246732657,0.001487316587586638,0.27905379684095943,14.530000000000001,8.450732442556753e-05,0.002974664824315425,0.12726668893890572,0.0016329388958092263,0.0016193370010147215,0.29048998055737685,14.64,5.452292949142568e-06,0.0032312875999307177,0.051207938642976084
0.01,1.0,2,0,0.0015237439229762396,0.0014556705817923604,14.450000000000001,0.001387597240608481,0.0013884219957000588,0.2663560627383719,14.36,3.0056683823504615e-05,0.00301548439166564,0.05051262888423828,0.0015237439229762396,0.001513255911049782,0.27668918147679505,14.450000000000001,3.264696538641491e-06,0.003047460744714173,0.05171779937003962
0.01,2.0,2,0,0.0015227554829083687,0.001454889372377029,14.450000000000001,0.0013870232618456893,0.0013878482596415154,0.2663705507892717,14.370000000000001,2.9349424476160814e-05,0.0030146785624583197,0.05051171915258319,0.0015227554829083687,0.0015122776243449057,0.2767019692510255,14.450000000000001,3.24770882089395e-06,0.003043089523817706,0.051716525951311126
0.1,0.25,2,0,0.003486143981705852,0.0033783087829205635,14.01,0.003486143981705852,0.003487667528983639,0.24276683238044205,13.97,9.406621181001541e-05,0.008664564496501007,0.19393157197805974,0.003270473584135275,0.003274364016344604,0.25135426959191065,14.01,4.801817930824115e-06,0.008563387624806013,0.04036636973040754
0.1,0.5,2,0,0.0035602301547728137,0.003443106408381627,13.93,0.0035602301547728137,0.003561793085440993,0.23825976116563713,13.870000000000001,5.658299929969804e-05,0.008909202434406491,0.045012836191551414,0.0033259826619904407,0.00332950242307011,0.24722644196740307,13.93,6.569804095247558e-06,0.008792191411882179,0.04180454430922716
0.1,1.0,2,0,0.0035111797941964513,0.00339606390422943,13.85,0.0035111797941964513,0.003512750533942489,0.234300108890332,13.8,7.363092399740589e-05,0.008811657872296296,0.05830959569506742,0.0032809480142624086,0.003284713047125226,0.24305136999140334,13.85,6.084203655189838e-06,0.008703659509793463,0.04249157486524921
0.1,2.0,2,0,0.0035120782800075663,0.0033969422898940923,13.85,0.0035120782800075663,0.0035136488975311083,0.23430387469894629,13.8,7.347753113248294e-05,0.008814055513157833,0.058154676443323325,0.0032818062997806187,0.003285570876799447,0.24305498614117632,13.85,6.078657660396674e-06,0.008706031306188487,0.042488114518500486
1.0,0.25,2,0,0.0025044729309296305,0.0024212299422829353,11.72,0.0025044729309296305,0.002506419433321906,0.12711029526607914,11.67,0.00012689360422345902,0.005983024781708347,0.80802038471514,0.00233798695363624,0.002328849536593085,0.13314975004574645,11.72,9.765974685157843e-06,0.005620455999096212,0.09457062936662411
1.0,0.5,2,0,0.0025077805941630645,0.0024240767491443046,11.66,0.0025077805941630645,0.0025098345456995227,0.12212893571070747,11.61,0.00020726617686169665,0.005989963971887857,0.36939868214869376,0.002340372904125545,0.0023322143237342386,0.1283463793574702,11.66,1.198871419717612e-05,0.005652296407718644,0.05512659956177793
1.0,1.0,2,0,0.002505732595569248,0.0024225310360190084,11.65,0.002505732595569248,0.002507789989033997,0.12161346328833668,11.6,0.00021635752070955103,0.005983537062848448,0.36527137036401836,0.0023393294764687688,0.0023313683839056502,0.1278246602003702,11.65,1.3006652985093076e-05,0.005657048261157071,0.05526258405993298
1.0,2.0,2,0,0.0025059430088914623,0.002422733518425586,11.65,0.0025059430088914623,0.0025080004586700197,0.1216131133507442,11.6,0.0002162939026293667,0.005984079065328753,0.36460311347593954,0.00233952402795971,0.0023315633972604403,0.12782446230911176,11.65,1.3016378850160348e-05,0.005657571300904532,0.0552615487845223
10.0,0.25,2,0,0.0022676291953543657,0.00225230077322908,11.11,0.0022369723511037947,0.002239517912272297,0.09687672289611104,11.06,0.0010599242130749473,0.006792428196414521,3.7508413437519996,0.0022676291953543657,0.0022138401140711045,0.10193529563974987,11.11,1.5643908052640577e-05,0.008451727766025548,0.21541934568404913
10.0,0.5,2,0,0.0022429492439938665,0.0022284072859302543,11.08,0.002213865327866642,0.0022148835669030093,0.09461297166712343,11.03,0.0007139127865762456,0.00676524188506032,1.7722224366970505,0.0022429492439938665,0.002191185616298318,0.09968175527927435,11.08,2.8934964097421825e-05,0.008418740209597568,0.09398364901023909
10.0,1.0,2,0,0.002241797540473033,0.00222730382240743,11.08,0.002212810104341827,0.0022138313829741336,0.09446837331089218,11.03,0.0007087745158339077,0.006755969750899667,1.716701155151383,0.002241797540473033,0.0021902179619242455,0.09953739920201497,11.08,2.9793734509422784e-05,0.00841358074406047,0.09448198990087436
10.0,2.0,2,0,0.0022418155484463112,0.002227323813013751,11.08,0.002212832077581191,0.00221385359072243,0.09446760693858379,11.03,0.0007086546508794398,0.006756032946620718,1.7157095526670065,0.0022418155484463112,0.0021902381370675953,0.09953669274254234,11.08,2.9806179414815994e-05,0.008413658229911018,0.09449252773241466
