scenario,law,omega,start,output_departure_deg,arm_departure_deg,ratio
nominal,computed_torque,10.0,0,0.10912920485307405,0.20348188594927924,0.5363091871493468
nominal,computed_torque,10.0,1,0.22503838654556582,0.455221298349318,0.494349423811187
nominal,computed_torque,10.0,2,0.38225603595298974,0.7351948055911415,0.5199384340666452
nominal,computed_torque,10.0,3,0.2509861932337364,0.526410945279765,0.4767875658443005
nominal,computed_torque,10.0,4,0.13628271785983614,0.285478477176494,0.4773835113866774
nominal,computed_torque,10.0,5,0.16864379610917635,0.2857238702487674,0.5902334864859051
nominal,computed_torque,10.0,6,0.19350425532314577,0.3719590933257128,0.5202299360206801
nominal,computed_torque,10.0,7,0.16265968905004458,0.3553612559508621,0.45773051036418133
nominal,pd,20.0,0,0.6217588521311701,0.9722201935385453,0.6395247252252424
nominal,pd,20.0,1,0.45471492837539224,0.7303633018847685,0.6225873167531272
nominal,pd,20.0,2,0.31235833428266124,0.49354646191855933,0.6328853682152499
nominal,pd,20.0,3,0.539258140555722,0.809697734054565,0.6659993203332611
nominal,pd,20.0,4,0.5471543570560721,0.8157128908606063,0.670768309764977
nominal,pd,20.0,5,0.5138421647847091,0.7551396097887645,0.6804598224273342
nominal,pd,20.0,6,0.7035276309488886,1.0580704572964217,0.6649156737128264
nominal,pd,20.0,7,0.40916906605772674,0.6783350258488529,0.6031961353399111
push,computed_torque,10.0,0,3.4910099849017167,6.209553689498657,0.5621998229607983
push,computed_torque,10.0,1,0.810073622872819,1.4792227366715622,0.5476346481095787
push,computed_torque,10.0,2,3.7916200706342003,6.70339899537118,0.5656264938507142
push,computed_torque,10.0,3,5.070093256335206,8.891060847558274,0.5702461543413676
push,computed_torque,10.0,4,4.963231686395282,8.547645097887258,0.5806548621938054
push,computed_torque,10.0,5,3.4241617717702577,5.908083005783734,0.5795723872562666
push,computed_torque,10.0,6,1.5312175133637134,2.544129307345539,0.6018630849236729
push,computed_torque,10.0,7,5.11289110360693,8.591809124341065,0.5950890004203923
push,pd,20.0,0,0.49093259944373546,0.9809973886204008,0.5004423101820336
push,pd,20.0,1,1.066965063729702,1.7987348200888935,0.5931752984450328
push,pd,20.0,2,1.3744727017749943,2.380376174620004,0.5774182738131342
push,pd,20.0,3,1.3229714220117164,2.3407424885841315,0.565193065219214
push,pd,20.0,4,1.2594149120763427,2.2706035348818805,0.5546608611889874
push,pd,20.0,5,0.7561241633601572,1.4378038347010629,0.5258882645262695
push,pd,20.0,6,1.036059059748974,1.6194202139301428,0.6397715990185032
push,pd,20.0,7,1.8654379933958927,3.1551012263610034,0.5912450535057575
block,computed_torque,10.0,0,6.798022590752788,14.318427267315785,0.4747743913376866
block,computed_torque,10.0,1,13.613607014005122,30.217772928300036,0.45051655680606056
block,computed_torque,10.0,2,19.13106654477971,45.93014218958283,0.4165253063187495
block,computed_torque,10.0,3,14.88221767639073,36.01208111428492,0.4132562522327375
block,computed_torque,10.0,4,8.222086170282903,19.4573823564717,0.42256897765840346
block,computed_torque,10.0,5,10.162420615944523,18.428715291634465,0.5514448758431715
block,computed_torque,10.0,6,13.008781415500483,26.462555289577267,0.4915920353551123
block,computed_torque,10.0,7,10.047754333861864,25.154541256538376,0.39944096898408626
block,pd,20.0,0,6.881246012933259,14.335428711402399,0.4800167578846049
block,pd,20.0,1,13.342090911269866,29.379879097950504,0.45412341101841325
block,pd,20.0,2,18.089023559602303,42.9961273044461,0.4207128570328652
block,pd,20.0,3,14.211707555468577,34.14495926743239,0.41621685485575505
block,pd,20.0,4,8.023182320213785,18.820961176829467,0.42628972265726495
block,pd,20.0,5,9.935259017994689,18.1062391124752,0.5487201928725935
block,pd,20.0,6,12.835459711771088,25.990613462842592,0.49384981736276706
block,pd,20.0,7,9.81144325007098,24.280004969022187,0.40409560305234604
