tracker,push,undisturbed_arrival_s,arrival_s,arrival_shift_s,holds,settling_time_s,largest_distance_from_taught_path_m,farthest_from_target_m,final_distance_m,peak_torque_nm,replay_holds,replay_peak_torque_nm
"computed torque, ω = 10",forward (10 N),5.78,6.07,0.29000000000000004,True,6.07,0.277184506593037,0.30360078439795196,0.0058990773898896865,47.47843075400526,False,29.69023871678565
"computed torque, ω = 10",backward (10 N),5.78,5.39,-0.39000000000000057,False,7.44,0.3919715317222526,0.8395773419811781,0.0058990760407395875,39.37532669901451,False,33.26250567631092
"computed torque, ω = 10",across (5 N),5.78,12.530000000000001,6.750000000000001,True,12.530000000000001,0.45316886051707334,0.7314716067053465,0.005920073307969526,22.90585153582721,False,30.019484799837166
"joint PD, ω = 10",forward (10 N),8.21,6.55,-1.660000000000001,False,8.38,0.10803799964491413,0.4637810082064903,0.0057510531796241245,2.2870900459869032,True,12.705787793323724
"joint PD, ω = 10",backward (10 N),8.21,8.55,0.33999999999999986,False,11.69,0.3166478993303029,0.8395820290386551,0.005315090988273723,2.3191549392450628,True,15.403479741405931
"joint PD, ω = 10",across (5 N),8.21,15.64,7.43,False,nan,0.3851481453945303,0.6669616546539759,0.02829182297517453,1.493308180710355,True,13.566289652782345
"joint PD, ω = 20",forward (10 N),6.37,5.19,-1.1799999999999997,False,5.75,0.012535061392428996,0.37443428646287086,0.005899077998616516,4.014749639453421,False,28.84290057467587
"joint PD, ω = 20",backward (10 N),6.37,9.85,3.4799999999999995,True,9.85,0.010919183382759113,0.4963355470992913,0.005898718301682481,4.237965852761078,False,27.67679115109405
"joint PD, ω = 20",across (5 N),6.37,14.26,7.89,True,14.26,0.18079210252120373,0.5714545111216246,0.005858363086662444,4.2402288423341865,False,28.3480965402565
"joint PD, ω = 40",forward (10 N),5.94,5.63,-0.3100000000000005,True,5.63,0.004412711055571378,0.2595991115453514,0.005899077357254946,7.014117651898576,False,63.1644197720943
"joint PD, ω = 40",backward (10 N),5.94,6.21,0.2699999999999996,True,6.21,0.0056943801162442536,0.2654168760419036,0.005899077357529598,7.042268541599488,False,62.11876317947426
"joint PD, ω = 40",across (5 N),5.94,6.34,0.39999999999999947,True,6.34,0.05235250520667681,0.2595991115453514,0.005899077357660252,3.7099484782442183,False,62.88370096376145
"computed torque, ζ = 0.5",forward (10 N),5.82,nan,nan,False,nan,1.0719744700402078,1.299350521765947,0.5933798079580054,53.08635986966553,False,21.403651489002606
"computed torque, ζ = 0.5",backward (10 N),5.82,nan,nan,False,nan,1.0727165299013732,1.300155888175777,0.6189947913730076,72.4095882506282,False,29.84214290907795
"computed torque, ζ = 0.5",across (5 N),5.82,9.23,3.41,False,10.14,0.5338242132330769,0.8210470564844863,0.005760164293027639,24.21950851647962,False,23.6055822505436
"computed torque, ζ = 0.3",forward (10 N),5.82,nan,nan,False,nan,2.0044589930440138,2.0151834615985447,0.7412477819885566,55.35119408333958,False,17.835060865497354
"computed torque, ζ = 0.3",backward (10 N),5.82,nan,nan,False,nan,2.004415896225834,2.01522283941545,1.18005054876282,104.19927743795202,False,29.105732298529862
"computed torque, ζ = 0.3",across (5 N),5.82,nan,nan,False,nan,2.0042258829858386,2.0151101281236863,1.3754973541954705,38.47261670695676,False,21.20616229303468
"computed torque, ζ = 0.1",forward (10 N),5.82,nan,nan,False,nan,2.7051336702662248,2.9999127355995228,2.2711362774712174,126.99069842088338,False,15.42566461339067
"computed torque, ζ = 0.1",backward (10 N),5.82,nan,nan,False,nan,2.710963125534964,2.999877186512601,2.5643458403998167,139.3582396568664,False,28.4577031280099
"computed torque, ζ = 0.1",across (5 N),5.82,nan,nan,False,nan,2.7092969254488053,2.998462127571023,2.3248568256503637,89.23257699955424,False,18.897088910192995
"joint PD ω = 20, ζ = 0.1",forward (10 N),6.45,5.24,-1.21,False,5.75,0.01237554837737533,0.38917876444802113,0.005899040234550395,2.1862849462202587,False,14.668249653016765
"joint PD ω = 20, ζ = 0.1",backward (10 N),6.45,11.77,5.319999999999999,True,11.77,0.01592509685266082,0.5385151523580626,0.005909819108786249,2.5461369364295576,False,13.479444009143998
"joint PD ω = 20, ζ = 0.1",across (5 N),6.45,13.030000000000001,6.580000000000001,True,13.030000000000001,0.20205629363920513,0.590440511070915,0.0060658856271411975,3.6230624327876244,False,6.237906192354754
