start,origin,start_q1_deg,start_q2_deg,first_step_m,reach_path_distance_m,reach_joint_error_deg,arrival_delay_s,arrived,arrival_time_s,left_goal,hold_error_m,hold_observed_s,success
0,demo_00,29.4,88.2,0.00045802229697288827,0.0001526129567237114,0.005241264685490591,0.0,True,1.1300000000000001,False,3.864217896945353e-05,1.9999999999999998,True
1,demo_01,52.6,55.8,0.00047504389582475604,0.0002526228033794743,0.0067087163880758085,0.0,True,1.1500000000000001,False,3.2606778476008685e-05,1.9999999999999998,True
2,demo_02,72.9,38.6,0.0001206391890858099,0.00021643072947460018,0.013121708752354489,0.0,True,1.1400000000000001,False,2.5378851895539774e-05,2.0,True
3,demo_03,78.3,55.8,0.00016838724032519273,0.0003639948624954804,0.009595358936813774,0.0,True,1.11,False,2.1471459197535368e-05,1.9999999999999998,True
4,demo_04,74.7,88.2,0.0003469189107943467,0.0002024541838730344,0.006893656235719603,0.0,True,1.12,False,2.5138636768928726e-05,2.0,True
5,demo_05,63.6,119.89999999999999,0.00021109558364682584,0.00023661644805606644,0.006445290411763858,0.0,True,1.1500000000000001,False,6.001166271699925e-05,1.9999999999999998,True
6,demo_06,37.4,136.0,0.00044691023492524903,0.0001572407820338306,0.005044244500368546,0.0,True,1.1400000000000001,False,3.216021920285912e-05,2.0,True
7,demo_07,18.2,119.89999999999999,0.00015939602914133,0.00023203269373369052,0.004755184199092126,0.0,True,1.11,False,1.728629952910214e-05,1.9999999999999998,True
8,between 0,40.5,71.4,0.0005584376383566737,0.0005925406337680332,0.016725338083542013,0.0,True,1.1400000000000001,False,3.577016704524459e-05,2.0,True
9,between 1,64.2,43.6,0.00023733703221431418,0.00031608288945279514,0.020265838136919827,0.0,True,1.1500000000000001,False,3.0362536710247543e-05,1.9999999999999998,True
10,between 2,77.3,43.6,0.00015631262515104622,0.00026947761197475143,0.015477599083534506,0.0,True,1.12,False,2.691841733626956e-05,2.0,True
11,between 3,77.2,71.4,0.0002373819675062421,0.00023637118137556092,0.010983860272942503,0.0,True,1.11,False,3.2867486974419184e-06,1.9999999999999998,True
12,between 4,70.4,104.8,0.00032600132138456493,0.0003123232051442252,0.020669198980463127,0.0,True,1.1400000000000001,False,5.170725901879487e-05,2.0,True
13,between 5,52.7,131.4,0.00014924678833329864,0.0012812117943180419,0.03346011339448845,0.0,True,1.1500000000000001,False,2.8044704138148923e-05,1.9999999999999998,True
14,between 6,23.6,131.4,0.0004114778903168474,0.0008411196974831801,0.041638213770615794,0.0,True,1.12,False,3.1785761565330785e-05,2.0,True
15,between 7,21.200000000000003,104.8,0.0002930472306307949,0.0003246570263921165,0.02105879510524213,0.010000000000000009,True,1.12,False,2.100503458470921e-05,2.0,True
16,nearer 0,37.7,94.90000000000002,0.0007710673651631856,0.011656085024385128,0.6577060012898032,0.040000000000000036,True,1.07,False,7.69189365469318e-05,2.0,True
17,nearer 1,48.1,79.7,0.0007350421912669762,0.022090744674507414,0.6875986511067579,0.0,True,1.05,False,6.305225625499938e-05,2.0,True
18,nearer 2,58.1,73.2,0.0006279720536991121,0.021464579300860813,0.7096137184267746,-0.040000000000000036,True,1.0,False,6.488429719578576e-05,2.0,True
19,nearer 3,62.8,79.7,0.0006241996285005441,0.011890890095059841,0.7008014659025626,-0.07000000000000006,True,0.96,False,6.247176479494812e-05,2.0,True
20,nearer 4,61.20000000000001,94.90000000000002,0.0008192894150824712,0.0073224254485348824,0.6932202122045363,-0.040000000000000036,True,0.99,False,6.26933356753633e-05,2.0,True
21,nearer 5,53.6,110.6,0.000991953600081215,0.021099227441779812,0.6829899823171945,0.010000000000000009,True,1.06,False,8.14209579616402e-05,2.0,True
22,nearer 6,41.6,117.4,0.0010639477075441578,0.021593670507526773,0.6639812433558616,0.040000000000000036,True,1.08,False,0.00010637289788291142,2.0,True
23,nearer 7,34.0,110.6,0.0008936037274713019,0.006666723513863835,0.6428637597576446,0.040000000000000036,True,1.07,False,9.770991915297061e-05,2.0,True
24,farther 0,24.6,76.90000000000002,0.0008747949193030859,0.025818204223232787,1.0496377916760151,0.0,True,1.18,False,0.00010510234356070595,2.0,True
25,farther 1,88.6,76.90000000000002,0.0012725087624166798,0.010714086372378794,1.1942855735254114,0.040000000000000036,True,1.21,False,0.00011003807465881321,2.0,True
26,farther 2,78.0,124.7,0.002623289704326003,0.030380008183876508,1.2742312232185191,0.0,True,1.21,False,0.0003780109730595323,2.0,True
27,farther 3,38.7,154.0,0.0014229736580247615,0.04384540608832994,1.2664920770410253,-0.020000000000000018,True,1.17,False,0.000219557837562561,2.0,True
28,farther 4,1.3,124.7,0.00136954168531403,0.0050997884117099075,0.9281413577545553,-0.029999999999999805,True,1.1300000000000001,False,0.00025116867483537494,1.9999999999999998,True
