start,origin,start_q1_deg,start_q2_deg,first_step_m,reach_path_distance_m,reach_joint_error_deg,arrival_delay_s,arrived,arrival_time_s,left_goal,hold_error_m,hold_observed_s,success,training_path_distance_deg,demonstrator_training_path_distance_deg,training_path_ratio
0,"demo_00 -15,-15 deg",3.2000000000000015,104.9,0.34085643533426585,0.2881599925567515,12.654488396637243,0.040000000000000036,True,1.21,False,0.0003478095284002411,2.0,True,4.337439523536601,10.762550191362198,0.4030122458353542
1,"demo_00 -15,-12.5 deg",3.2000000000000015,107.4,0.313166469843476,0.2572516171053554,11.482807518975784,0.030000000000000027,True,1.2,False,0.0003224735958492907,2.0,True,3.8297517384368898,9.73889307555764,0.39324302143214585
2,"demo_00 -15,-10 deg",3.2000000000000015,109.89999999999999,0.28692497618201207,0.2261042624679639,10.470797007591612,0.030000000000000027,True,1.19,False,0.0002982994283684478,2.0,True,3.331717839138939,8.852111935220934,0.37637547553851447
3,"demo_00 -15,-7.5 deg",3.2000000000000015,112.39999999999999,0.26269605049576605,0.19498118499833472,9.564760792496735,0.020000000000000018,True,1.18,False,0.00027525958500756184,2.0,True,2.8511308730475204,7.972485786834196,0.3576213177771847
4,"demo_00 -15,-5 deg",3.2000000000000015,114.9,0.24121135169147848,0.16446893660851905,8.860984055195601,0.0,True,1.16,False,0.00026216225142491857,2.0,True,2.4200376793120646,7.20764547919915,0.33575981037027336
5,"demo_00 -15,-2.5 deg",3.2000000000000015,117.4,0.22338109598038736,0.13537481263356718,8.445970854308536,0.0,True,1.1500000000000001,False,0.00024215635547969667,1.9999999999999998,True,2.0179703579853143,6.644371103904945,0.3037112657357953
6,"demo_00 -15,+0 deg",3.2000000000000015,119.89999999999999,0.2102438334718031,0.10880330331706384,8.28736984765366,-0.010000000000000009,True,1.1400000000000001,False,0.00022410635323118542,2.0,True,1.6972663410241295,6.199678792285735,0.27376681887713916
7,"demo_00 -15,+2.5 deg",3.2000000000000015,122.39999999999999,0.20280692512144277,0.086044606949624,8.43847661884502,-0.010000000000000009,True,1.1400000000000001,False,0.00019898968969799858,2.0,True,1.4805729386397761,5.961964530068546,0.24833642185770494
8,"demo_00 -15,+5 deg",3.2000000000000015,124.89999999999999,0.20177897301453904,0.06718956020162342,8.881856164410678,-0.020000000000000018,True,1.1300000000000001,False,0.00018703091498427729,1.9999999999999998,True,1.4059480323290263,6.177549531491353,0.22758992463952116
9,"demo_00 -15,+7.5 deg",3.2000000000000015,127.39999999999999,0.20731560322356593,0.05065876703319077,9.575162664125346,-0.020000000000000018,True,1.1300000000000001,False,0.00016996212657735457,1.9999999999999998,True,1.4437487359768812,6.916481093223364,0.20874035749066652
10,"demo_00 -15,+10 deg",3.2000000000000015,129.89999999999998,0.2189633463588731,0.07652966416435304,10.466904760941471,-0.030000000000000027,True,1.12,False,0.0001690074538782417,2.0,True,1.5806904515087932,7.80203127141555,0.20259986105156985
11,"demo_00 -15,+12.5 deg",3.2000000000000015,132.4,0.2358481077533202,0.10309498340598583,11.459917741664384,-0.039999999999999813,True,1.12,False,0.0001652983613437435,2.0,True,1.7689588824008158,8.723299870928011,0.20278551793183153
12,"demo_00 -15,+15 deg",3.2000000000000015,134.9,0.2569573051908321,0.12942865147930654,12.608435815726581,-0.039999999999999813,True,1.12,False,0.00016936944694229104,2.0,True,1.9921579558669134,9.790680141901253,0.20347492993270805
13,"demo_00 -12.5,-15 deg",5.7,104.9,0.3132381017495799,0.2870312852423167,11.824836954476405,0.050000000000000044,True,1.21,False,0.00032605286952514076,2.0,True,4.153568478877356,10.180198083558139,0.40800468171495724
14,"demo_00 -12.5,-12.5 deg",5.7,107.4,0.2842732595772379,0.25438102712948907,10.556780206788948,0.040000000000000036,True,1.2,False,0.0002988765517964175,2.0,True,3.633460373715768,9.077758779604899,0.40025963037034024
15,"demo_00 -12.5,-10 deg",5.7,109.89999999999999,0.2566871215227945,0.22125532607867388,9.393463244643627,0.020000000000000018,True,1.18,False,0.0002794523385364507,2.0,True,3.145834495704754,8.032024963473367,0.3916614440332081
16,"demo_00 -12.5,-7.5 deg",5.7,112.39999999999999,0.23112069900730708,0.18802146647936632,8.414831582741586,0.019999999999999796,True,1.17,False,0.00025465543624834236,2.0,True,2.6430208953586667,7.126269995158935,0.3708841928742725
17,"demo_00 -12.5,-5 deg",5.7,114.9,0.208461572906336,0.15527297771490275,7.6054283597532155,0.009999999999999787,True,1.16,False,0.0002309115115267616,2.0,True,2.168525813515506,6.269358219504453,0.3458927911901821
18,"demo_00 -12.5,-2.5 deg",5.7,117.4,0.18988988948199423,0.12397579922598029,7.076974862956568,0.0,True,1.1500000000000001,False,0.00020847179706435143,1.9999999999999998,True,1.7462229757463381,5.569025933559436,0.31355985707005707
19,"demo_00 -12.5,+0 deg",5.7,119.89999999999999,0.17682374018664,0.09558466714952277,6.893087776292605,-0.010000000000000009,True,1.1400000000000001,False,0.0001878659781331301,2.0,True,1.4141851759018698,5.069712412845691,0.27894781019897547
20,"demo_00 -12.5,+2.5 deg",5.7,122.39999999999999,0.1706416044007752,0.07188043517760977,7.078926349223158,-0.020000000000000018,True,1.1300000000000001,False,0.00017001206031470574,1.9999999999999998,True,1.217766999301532,4.811325794731997,0.25310424844538404
21,"demo_00 -12.5,+5 deg",5.7,124.89999999999999,0.17217494856569424,0.05234227070042361,7.605403775683043,-0.030000000000000027,True,1.12,False,0.00015629621486365312,2.0,True,1.1783937365350505,5.151697470863624,0.22873892405361027
22,"demo_00 -12.5,+7.5 deg",5.7,127.39999999999999,0.18129441208640465,0.05479814816790235,8.406570530971536,-0.030000000000000027,True,1.12,False,0.00013968418574561152,2.0,True,1.2654883874116565,5.9817120350538255,0.21155956354897804
23,"demo_00 -12.5,+10 deg",5.7,129.89999999999998,0.19699542259787742,0.08274177202685866,9.410260460708697,-0.030000000000000027,True,1.12,False,0.00013098139719131492,2.0,True,1.4405767986966127,6.956066060007412,0.20709648043438472
24,"demo_00 -12.5,+12.5 deg",5.7,132.4,0.2178893093928775,0.11084734498642472,10.556574835250652,-0.030000000000000027,True,1.12,False,0.0001318587076317969,2.0,True,1.6637818222348701,8.03119072923262,0.20716502425709973
25,"demo_00 -12.5,+15 deg",5.7,134.9,0.24265475718438492,0.13821361883094402,11.751419970609708,-0.039999999999999813,True,1.12,False,0.00014209673541459622,2.0,True,1.9136440027586679,9.101599835869152,0.2102535858824566
26,"demo_00 -10,-15 deg",8.200000000000001,104.9,0.28712463591846,0.2859393606508288,11.056618006856075,0.050000000000000044,True,1.21,False,0.000304174304249628,2.0,True,3.9799436741278997,9.582090238800468,0.4153523474462842
27,"demo_00 -10,-12.5 deg",8.200000000000001,107.4,0.25668634937832596,0.25138963047980073,9.735609516911914,0.04999999999999982,True,1.2,False,0.0002751294245393905,2.0,True,3.4477634267522776,8.48223193744255,0.4064688931144462
28,"demo_00 -10,-10 deg",8.200000000000001,109.89999999999999,0.2274568560438491,0.21612421473124602,8.45437388578729,0.029999999999999805,True,1.18,False,0.00025237545033686995,2.0,True,2.9439491118705012,7.347989614561788,0.40064687979911756
29,"demo_00 -10,-7.5 deg",8.200000000000001,112.39999999999999,0.2001354592193673,0.1805507506721066,7.306375014802233,0.019999999999999796,True,1.17,False,0.00022547365699726122,2.0,True,2.422182981447945,6.283607093735563,0.385476517757251
30,"demo_00 -10,-5 deg",8.200000000000001,114.9,0.17578313985235464,0.14529098336177734,6.391293865890498,0.019999999999999796,True,1.16,False,0.00019946604671288628,2.0,True,1.9249353092271684,5.371905275532018,0.35833381463274755
31,"demo_00 -10,-2.5 deg",8.200000000000001,117.4,0.15596234072394033,0.11143104112251828,5.752595681304287,0.0,True,1.1400000000000001,False,0.00018078758539593817,2.0,True,1.4893793301165,4.5715470818324935,0.3257932825487791
32,"demo_00 -10,+0 deg",8.200000000000001,119.89999999999999,0.14272814869589232,0.08087330551437374,5.527833376650496,-0.010000000000000009,True,1.1300000000000001,False,0.00015792371801725158,1.9999999999999998,True,1.1391248535713523,4.000538462351017,0.28474288256234315
33,"demo_00 -10,+2.5 deg",8.200000000000001,122.39999999999999,0.13812045926323802,0.05627210432937435,5.7633201453943315,-0.010000000000000009,True,1.1300000000000001,False,0.0001310706467203067,1.9999999999999998,True,0.9521822023074169,3.720676610262821,0.25591641038648527
34,"demo_00 -10,+5 deg",8.200000000000001,124.89999999999999,0.14307921019891467,0.03597194132034513,6.405934084153883,-0.020000000000000018,True,1.12,False,0.00011565382939052189,2.0,True,0.9648656286555829,4.2628121970554735,0.22634485969662502
35,"demo_00 -10,+7.5 deg",8.200000000000001,127.39999999999999,0.1567731934732804,0.06134880653826992,7.34696858106773,-0.030000000000000027,True,1.11,False,0.0001080173374494792,1.9999999999999998,True,1.1182232827653278,5.208742494885825,0.21468200508342447
36,"demo_00 -10,+10 deg",8.200000000000001,129.89999999999998,0.1772378425221361,0.0914265363355005,8.448559423394844,-0.040000000000000036,True,1.11,False,0.00010398104264700026,1.9999999999999998,True,1.3421004468181321,6.236982057553702,0.21518427252691777
37,"demo_00 -10,+12.5 deg",8.200000000000001,132.4,0.20245981201218788,0.1209148834105824,9.706921696503125,-0.040000000000000036,True,1.11,False,0.00011206634096846738,1.9999999999999998,True,1.60083025862099,7.395006322751494,0.21647449491636964
38,"demo_00 -10,+15 deg",8.200000000000001,134.9,0.2309005456222208,0.14917789573137122,11.045190630144802,-0.040000000000000036,True,1.11,False,0.00013001606326774702,1.9999999999999998,True,1.8752702003464816,8.60959182713233,0.21781174276308218
39,"demo_00 -7.5,-15 deg",10.700000000000001,104.9,0.2632714540646245,0.28493475265665696,10.47097663423466,0.05999999999999983,True,1.21,False,0.0002820999387811168,2.0,True,3.8178923159602283,9.126774210355928,0.41831782270105455
40,"demo_00 -7.5,-12.5 deg",10.700000000000001,107.4,0.23121810416507738,0.24830772529184753,9.011479959027584,0.04999999999999982,True,1.2,False,0.00025114924622396764,2.0,True,3.2750267510443303,7.8924157718108505,0.4149587205911862
41,"demo_00 -7.5,-10 deg",10.700000000000001,109.89999999999999,0.20006730430426103,0.2107323550563253,7.646862285800452,0.039999999999999813,True,1.18,False,0.00022501670699437483,2.0,True,2.755574923535353,6.740215512319023,0.4088259371675901
42,"demo_00 -7.5,-7.5 deg",10.700000000000001,112.39999999999999,0.17051216139725167,0.17254354327630025,6.347354065012258,0.029999999999999805,True,1.17,False,0.0001960130402475998,2.0,True,2.2154699988334285,5.572951719560627,0.3975397796929231
43,"demo_00 -7.5,-5 deg",10.700000000000001,114.9,0.1437463586325633,0.13445727130466897,5.229295621864425,0.010000000000000009,True,1.1500000000000001,False,0.00017214703164496677,1.9999999999999998,True,1.7071450878258316,4.49589082033599,0.37971230976161735
44,"demo_00 -7.5,-2.5 deg",10.700000000000001,117.4,0.12183399370559643,0.09758682873412959,4.430636185229976,0.0,True,1.1400000000000001,False,0.00014506894116076243,2.0,True,1.225144835922833,3.5776302118395775,0.34244591066690405
45,"demo_00 -7.5,+0 deg",10.700000000000001,119.89999999999999,0.10797685853292747,0.06443137353865296,4.156036444654259,0.0,True,1.1300000000000001,False,0.00011957443355827579,1.9999999999999998,True,0.8539241324208179,2.9439415675816205,0.29006150863323577
46,"demo_00 -7.5,+2.5 deg",10.700000000000001,122.39999999999999,0.10557135791784578,0.03888838816371963,4.468436940787495,-0.010000000000000009,True,1.12,False,9.725502186566934e-05,2.0,True,0.7039982748263225,2.65161482227211,0.2654979406937702
47,"demo_00 -7.5,+5 deg",10.700000000000001,124.89999999999999,0.11546220302069539,0.03870894707670019,5.254374101470577,-0.030000000000000027,True,1.11,False,8.150127145592114e-05,1.9999999999999998,True,0.7925390529117368,3.4683880323559872,0.2285035715491687
48,"demo_00 -7.5,+7.5 deg",10.700000000000001,127.39999999999999,0.13505687517867276,0.07097920086938951,6.365990511665621,-0.030000000000000027,True,1.11,False,7.23265447162955e-05,1.9999999999999998,True,1.0090031188565722,4.540546377596946,0.22222063931226277
49,"demo_00 -7.5,+10 deg",10.700000000000001,129.89999999999998,0.16089955621531024,0.10299490618922895,7.6484212526611675,-0.040000000000000036,True,1.1,False,8.360203695899315e-05,2.0,True,1.2845682208116167,5.723848330371508,0.22442387475494854
50,"demo_00 -7.5,+12.5 deg",10.700000000000001,132.4,0.19049361999493128,0.1336019337626556,9.02621960473659,-0.040000000000000036,True,1.1,False,0.00010291775159359893,2.0,True,1.574416692462751,6.971047485370299,0.22585080588919826
51,"demo_00 -7.5,+15 deg",10.700000000000001,134.9,0.22236038452171003,0.16244666391368065,10.414026680873526,-0.050000000000000044,True,1.1,False,0.00012967618740517898,2.0,True,1.8704559372390592,8.188533735092438,0.22842379328830403
52,"demo_00 -5,-15 deg",13.2,104.9,0.24267302230019522,0.2840388896762023,10.043290634475943,0.06999999999999984,True,1.21,False,0.0002597649797738181,2.0,True,3.6679967851636746,8.690804127997184,0.42205493659065735
53,"demo_00 -5,-12.5 deg",13.2,107.4,0.20901838282459284,0.2451809606833442,8.499446399507384,0.05999999999999983,True,1.2,False,0.00022685827835151995,2.0,True,3.116309776703205,7.432521381958587,0.41928029756733887
54,"demo_00 -5,-10 deg",13.2,109.89999999999999,0.17581817565081528,0.2050860279148491,6.98944717897023,0.039999999999999813,True,1.18,False,0.00019729111655987776,2.0,True,2.5828206542945984,6.165456649857062,0.4189179814206426
55,"demo_00 -5,-7.5 deg",13.2,112.39999999999999,0.14362182449361316,0.16410574473214298,5.5651862721855485,0.039999999999999813,True,1.17,False,0.00016619016473525233,2.0,True,2.026007651483626,4.957913960028026,0.40864114783310457
56,"demo_00 -5,-5 deg",13.2,114.9,0.11354658937060237,0.12278333608016631,4.235843016318003,0.020000000000000018,True,1.1500000000000001,False,0.00013854916830432546,1.9999999999999998,True,1.4915762719493244,3.75368464849518,0.3973632341617415
57,"demo_00 -5,-2.5 deg",13.2,117.4,0.0880868502493778,0.08231969590891476,3.189893417290074,0.010000000000000009,True,1.1400000000000001,False,0.00010898291430690333,2.0,True,0.972035160720395,2.6786179951776896,0.3628868179301221
58,"demo_00 -5,+0 deg",13.2,119.89999999999999,0.07259062351043971,0.04586190165146873,2.7653752647042595,-0.010000000000000009,True,1.12,False,8.422035744601073e-05,2.0,True,0.5729656282346713,1.8908796364316314,0.3030153888144578
59,"demo_00 -5,+2.5 deg",13.2,122.39999999999999,0.07388271860459328,0.019432441743150904,3.2136716570977297,-0.020000000000000018,True,1.11,False,6.040808452378992e-05,1.9999999999999998,True,0.48321358730710345,1.8423910691393575,0.26227525491253534
60,"demo_00 -5,+5 deg",13.2,124.89999999999999,0.09140983654258647,0.049232469916653504,4.2637365515978045,-0.020000000000000018,True,1.11,False,4.477257815058608e-05,1.9999999999999998,True,0.674767569860854,2.8962570253240454,0.23297917414127228
61,"demo_00 -5,+7.5 deg",13.2,127.39999999999999,0.11824984840672578,0.08435659322264526,5.582022429476075,-0.030000000000000027,True,1.1,False,5.519967149781338e-05,2.0,True,0.961673825376882,4.112408088240441,0.2338468859952927
62,"demo_00 -5,+10 deg",13.2,129.89999999999998,0.14952209012128378,0.11785825023632013,6.985055141933037,-0.040000000000000036,True,1.1,False,7.947571962275637e-05,2.0,True,1.2682135474975433,5.35504335643123,0.23682600925620162
63,"demo_00 -5,+12.5 deg",13.2,132.4,0.18299765034059995,0.1492127802163246,8.465882509735971,-0.050000000000000044,True,1.09,False,0.00011098183744426961,1.9999999999999998,True,1.5891234583932525,6.667287798282184,0.23834631209450527
64,"demo_00 -5,+15 deg",13.2,134.9,0.21767564145404888,0.17827917133354412,9.930598979020212,-0.06000000000000005,True,1.09,False,0.00014414541331127814,1.9999999999999998,True,1.9008857170943967,7.932950423380334,0.23961900877282988
65,"demo_00 -2.5,-15 deg",15.7,104.9,0.22656095918040456,0.28332831811151304,9.754158785163105,0.06999999999999984,True,1.21,False,0.00023711954497929863,2.0,True,3.5292311226609434,8.120902212103429,0.43458608791040004
66,"demo_00 -2.5,-12.5 deg",15.7,107.4,0.19162536240375347,0.24206736464912862,8.192855323948622,0.06999999999999984,True,1.2,False,0.00020218867235914157,2.0,True,2.971405494782337,6.938359574781361,0.4282576396850939
67,"demo_00 -2.5,-10 deg",15.7,109.89999999999999,0.156655708156109,0.19928457174920672,6.599387049068316,0.04999999999999982,True,1.18,False,0.0001691170874772467,2.0,True,2.4283205588145647,5.676262714408268,0.4278027076954469
68,"demo_00 -2.5,-7.5 deg",15.7,112.39999999999999,0.1218970141317664,0.15519142816198603,5.047727084480474,0.039999999999999813,True,1.16,False,0.00013703365424209428,2.0,True,1.8735130196437981,4.439265681005834,0.4220321905174425
69,"demo_00 -2.5,-5 deg",15.7,114.9,0.08793326496526216,0.11032796589911009,3.5126568688346063,0.030000000000000027,True,1.1500000000000001,False,0.00010452627327014293,1.9999999999999998,True,1.3007538383707804,3.145426020257325,0.4135382075412369
70,"demo_00 -2.5,-2.5 deg",15.7,117.4,0.056669314159837544,0.06566058769425452,2.11999741652352,0.010000000000000009,True,1.1300000000000001,False,7.395255970685249e-05,1.9999999999999998,True,0.7491666038440035,1.8929585974569376,0.39576491786479556
71,"demo_00 -2.5,+0 deg",15.7,119.89999999999999,0.036591104993857426,0.024645164238025187,1.3861103888419317,0.0,True,1.12,False,4.3364332391092515e-05,2.0,True,0.2859405538282323,0.8980090771678382,0.3184161063605707
72,"demo_00 -2.5,+2.5 deg",15.7,122.39999999999999,0.04636864584654545,0.025788317068873495,2.141745005493703,-0.010000000000000009,True,1.11,False,2.155137931594913e-05,1.9999999999999998,True,0.3383150789447619,1.3426102757979932,0.25198308477393494
73,"demo_00 -2.5,+5 deg",15.7,124.89999999999999,0.0753213607775981,0.06495097216576672,3.5287890847689365,-0.020000000000000018,True,1.1,False,3.6168016844533015e-05,2.0,True,0.6457436977409248,2.6081337614895856,0.2475884125560035
74,"demo_00 -2.5,+7.5 deg",15.7,127.39999999999999,0.10922803060690747,0.1020732126789625,5.02486752954713,-0.040000000000000036,True,1.09,False,6.734935372458212e-05,1.9999999999999998,True,0.9816599672747964,3.9123409319262543,0.2509137072549229
75,"demo_00 -2.5,+10 deg",15.7,129.89999999999998,0.14470161885669391,0.13638426123726105,6.573557785928262,-0.040000000000000036,True,1.09,False,0.00010154893155979068,1.9999999999999998,True,1.3123167279531998,5.26196166850563,0.24939686197408026
76,"demo_00 -2.5,+12.5 deg",15.7,132.4,0.18085164155792616,0.16791474124319225,8.099489038974284,-0.050000000000000044,True,1.09,False,0.0001367780084663313,1.9999999999999998,True,1.6372730183583,6.567441649231515,0.24930149452487094
77,"demo_00 -2.5,+15 deg",15.7,134.9,0.21735348833915413,0.19670674408648942,9.656983731997304,-0.050000000000000044,True,1.09,False,0.00017241067095071,1.9999999999999998,True,1.9544730824892282,7.921503102770436,0.24673007851321527
78,"demo_00 +0,-15 deg",18.2,104.9,0.21628833815167983,0.2829266012208261,9.70419060483818,0.08999999999999986,True,1.22,False,0.00021480896388417607,2.0,True,3.3770436297127953,7.5568923326608894,0.44688259155383386
79,"demo_00 +0,-12.5 deg",18.2,107.4,0.18084221007794507,0.23915295472975154,8.117891807552274,0.07999999999999985,True,1.2,False,0.00017708996870266342,2.0,True,2.842449137479562,6.377246175289189,0.44571732991798235
80,"demo_00 +0,-10 deg",18.2,109.89999999999999,0.14511562760167482,0.19349466541656948,6.48999788658303,0.05999999999999983,True,1.18,False,0.0001404197979171905,2.0,True,2.2930798578234506,5.122756451871138,0.4476261714503098
81,"demo_00 +0,-7.5 deg",18.2,112.39999999999999,0.10913862542304141,0.1461551451739425,4.885133140274324,0.04999999999999982,True,1.16,False,0.00010469619831219589,2.0,True,1.7297885113666451,3.8891417906546457,0.4447738355858391
82,"demo_00 +0,-5 deg",18.2,114.9,0.07293986026306684,0.09758463688894069,3.2537802623765506,0.030000000000000027,True,1.1400000000000001,False,6.974377904068115e-05,2.0,True,1.1541746819441225,2.6022551723041376,0.4435286340202262
83,"demo_00 +0,-2.5 deg",18.2,117.4,0.03654657456384735,0.04845440330937932,1.6252107138278693,0.020000000000000018,True,1.1300000000000001,False,3.552160083083338e-05,1.9999999999999998,True,0.5656828711006012,1.3056205598504806,0.4332674350390002
84,demo_00,18.2,119.89999999999999,1.5855542622282878e-05,2.2747454331109553e-05,0.0006897275216541464,0.0,True,1.11,False,2.773750289988472e-06,1.9999999999999998,True,0.0006984110326627252,0.0,nan
85,"demo_00 +0,+2.5 deg",18.2,122.39999999999999,0.03672172403615989,0.04516838169524419,1.6212842282189894,-0.010000000000000009,True,1.1,False,3.346225594329998e-05,2.0,True,0.3632795557221883,1.3499602816745566,0.26910388450211187
86,"demo_00 +0,+5 deg",18.2,124.89999999999999,0.0735493465847938,0.08671169572495423,3.223871505132076,-0.030000000000000027,True,1.09,False,6.826862125101731e-05,1.9999999999999998,True,0.7205898036104473,2.6929104496170755,0.267587733455048
87,"demo_00 +0,+7.5 deg",18.2,127.39999999999999,0.11047664209990787,0.12450837913635278,4.828631331898745,-0.030000000000000027,True,1.09,False,0.00010348879133824474,1.9999999999999998,True,1.0650221069067505,4.054850195212392,0.2626538726792507
88,"demo_00 +0,+10 deg",18.2,129.89999999999998,0.1474832633238767,0.15878153214623505,6.399900623585731,-0.050000000000000044,True,1.08,False,0.00013933294211417675,2.0,True,1.4082291885670384,5.376867912810926,0.26190511119155285
89,"demo_00 +0,+12.5 deg",18.2,132.4,0.18455009094897537,0.18978141602148774,7.986285424931736,-0.050000000000000044,True,1.08,False,0.00017529055912946916,2.0,True,1.735789905656105,6.735418744753007,0.25771076327040715
90,"demo_00 +0,+15 deg",18.2,134.9,0.22165915546775405,0.21778622802748485,9.524892086183524,-0.06000000000000005,True,1.08,False,0.00021138401423787627,2.0,True,2.053469879752867,8.028795054611413,0.25576314575042464
91,"demo_00 +2.5,-15 deg",20.7,104.9,0.21304255315574952,0.28320875876868795,9.855600147296313,0.09999999999999987,True,1.22,False,0.00019293670250316417,2.0,True,3.267941014084758,6.932563639303647,0.4713899769426439
92,"demo_00 +2.5,-12.5 deg",20.7,107.4,0.17827441891559573,0.2373307965181046,8.283756132847332,0.08999999999999986,True,1.2,False,0.00015154311165817768,2.0,True,2.732357548138548,5.754825556150323,0.4747941569173039
93,"demo_00 +2.5,-10 deg",20.7,109.89999999999999,0.14354197044893113,0.19043202470532103,6.6788201116966786,0.06999999999999984,True,1.18,False,0.00011113780496241571,2.0,True,2.1822526182206454,4.507387300457787,0.4841502344382538
94,"demo_00 +2.5,-7.5 deg",20.7,112.39999999999999,0.10918455941830259,0.1439420112804059,5.116537543974676,0.05999999999999983,True,1.16,False,7.175419107414594e-05,2.0,True,1.6191088359998995,3.2759776969961907,0.49423683118615025
95,"demo_00 +2.5,-5 deg",20.7,114.9,0.07609756482420585,0.09922458202021919,3.5695455720827636,0.040000000000000036,True,1.1400000000000001,False,3.3605108192660696e-05,2.0,True,1.0469768139402842,1.996431528752648,0.5244241031368732
96,"demo_00 +2.5,-2.5 deg",20.7,117.4,0.04757241078167318,0.06054907332066292,2.1614914550540556,0.020000000000000018,True,1.12,False,9.860934875836088e-06,2.0,True,0.486574637475042,0.7073414776894524,0.6878921324739071
97,"demo_00 +2.5,+0 deg",20.7,119.89999999999999,0.03715691975689113,0.04643681959055336,1.3931230751479258,0.010000000000000009,True,1.11,False,4.191992665492391e-05,1.9999999999999998,True,0.24491389467957714,0.5903960363225216,0.41482984236328024
98,"demo_00 +2.5,+2.5 deg",20.7,122.39999999999999,0.056379197484431244,0.0744388888252811,2.114491667648425,-0.020000000000000018,True,1.09,False,7.902060668633752e-05,1.9999999999999998,True,0.5521076380591726,1.8801197193375954,0.2936555754298941
99,"demo_00 +2.5,+5 deg",20.7,124.89999999999999,0.0876672745922955,0.11479912269446915,3.497098501683696,-0.030000000000000027,True,1.08,False,0.00011489593051096032,2.0,True,0.8871244891501917,3.181669085347461,0.27882361909843667
100,"demo_00 +2.5,+7.5 deg",20.7,127.39999999999999,0.12216212994702853,0.15179932062544693,4.99284324289375,-0.040000000000000036,True,1.08,False,0.0001498197375924495,2.0,True,1.2167984017262072,4.456120563634844,0.27306227117285814
101,"demo_00 +2.5,+10 deg",20.7,129.89999999999998,0.1578256468304275,0.18502044680026455,6.541703922544292,-0.050000000000000044,True,1.07,False,0.0001866548778992729,2.0,True,1.5527667854339067,5.776323540623945,0.268815757031882
102,"demo_00 +2.5,+12.5 deg",20.7,132.4,0.19404200164754407,0.21476149597490352,8.067543074471692,-0.06000000000000005,True,1.07,False,0.00022241797099470118,2.0,True,1.873023662523074,7.050747946832506,0.2656489320915968
103,"demo_00 +2.5,+15 deg",20.7,134.9,0.23056288575573486,0.2414399235563211,9.583094328357532,-0.07000000000000006,True,1.07,False,0.0002583883154729271,2.0,True,2.1843673168995585,8.311541876891955,0.26281132300766175
104,"demo_00 +5,-15 deg",23.2,104.9,0.21745836108351826,0.2862505406362784,10.247220617950257,0.11999999999999988,True,1.22,False,0.00017084241548214252,2.0,True,3.1770483504733242,6.303718035010635,0.5039959485541875
105,"demo_00 +5,-12.5 deg",23.2,107.4,0.1846357705110364,0.24185120251749304,8.679531811667822,0.09999999999999987,True,1.2,False,0.00012559111781015409,2.0,True,2.6451644728704635,5.0747277119413345,0.5212426405945152
106,"demo_00 +5,-10 deg",23.2,109.89999999999999,0.15268370063921052,0.19865735912841,7.145863033692889,0.07999999999999985,True,1.18,False,8.12418281443332e-05,2.0,True,2.102201289348585,3.833980455516702,0.5483077740586118
107,"demo_00 +5,-7.5 deg",23.2,112.39999999999999,0.12255785863438702,0.15800239975084487,5.698919598894346,0.06999999999999984,True,1.16,False,3.8191354394779996e-05,2.0,True,1.5533453423023895,2.603958954829355,0.5965321916543745
108,"demo_00 +5,-5 deg",23.2,114.9,0.09629564336352547,0.12257468245664863,4.3426906481393015,0.050000000000000044,True,1.1400000000000001,False,1.1284108996159582e-05,2.0,True,1.0162487527784678,1.3314368562388694,0.763272210782293
109,"demo_00 +5,-2.5 deg",23.2,117.4,0.07822882425133584,0.09836199499213732,3.262623494954258,0.030000000000000027,True,1.12,False,4.895268700437801e-05,2.0,True,0.5600295888692028,0.049527184991027776,nan
110,"demo_00 +5,+0 deg",23.2,119.89999999999999,0.07485801654503692,0.0949898695328561,2.780870531315401,0.0,True,1.1,False,8.993453328180296e-05,2.0,True,0.4921547178323117,1.2304911090449369,0.3999660901364046
111,"demo_00 +5,+2.5 deg",23.2,122.39999999999999,0.08809211013990441,0.11518952813730571,3.194305525013935,-0.010000000000000009,True,1.09,False,0.00012732216430157975,1.9999999999999998,True,0.7689132050522692,2.5177304823931896,0.30539933103617617
112,"demo_00 +5,+5 deg",23.2,124.89999999999999,0.11232971353039256,0.14908803837091414,4.213723251922444,-0.030000000000000027,True,1.08,False,0.0001648887589206662,2.0,True,1.0932187722712012,3.7798274251830413,0.28922451987824843
113,"demo_00 +5,+7.5 deg",23.2,127.39999999999999,0.1421245339725879,0.18367755952244635,5.52627162634439,-0.040000000000000036,True,1.07,False,0.00020268930186973172,2.0,True,1.416269390520884,5.068561153787403,0.2794223740326382
114,"demo_00 +5,+10 deg",23.2,129.89999999999998,0.17470266036545773,0.21485399656797424,6.926929800640132,-0.050000000000000044,True,1.07,False,0.0002378276515970773,2.0,True,1.7237367373430448,6.309209214827455,0.27320963351350613
115,"demo_00 +5,+12.5 deg",23.2,132.4,0.20879159322178373,0.24265944124906547,8.369756177969633,-0.07000000000000006,True,1.06,False,0.00027627635680199035,2.0,True,2.0433455120317507,7.533454409007347,0.2712361953884837
116,"demo_00 +5,+15 deg",23.2,134.9,0.2437704824265343,0.26743615518601904,9.869246048562353,-0.07000000000000006,True,1.06,False,0.00031203590244189926,2.0,True,2.345582267324271,8.819526418586488,0.2659533126836757
117,"demo_00 +7.5,-15 deg",25.7,104.9,0.2293820165672076,0.2967300272057591,10.774310485029714,0.1399999999999999,True,1.23,False,0.00015340454639390597,2.0,True,3.083965583898327,5.562520723070491,0.5544187136431897
118,"demo_00 +7.5,-12.5 deg",25.7,107.4,0.199398852760191,0.2562765493091021,9.27865094146027,0.11999999999999988,True,1.21,False,0.00010448479632306275,2.0,True,2.566828436666225,4.339819089031135,0.5914597783934974
119,"demo_00 +7.5,-10 deg",25.7,109.89999999999999,0.17120292284474395,0.21838829654815678,7.8807130840320205,0.09999999999999987,True,1.18,False,5.0818980165837465e-05,2.0,True,2.0600345020609776,3.1315453422783905,0.657833202747809
120,"demo_00 +7.5,-7.5 deg",25.7,112.39999999999999,0.14606200221000004,0.18477915273677314,6.543543240729228,0.07999999999999985,True,1.16,False,5.549384273173637e-06,2.0,True,1.5441344141427606,1.8760230911927496,0.8230892366900565
121,"demo_00 +7.5,-5 deg",25.7,114.9,0.12605184480352824,0.15832701952651324,5.384976636106458,0.050000000000000044,True,1.1300000000000001,False,5.0702104197028864e-05,1.9999999999999998,True,1.0802095121027506,0.6103677855520978,1.7697682244577595
122,"demo_00 +7.5,-2.5 deg",25.7,117.4,0.11412981121912762,0.14342097941384874,4.5409208639779335,0.030000000000000027,True,1.11,False,9.6921882041795e-05,1.9999999999999998,True,0.7497913754697676,0.6645621753617241,1.1282486474070734
123,"demo_00 +7.5,+0 deg",25.7,119.89999999999999,0.11307770730557538,0.14420042393802449,4.1821069037255505,0.0,True,1.09,False,0.0001424136377852206,1.9999999999999998,True,0.7455130351285397,1.9314785811357724,0.38598048272953345
124,"demo_00 +7.5,+2.5 deg",25.7,122.39999999999999,0.1233194539395992,0.1607614772192987,4.457065094145161,-0.010000000000000009,True,1.08,False,0.00018196413826529535,2.0,True,1.0034553732756009,3.211505148251083,0.3124564112319923
125,"demo_00 +7.5,+5 deg",25.7,124.89999999999999,0.1425415322687229,0.18860696303907398,5.221556844527589,-0.030000000000000027,True,1.07,False,0.00022145430354463485,2.0,True,1.3176660605176438,4.460410487854896,0.29541363157168454
126,"demo_00 +7.5,+7.5 deg",25.7,127.39999999999999,0.16775177617456885,0.21949865088716355,6.29730256191539,-0.050000000000000044,True,1.06,False,0.00026098639114150005,2.0,True,1.6363899372590647,5.693833919778704,0.2873968507537123
127,"demo_00 +7.5,+10 deg",25.7,129.89999999999998,0.19670399458863339,0.24779138190685665,7.539770720769057,-0.06000000000000005,True,1.06,False,0.0002960197147592475,2.0,True,1.9349688651184875,6.911025327211308,0.2799828930592667
128,"demo_00 +7.5,+12.5 deg",25.7,132.4,0.2280024490876703,0.27303943392634067,8.907312707367234,-0.06000000000000005,True,1.06,False,0.0003314161931127355,2.0,True,2.224897783616066,8.178860971562937,0.2720302730847007
129,"demo_00 +7.5,+15 deg",25.7,134.9,0.26081631526696875,0.2953900710531761,10.285147459106659,-0.07000000000000006,True,1.06,False,0.00036704740703624803,2.0,True,2.5122342615837057,9.37096411880275,0.2680870644401393
130,"demo_00 +10,-15 deg",28.200000000000003,104.9,0.24798492816293383,0.31507443404429414,11.458032192269297,0.1499999999999999,True,1.23,False,0.0001329682215779298,2.0,True,3.0388888464611683,4.769092664657462,0.6372048228338283
131,"demo_00 +10,-12.5 deg",28.200000000000003,107.4,0.2211644441845798,0.27924886463528553,10.093668181479527,0.1399999999999999,True,1.21,False,8.01577065252612e-05,2.0,True,2.5396162121237533,3.582040881979665,0.7089858256224588
132,"demo_00 +10,-10 deg",28.200000000000003,109.89999999999999,0.19677343113556625,0.24693952050165746,8.76397208228816,0.11999999999999988,True,1.19,False,2.7771578388362936e-05,2.0,True,2.0472741441399367,2.3436148542106263,0.8735540058818655
133,"demo_00 +10,-7.5 deg",28.200000000000003,112.39999999999999,0.17601442163155556,0.2198601100272655,7.567016690607945,0.08999999999999986,True,1.16,False,3.202335341024029e-05,2.0,True,1.594646827339344,1.094528654425864,1.4569256098423642
134,"demo_00 +10,-5 deg",28.200000000000003,114.9,0.1604862386041922,0.20035393004283408,6.57422541586602,0.06000000000000005,True,1.1300000000000001,False,9.10844972723868e-05,1.9999999999999998,True,1.2098121022600514,0.16468781077512382,nan
135,"demo_00 +10,-2.5 deg",28.200000000000003,117.4,0.15196891590377412,0.1910375257162598,5.887383943592048,0.040000000000000036,True,1.11,False,0.00014201321421676677,1.9999999999999998,True,0.979673578021252,1.432586354651375,0.6838495807533076
136,"demo_00 +10,+0 deg",28.200000000000003,119.89999999999999,0.15179057158574938,0.19376303286803254,5.5908352470114755,0.010000000000000009,True,1.09,False,0.0001920873237282229,1.9999999999999998,True,1.0009938496787858,2.686001826844875,0.3726705766446213
137,"demo_00 +10,+2.5 deg",28.200000000000003,122.39999999999999,0.16009218349307575,0.20808732986957493,5.763539434799547,-0.020000000000000018,True,1.07,False,0.00024132111302789693,2.0,True,1.2470168659306966,3.9256849915608307,0.3176558660746973
138,"demo_00 +10,+5 deg",28.200000000000003,124.89999999999999,0.17576005490650712,0.23152384492775066,6.380853212023752,-0.030000000000000027,True,1.06,False,0.00028290260007154673,2.0,True,1.5513568482456628,5.194264115654449,0.2986673017974174
139,"demo_00 +10,+7.5 deg",28.200000000000003,127.39999999999999,0.1971044599021397,0.25829436469548056,7.275307654723386,-0.040000000000000036,True,1.06,False,0.00031776113323744317,2.0,True,1.849323834767838,6.414062478601573,0.2883233272107192
140,"demo_00 +10,+10 deg",28.200000000000003,129.89999999999998,0.22253762465498408,0.2831852157675594,8.364845414160056,-0.06000000000000005,True,1.05,False,0.0003593897137446166,2.0,True,2.158525839539566,7.617615021782961,0.28335979612610385
141,"demo_00 +10,+12.5 deg",28.200000000000003,132.4,0.25084350596795296,0.3053579336187797,9.572985129277468,-0.07000000000000006,True,1.05,False,0.00039476624198039363,2.0,True,2.441454366403181,8.804187100211541,0.2773060520652178
142,"demo_00 +10,+15 deg",28.200000000000003,134.9,0.28116883787322305,0.3249912508626011,10.851288674113375,-0.08000000000000007,True,1.05,False,0.00043037463558575397,2.0,True,2.71535399491924,9.97297993755837,0.2722710776438226
143,"demo_00 +12.5,-15 deg",30.7,104.9,0.27211646499958225,0.34018124399625793,12.33140754543051,0.17999999999999994,True,1.24,False,0.00012034094922861397,2.0,True,2.99854646044272,3.9579765236116633,0.7575958175988723
144,"demo_00 +12.5,-12.5 deg",30.7,107.4,0.24832989784220483,0.3089533026068189,11.055417745658946,0.16999999999999993,True,1.22,False,6.49396092058059e-05,2.0,True,2.528976526672976,2.7596798603089296,0.9164021389023986
145,"demo_00 +12.5,-10 deg",30.7,109.89999999999999,0.2272755307134556,0.2817893699232638,9.827989814441395,0.1399999999999999,True,1.19,False,1.4878877053330492e-05,2.0,True,2.0932481383526906,1.516706683541626,1.3801271933903503
146,"demo_00 +12.5,-7.5 deg",30.7,112.39999999999999,0.20993563333907703,0.26014016492384234,8.750971542763399,0.10999999999999988,True,1.16,False,6.79837994061886e-05,2.0,True,1.695180479636906,0.26330498336686575,6.438087338723068
147,"demo_00 +12.5,-5 deg",30.7,114.9,0.19743991340447362,0.2456254106812508,7.848007898899392,0.07000000000000006,True,1.1300000000000001,False,0.00013266302174269262,1.9999999999999998,True,1.4009573986086932,0.9911850700444864,1.4134165666416014
148,"demo_00 +12.5,-2.5 deg",30.7,117.4,0.19087586380469615,0.23981965430353233,7.268793546620032,0.040000000000000036,True,1.1,False,0.0001974507625236696,2.0,True,1.2398714630869796,2.2526435050616405,0.5504073149173474
149,"demo_00 +12.5,+0 deg",30.7,119.89999999999999,0.1909705989164536,0.2434948832508254,7.007299666949725,0.010000000000000009,True,1.08,False,0.00025193558103710017,2.0,True,1.2729037113352815,3.4923037600663442,0.3644882572617623
150,"demo_00 +12.5,+2.5 deg",30.7,122.39999999999999,0.19780748591700947,0.2562240906143525,7.125530510976848,-0.020000000000000018,True,1.06,False,0.00030546857650251915,2.0,True,1.4989491119563239,4.7180863712175976,0.31770277057676877
151,"demo_00 +12.5,+5 deg",30.7,124.89999999999999,0.2108033133381042,0.2763305586551031,7.59275553407206,-0.040000000000000036,True,1.05,False,0.0003492189213784491,2.0,True,1.7927303773006087,5.929263764800514,0.30235294775437
152,"demo_00 +12.5,+7.5 deg",30.7,127.39999999999999,0.22896462258267578,0.29908390867953794,8.338745582185023,-0.050000000000000044,True,1.05,False,0.0003842154615206672,2.0,True,2.083314504364911,7.125109482887996,0.2923905252780043
153,"demo_00 +12.5,+10 deg",30.7,129.89999999999998,0.25121058005562996,0.3202176102240726,9.286026354598734,-0.07000000000000006,True,1.04,False,0.00042778804426949873,2.0,True,2.3893765610187585,8.304952561329905,0.28770502219896343
154,"demo_00 +12.5,+12.5 deg",30.7,132.4,0.2765813972993794,0.33895372569736215,10.37017797863386,-0.08000000000000007,True,1.04,False,0.0004631933742056221,2.0,True,2.6680418791255662,9.467983691238246,0.2817962056266104
155,"demo_00 +12.5,+15 deg",30.7,134.9,0.3043102109672418,0.35555178692698025,11.544289213411998,-0.09000000000000008,True,1.04,False,0.0004988195902047378,2.0,True,2.9356082098436436,10.613412350526854,0.27659419165956733
156,"demo_00 +15,-15 deg",33.199999999999996,104.9,0.300630380213711,0.37072152017486426,13.325844784587748,0.20999999999999996,True,1.25,False,0.00011112710290482937,2.0,True,2.9874711981841338,3.0830208578634846,0.9690077803282958
157,"demo_00 +15,-12.5 deg",33.199999999999996,107.4,0.2795174927997496,0.34372535941385296,12.137479562738116,0.19999999999999996,True,1.23,False,5.525189813016517e-05,2.0,True,2.5533843546858863,1.8724277575672243,1.3636757649883398
158,"demo_00 +15,-10 deg",33.199999999999996,109.89999999999999,0.26118891978713193,0.32103096050773194,11.00436796469945,0.16999999999999993,True,1.2,False,3.353665827683972e-05,2.0,True,2.1641459113438066,0.6247274958728081,3.4641438477432054
159,"demo_00 +15,-7.5 deg",33.199999999999996,112.39999999999999,0.2464017249034633,0.30360040632170077,9.982015018479432,0.11999999999999988,True,1.16,False,0.00010495653740338377,2.0,True,1.8515239625613316,0.6276785256171862,2.9497965710086356
160,"demo_00 +15,-5 deg",33.199999999999996,114.9,0.23594714615956985,0.2927053110871348,9.218370236597616,0.08000000000000007,True,1.12,False,0.00018646910494833933,2.0,True,1.631191716604222,1.8845069184258154,0.8655801157614241
161,"demo_00 +15,-2.5 deg",33.199999999999996,117.4,0.2305266290272933,0.28915600942556174,8.672506112751657,0.040000000000000036,True,1.09,False,0.00025770806642985125,1.9999999999999998,True,1.5170832700499568,3.1231814216714904,0.48574932583904507
162,"demo_00 +15,+0 deg",33.199999999999996,119.89999999999999,0.2305912418204575,0.29330509223256884,8.431765739197456,0.010000000000000009,True,1.07,False,0.0003166223733464332,2.0,True,1.5565979199497295,4.348695644200389,0.3579459330582669
163,"demo_00 +15,+2.5 deg",33.199999999999996,122.39999999999999,0.23621575698507705,0.30478030137218426,8.471139199849938,-0.030000000000000027,True,1.05,False,0.0003744996069504582,2.0,True,1.7637557444218572,5.513385272396162,0.3199043160020839
164,"demo_00 +15,+5 deg",33.199999999999996,124.89999999999999,0.2470837823607258,0.32210083579448234,8.84741012506895,-0.040000000000000036,True,1.05,False,0.00040966764408593536,2.0,True,2.0224973503026957,6.700443578972736,0.3018452922504528
165,"demo_00 +15,+7.5 deg",33.199999999999996,127.39999999999999,0.26259311362541493,0.3408684999228818,9.475674559394742,-0.06000000000000005,True,1.04,False,0.00045558301811626377,2.0,True,2.3238772399644176,7.872313936761244,0.2951962102416467
166,"demo_00 +15,+10 deg",33.199999999999996,129.89999999999998,0.28201396233527043,0.35804951899642945,10.300333297543387,-0.07000000000000006,True,1.04,False,0.0004910533467778484,2.0,True,2.6040942772958124,9.028289614813424,0.28843716677221676
167,"demo_00 +15,+12.5 deg",33.199999999999996,132.4,0.30462291703871214,0.3731953567886497,11.26963183920071,-0.08000000000000007,True,1.04,False,0.0005267761267571645,2.0,True,2.8767689044952784,10.167635263933715,0.28293392021049907
168,"demo_00 +15,+15 deg",33.199999999999996,134.9,0.3297794529527836,0.38650774653709147,12.341619674755126,-0.09000000000000008,True,1.04,False,0.0005626571431763855,2.0,True,3.139095788426539,11.289608751464488,0.278051778191103
